name,title,visits,visit_90_days,downloads,download_90_days,resources,type,organization_name,metadata_created,metadata_modified,year_created,year_modified
ecole-whitehorse-elementary-school-project,École Whitehorse Elementary School project / Projet de remplacement de l’École élémentaire de Whitehorse,346,346,317,317,3,information,education,2025-09-05T17:38:13.469311,2026-06-04T20:10:34.749948,2025,2026
school-calendars,School Calendars,217,389,165,300,1,information,education,2026-03-31T21:55:22.708501,2026-04-01T17:07:20.790446,2026,2026
hunting-permits,Hunting Permits,143,191,160,282,7,information,environment,2020-03-30T19:49:22,2026-04-15T16:00:31.619462,2020,2026
yukon-liquor-corporation-wholesale-liquor-price-lists,Yukon Liquor Corporation Wholesale liquor price lists,98,98,93,93,47,data,yukon-liquor-corporation,2026-05-04T15:53:03.811585,2026-06-10T21:26:44.464000,2026,2026
first-nations-traditional-territories,First Nations Traditional Territories,53,122,56,128,12,information,executive-council-office,2020-03-30T19:52:52,2025-12-09T22:43:24.982936,2020,2025
yukon-liquor-corporation-retail-liquor-price-lists,Yukon Liquor Corporation retail liquor price lists,50,50,56,56,8,data,yukon-liquor-corporation,2026-05-29T20:32:15.556148,2026-06-10T21:26:51.731880,2026,2026
2025-2026-respiratory-surveillance-reports,2025-26 Respiratory Surveillance Reports,41,73,0,0,19,information,health-and-social-services,2025-08-26T15:50:30.409197,2026-06-08T23:42:08.136296,2025,2026
medical-travel,Medical travel,38,157,42,124,15,information,health-and-social-services,2020-10-29T14:05:46,2025-06-25T20:54:28,2020,2025
2025-wildland-fire-management-bulletins,2025 Wildland fire management bulletins,30,35,2,2,94,information,community-services,2026-03-25T16:51:26.847084,2026-04-20T21:49:41.830018,2026,2026
general-administration-manual-gam-volume-1,General Administration Manual (GAM): Volume 1,28,41,14,19,31,information,executive-council-office,2025-09-23T18:33:56.657304,2025-10-30T17:48:27.308471,2025,2025
yukon-land-titles-registry-yltr,Yukon Land Titles Registry (YLTR),25,60,11,28,15,information,justice,2021-11-18T09:35:40,2024-04-26T15:43:04,2021,2024
parks-and-protected-areas,Parks and Protected Areas,25,62,8,25,15,information,environment,2020-03-30T19:49:22,2020-03-30T19:49:22,2020,2020
2025-fall-session-briefing-note-binders,2025 Fall Session - Briefing Note Binders,20,34,10,14,18,information,executive-council-office,2026-02-17T23:38:20.325723,2026-02-19T17:57:43.547529,2026,2026
human-wildlife-conflict,Human-wildlife conflict,19,19,9,9,8,data,environment,2026-06-01T20:43:22.638129,2026-06-01T23:14:25.084366,2026,2026
financial-administration-manual,Financial Administration Manual,18,35,17,35,11,information,finance,2024-09-26T09:07:27,2025-09-24T19:10:19.689052,2024,2025
general-administration-manual-volume-3,General Administration Manual (GAM): Volume 3,18,38,5,9,51,information,public-service-commission,2025-10-29T21:33:49.071480,2025-10-30T17:47:33.054600,2025,2025
the-whitehorse-copper-belt-an-annotated-geology-map,The Whitehorse Copper Belt - An annotated geology map,18,18,5,5,3,information,yukon-geological-survey,2011-04-04T03:04:28,2011-04-04T03:04:28,2011,2011
water-wells,Water wells,18,39,0,1,5,data,geomatics-yukon,2019-10-08T19:08:59,2026-01-21T21:35:50.050822,2019,2026
general-administration-manual-volume-2,General Administration Manual (GAM): Volume 2,16,38,9,17,26,information,highways-and-public-works,2024-11-21T16:39:09,2025-10-30T17:48:45.033526,2024,2025
hunting-maps,Hunting maps,16,44,9,23,15,information,environment,2020-07-09T11:04:55,2020-07-09T11:04:55,2020,2020
list-of-registered-yukon-societies,List of registered Yukon societies,15,67,11,45,2,data,community-services,2023-11-01T15:41:40,2025-08-07T20:18:53.647297,2023,2025
outfitting-concessions,Outfitting Concessions,14,57,14,54,17,information,environment,2020-03-30T19:48:02,2020-03-30T19:48:02,2020,2020
department-of-education-policies,Department of Education Policies,14,48,4,20,61,information,education,2025-04-30T12:39:59,2026-04-13T20:10:42.903475,2025,2026
morel-mushroom-areas,Morel Mushroom Areas,14,14,0,0,3,data,geomatics-yukon,2024-02-27T20:43:09,2024-04-05T16:28:20,2024,2024
surficial-geology-map-index,Surficial Geology Map Index,14,23,0,0,3,data,geomatics-yukon,2023-05-29T22:33:00,2023-09-26T23:25:31,2023,2023
yukon-liquor-corporation-special-order-liquor-price-lists,Yukon Liquor Corporation special order liquor price lists,13,13,8,8,48,data,yukon-liquor-corporation,2026-05-28T20:38:03.353427,2026-06-10T21:26:49.022598,2026,2026
inclusive-education-guidelines,Inclusive Education Guidelines,12,41,5,20,1,information,education,2026-03-26T18:11:57.875337,2026-03-30T22:01:41.887442,2026,2026
registered-trapping-concessions,Registered Trapping Concessions,12,43,0,19,47,information,environment,2020-03-30T19:47:26,2020-03-30T19:47:26,2020,2020
weight-restrictions-histories,Weight restrictions histories,11,70,11,76,8,information,highways-and-public-works,2021-02-02T00:00:00,2026-02-05T19:07:06.222707,2021,2026
yukon-liquor-corporation-maximum-off-sales-liquor-price-lists,Yukon Liquor Corporation maximum off-sales liquor price lists,11,11,7,7,46,data,yukon-liquor-corporation,2026-05-28T20:36:54.176943,2026-06-10T21:26:41.117248,2026,2026
highway-kilometre-posts,Highway Kilometre Posts,11,24,0,4,3,data,geomatics-yukon,2016-06-14T19:51:45,2021-01-03T21:55:51,2016,2021
clinton-creek-mine-site-reports,Clinton Creek mine site reports,9,31,9,29,31,information,energy-mines-and-resources,2023-02-03T10:42:21,2023-10-05T12:05:15,2023,2023
placer-gold-deposits-of-the-mayo-area-central-yukon,"Placer gold deposits of the Mayo area, central Yukon",9,9,4,4,4,information,yukon-geological-survey,2011-04-04T03:04:24,2011-04-04T03:04:24,2011,2011
gravel-pits-25k,Gravel Pits - 25k,9,14,1,3,3,data,geomatics-yukon,2016-06-14T19:49:40,2021-01-03T21:55:06,2016,2021
health-and-social-services-operational-policies,Health and Social Services operational policies,9,9,0,0,4,information,health-and-social-services,2025-04-30T14:08:06,2026-06-05T20:33:12.450148,2025,2026
chief-medical-officer-of-health-and-population-and-public-health-reports,Chief Medical Officer of Health and Population and Public Health reports,9,18,0,0,10,information,health-and-social-services,2021-06-23T17:31:08,2026-05-12T18:53:39.296059,2021,2026
fire-history,Fire history,9,29,0,1,3,data,geomatics-yukon,2016-06-01T21:26:30,2021-01-03T18:05:13,2016,2021
yukon-health-status-reports,Yukon Health Status Reports,8,70,7,53,11,information,health-and-social-services,2026-03-17T20:35:39.647260,2026-03-23T20:15:18.357452,2026,2026
disability-services-policies,Disability Services policies,8,8,0,0,22,information,health-and-social-services,2026-05-12T18:25:18.779698,2026-05-12T18:30:51.296288,2026,2026
substance-use-surveillance-reports,Substance Use Surveillance Reports,8,22,0,0,6,information,health-and-social-services,2024-11-20T10:58:37,2026-03-06T22:05:12.566519,2024,2026
ng911-municipal-boundary-whitehorse,NG911 Municipal Boundary - Whitehorse,8,17,0,1,3,data,geomatics-yukon,2022-10-13T18:33:42,2023-09-07T22:56:44,2022,2023
lots-for-sale-surveyed,Lots For Sale - Surveyed,8,21,0,2,3,data,geomatics-yukon,2016-06-14T17:56:39,2021-01-03T21:34:49,2016,2021
yec-power-distribution-lines,YEC Power distribution lines,8,17,0,0,3,data,geomatics-yukon,2019-11-21T21:41:36,2021-01-03T18:12:32,2019,2021
information-notes-47-notification-of-acceptance,Information Notes - 47 Notification of Acceptance,7,21,12,25,1,information,atipp-office,2021-03-05T15:02:48,2022-01-11T19:30:41,2021,2022
department-of-education-off-site-experiential-learning-policy,Department of Education Off-Site Experiential Learning Policy,7,34,4,18,39,information,education,2025-04-30T12:44:35,2025-06-28T06:26:56,2025,2025
fetal-alcohol-spectrum-disorder-in-yukon-corrections-final-report,Fetal Alcohol Spectrum Disorder in Yukon Corrections,7,7,3,3,2,information,justice,2026-06-03T16:24:45.535767,2026-06-04T19:30:54.239670,2026,2026
geology-of-whitehorse-alligator-lake-fenwick-creek-carcross-and-part-of-robinson-map-areas-105d,"Geology of Whitehorse, Alligator Lake, Fenwick Creek Carcross and Part of Robinson Map Areas (105D/11, 6, 3, 2 & 7)",7,7,1,1,6,information,yukon-geological-survey,2011-04-04T03:04:31,2011-04-04T03:04:31,2011,2011
plans-and-reports-caribou,Plans and Reports - Caribou,7,16,0,0,7,information,environment,2020-07-08T16:03:54,2026-01-14T20:51:40.769528,2020,2026
yukon-road-network,Yukon road network,7,20,0,1,3,data,geomatics-yukon,2021-12-14T15:52:43,2025-08-07T20:18:54.204870,2021,2025
first-nation-settlement-lands-250k,First Nation Settlement Lands - 250k,7,15,0,0,3,data,geomatics-yukon,2016-06-09T20:24:06,2021-01-03T20:47:12,2016,2021
2025-spring-sitting-of-the-first-session-briefing-note-binders,2025 Spring Sitting of the First Session - Briefing Note Binders,6,24,2,7,19,information,executive-council-office,2025-06-13T10:13:13,2026-02-19T17:57:25.161813,2025,2026
25-040,25-040,6,11,2,8,1,access-requests,health-and-social-services,2026-01-26T03:20:59.365285,2026-01-26T03:21:18.606449,2026,2026
department-of-education-response-to-yukon-child-and-youth-advocate-office-reports,Department of Education response to Yukon Child and Youth Advocate Office reports,6,13,0,0,3,information,education,2026-01-14T16:24:58.854019,2026-01-14T16:50:49.156533,2026,2026
yukon-aerial-imagery,Yukon Aerial Imagery,6,10,0,0,3,data,geomatics-yukon,2025-05-28T22:01:19,2025-10-30T23:43:39.260025,2025,2025
yukon-snow-survey-network,Yukon Snow Survey Network,6,37,0,0,2,data,environment,2018-04-10T09:13:25,2025-10-15T18:19:04.956012,2018,2025
land-dispositions,Land Dispositions,6,12,0,0,3,data,geomatics-yukon,2016-06-14T17:47:02,2021-01-03T20:54:18,2016,2021
yukon-communities,Yukon Communities,6,11,0,0,3,data,geomatics-yukon,2016-06-14T20:30:17,2021-01-03T18:16:14,2016,2021
watercourses-1m,Watercourses - 1M,6,20,0,0,3,data,geomatics-yukon,2016-06-10T17:30:08,2021-01-03T17:43:28,2016,2021
aishihik-wood-bison-areas-of-concentration,Aishihik Wood Bison - Areas of concentration,6,19,0,21,23,information,environment,2020-03-30T19:52:52,2020-03-30T19:52:52,2020,2020
25-143,25-143,5,6,7,7,2,access-requests,health-and-social-services,2026-03-27T03:37:03.566767,2026-03-27T03:37:48.980324,2026,2026
legislative-oversight-committee,Legislative Oversight Committee,5,5,5,5,1,information,executive-council-office,2026-02-23T23:23:44.083450,2026-02-23T23:25:31.203279,2026,2026
yukon-bathymetry-maps-and-data,Yukon Bathymetry Maps and Data,5,12,4,4,1,information,environment,2023-03-07T13:10:27,2023-03-08T16:49:28,2023,2023
31-privacy-breach-reporting-form-for-employees-mpb,31 Privacy Breach Reporting Form for Employees MPB,5,6,2,2,1,information,atipp-office,2021-03-05T15:02:16,2022-01-12T16:53:27,2021,2022
yukon-placer-mining-2024-development-and-exploration-overview,Yukon placer mining 2024 development and exploration overview,5,13,1,3,2,information,yukon-geological-survey,2025-01-18T01:01:14,2025-01-20T07:01:42,2025,2025
open-government-portal-metrics,Open government portal metrics,5,9,0,0,8,data,highways-and-public-works,2026-03-10T20:30:35.841138,2026-06-04T22:20:11.476619,2026,2026
plans-and-reports-moose,Plans and Reports - Moose,5,22,0,3,38,information,environment,2020-07-08T17:38:35,2026-03-25T17:54:23.703960,2020,2026
geochronology-1,Geochronology,5,7,0,0,4,data,yukon-geological-survey,2018-09-04T03:09:59,2025-07-11T09:07:20,2018,2025
mineral-occurrences,Mineral Occurrences,5,5,0,0,5,data,yukon-geological-survey,2019-07-15T02:07:40,2025-07-11T09:07:06,2019,2025
yukon-corrections-adult-custody-policy-manual-for-the-whitehorse-correctional-centre-wcc,Yukon Corrections: Adult Custody Policy Manual for the Whitehorse Correctional Centre (WCC),5,29,0,22,24,information,justice,2020-08-21T15:13:53,2025-05-24T03:50:12,2020,2025
plexia-2-0,Plexia 2.0,5,11,0,0,0,pia-summaries,health-and-social-services,2025-02-13T11:56:29,2025-03-12T10:35:59,2025,2025
water-well-capture-zones,Water well capture zones,5,5,0,0,3,data,geomatics-yukon,2019-10-08T19:15:08,2024-12-23T17:15:03,2019,2024
yukon-active-living-strategy,Yukon Active Living Strategy,5,5,0,0,1,information,community-services,2022-01-24T10:28:42,2022-01-24T10:31:04,2022,2022
bioclimate-zones-and-subzones,Bioclimate zones and subzones,5,15,0,0,3,data,geomatics-yukon,2020-04-15T23:03:29,2021-09-20T17:46:00,2020,2021
outfitting-concessions-250k,Outfitting Concessions - 250k,5,5,0,0,3,data,geomatics-yukon,2016-06-09T17:21:49,2021-04-09T19:17:46,2016,2021
administrative-boundaries,Administrative Boundaries,5,12,0,0,46,information,environment,2020-03-30T19:48:35,2020-03-30T19:48:35,2020,2020
designated-access-officer-toolkit-for-ministerial-public-bodies,Designated Access Officer Toolkit for Ministerial Public Bodies,4,4,6,6,1,information,atipp-office,2021-03-05T15:02:34,2022-01-01T11:39:01,2021,2022
plans-and-reports-hunting,Plans and Reports - Hunting,4,16,3,3,8,information,environment,2020-07-08T16:27:20,2020-07-08T16:27:20,2020,2020
a-regional-characterization-of-landslides-in-the-alaska-highway-corridor-yukon,"A regional characterization of landslides in the Alaska Highway corridor, Yukon",4,4,3,3,3,information,yukon-geological-survey,2011-04-04T03:04:29,2011-04-04T03:04:29,2011,2011
geology-and-bedrock-mapping-updates-at-the-coffee-project-gold-deposit-implications-for-deposit,Geology and bedrock mapping updates at the Coffee Project gold deposit: implications for deposit classification,4,4,2,2,3,information,yukon-geological-survey,2025-06-05T08:06:13,2025-06-05T08:06:27,2025,2025
active-transportation-design-guide-for-yukon-highways,Active Transportation Design Guide for Yukon Highways,4,16,2,10,1,information,highways-and-public-works,2025-04-10T09:49:49,2025-04-10T09:52:14,2025,2025
southern-lakes-flood-hazard-maps,Southern Lakes flood hazard maps,4,4,1,1,32,data,geomatics-yukon,2024-12-12T09:55:51,2024-12-12T09:58:34,2024,2024
plans-and-reports-climate-change,Plans and Reports - Climate Change,4,11,0,0,35,information,environment,2020-07-08T15:34:14,2026-06-08T18:48:57.339112,2020,2026
annual-tourism-indicator-reports,Annual tourism indicator reports,4,5,0,0,10,information,economic-development-tourism-and-culture,2025-03-21T16:07:08,2026-06-04T22:40:44.593445,2025,2026
yukon-tourism-indicators,Yukon tourism indicators,4,14,0,10,21,data,economic-development-tourism-and-culture,2025-03-21T16:17:31,2026-06-04T22:40:42.706586,2025,2026
cancer-surveillance-reports,Cancer Surveillance Reports,4,4,0,0,4,information,health-and-social-services,2026-04-16T18:54:08.366263,2026-04-23T23:16:06.982527,2026,2026
caribou-herd-ranges-250k,Caribou Herd Ranges - 250k,4,8,0,0,3,data,geomatics-yukon,2026-03-09T18:27:09.354624,2026-04-09T16:51:32.882237,2026,2026
25-0114,25-0114,4,8,0,2,2,access-requests,energy-mines-and-resources,2026-01-12T03:42:55.400730,2026-03-18T17:46:47.279544,2026,2026
news-releases-2021,News releases 2021,4,13,0,0,495,information,executive-council-office,2026-02-25T18:27:40.900624,2026-02-25T20:26:50.955645,2026,2026
plans-and-reports-fisheries-research,​Plans and Reports - Fisheries Research,4,14,0,0,13,information,environment,2020-07-08T15:39:51,2026-01-26T21:03:09.964912,2020,2026
surface-disturbance-linear-features,Surface disturbance linear features,4,8,0,2,3,data,geomatics-yukon,2022-10-11T19:27:28,2025-07-14T17:39:06,2022,2025
historical-covid-19-dashboard-data,Historical COVID-19 Dashboard Data,4,9,0,0,10,information,health-and-social-services,2022-11-10T12:58:16,2025-06-25T20:53:42,2022,2025
glacial-limits-1m,Glacial limits - 1M,4,12,0,0,3,data,geomatics-yukon,2016-06-09T21:27:39,2024-11-28T21:18:29,2016,2024
ng911-subdivisions-whitehorse,NG911 Subdivisions - Whitehorse,4,13,0,0,3,data,geomatics-yukon,2022-10-13T18:45:13,2023-09-07T23:13:00,2022,2023
water-licences,Water Licences,4,27,0,0,3,data,geomatics-yukon,2016-06-09T20:48:32,2023-03-13T23:13:39,2016,2023
geomorphic-assessment-of-tsalnjik-chu-nordenskiold-river-near-carmacks-klondike-region-yukon,"Geomorphic assessment of Tsälnjik Chú (Nordenskiold River) near Carmacks, Klondike region, Yukon",4,4,0,0,2,information,yukon-geological-survey,2023-01-19T01:01:22,2023-01-19T01:01:22,2023,2023
utm-zones,UTM Zones,4,12,0,0,3,data,geomatics-yukon,2016-06-14T20:46:21,2021-01-03T17:40:44,2016,2021
volcanic-associated-massive-sulphide-vms-mineralization-in-the-yukon-tanana-terrane-and-coeval-,"Volcanic-associated massive sulphide (VMS) mineralization in the Yukon-Tanana Terrane and coeval strata of the North American miogeocline, in the Yukon and adjacent areas",4,4,0,0,3,information,yukon-geological-survey,2011-04-04T03:04:23,2011-04-04T03:04:23,2011,2011
yukon-placer-mining-industry-2021-to-2023,Yukon Placer Mining Industry 2021 to 2023,3,3,3,5,2,information,yukon-geological-survey,2025-05-09T10:05:42,2025-05-09T10:05:27,2025,2025
pia-template,PIA Template,3,3,3,3,1,information,atipp-office,2021-08-04T08:49:44,2021-12-01T00:38:02,2021,2021
atipp-interpretation-manual-chapter-3,ATIPP Interpretation Manual Chapter 3,3,3,3,3,1,information,atipp-office,2021-03-05T15:02:22,2021-07-06T17:59:28,2021,2021
21-0351,21-0351,3,3,2,2,2,access-requests,economic-development-tourism-and-culture,2021-12-15T12:01:11,2026-06-04T22:41:29.283563,2021,2026
surficial-geology-of-whitehorse-nts-105d-11-yukon-1-50-000-scale,"Surficial Geology of Whitehorse (NTS 105D/11), Yukon (1:50 000 scale)",3,7,2,5,2,information,yukon-geological-survey,2011-04-04T03:04:36,2011-04-04T03:04:36,2011,2011
preliminary-observations-from-four-reduced-intrusion-related-gold-deposits-selwyn-basin-yukon,"Preliminary observations from four reduced intrusion-related gold deposits, Selwyn basin, Yukon",3,3,1,5,3,information,yukon-geological-survey,2025-04-17T10:04:18,2025-04-22T09:04:18,2025,2025
land-parcels-polygon-surveyed,Land Parcels Polygon - Surveyed,3,3,1,1,3,data,geomatics-yukon,2016-06-14T18:37:08,2023-12-18T18:11:10,2016,2023
faults,Faults,3,3,1,1,3,data,geomatics-yukon,2016-06-09T21:17:26,2023-10-10T17:35:59,2016,2023
demographic-statistics,Demographic statistics,3,3,0,0,3,data,yukon-bureau-of-statistics,2026-05-20T22:59:20.226987,2026-05-20T23:18:42.421830,2026,2026
annual-report-for-apr-2024-mar-2025,ATIPP Annual Report Apr 2024 - Mar 2025,3,3,0,0,1,information,atipp-office,2026-03-06T00:27:27.754753,2026-04-10T16:00:02.341687,2026,2026
cdc-species-of-conservation-concern,CDC Species of Conservation Concern,3,3,0,0,3,data,geomatics-yukon,2016-06-10T18:38:22,2025-07-14T20:52:11,2016,2025
2024-fall-sitting-briefing-note-binders,2024 Fall Sitting - Briefing Note Binders,3,8,0,0,18,information,executive-council-office,2024-12-31T12:57:41,2025-06-06T11:05:08,2024,2025
geothermal-radiogenic-heat-production,Geothermal Radiogenic Heat Production,3,7,0,0,3,data,geomatics-yukon,2024-02-01T18:23:33,2024-02-13T01:02:28,2024,2024
ng911-roads-whitehorse,NG911 Roads - Whitehorse,3,3,0,0,3,data,geomatics-yukon,2022-10-13T18:41:19,2023-09-07T23:01:23,2022,2023
bedrock-geology,Bedrock geology,3,13,0,1,3,data,geomatics-yukon,2016-06-09T21:22:02,2023-08-30T16:48:32,2016,2023
information-notes-621-request-for-an-extension,Information Notes - 62(1) Request for an Extension,3,16,0,5,1,information,atipp-office,2021-03-05T15:02:44,2021-07-06T18:00:57,2021,2021
water-monitoring-sites,Water Monitoring Sites,3,3,0,0,3,data,geomatics-yukon,2019-05-29T16:27:49,2021-04-09T19:27:02,2019,2021
vegetation-inventory-40k,Vegetation Inventory - 40k,3,7,0,1,3,data,geomatics-yukon,2016-06-14T17:07:32,2021-01-03T20:26:20,2016,2021
major-faults,Major Faults,3,3,0,0,3,data,geomatics-yukon,2018-07-05T17:02:48,2021-01-03T20:14:27,2018,2021
geology-of-the-mayo-map-area-yukon-territory-nts-105m,"Geology of the Mayo Map Area, Yukon Territory (NTS 105M)",3,3,0,0,2,information,yukon-geological-survey,2011-04-04T03:04:27,2011-04-04T03:04:27,2011,2011
a-transect-across-northern-stikinia-geology-of-the-northern-whitehorse-map-area-southern--13-16,"A Transect Across Northern Stikinia: Geology of the Northern Whitehorse Map Area, Southern Yukon Territory (105D/13-16)",3,3,0,0,2,information,yukon-geological-survey,2011-04-04T03:04:27,2011-04-04T03:04:27,2011,2011
25-072,25-072,2,4,2,2,2,access-requests,energy-mines-and-resources,2026-01-26T03:12:30.638946,2026-01-26T03:13:17.471700,2026,2026
25-060,25-060,2,7,2,7,1,access-requests,public-service-commission,2026-01-26T03:10:32.132537,2026-01-26T03:10:56.558567,2026,2026
24-0197,24-0197,2,2,2,2,2,access-requests,community-services,2025-02-02T20:16:28,2025-02-02T20:16:28,2025,2025
geothermal-boreholes,Geothermal Boreholes,2,2,2,2,3,data,geomatics-yukon,2024-02-01T15:41:03,2024-02-13T01:04:23,2024,2024
atipp-interpretation-manual-chapter-1,ATIPP Interpretation Manual Chapter 1,2,2,2,2,1,information,atipp-office,2021-03-05T15:02:16,2022-03-08T17:09:56,2021,2022
22-0238,22-0238,2,2,0,0,2,access-requests,economic-development-tourism-and-culture,2022-07-25T12:55:40,2026-06-04T22:41:16.688914,2022,2026
upper-liard-flood-hazard-maps,Upper Liard flood hazard maps,2,2,0,0,12,data,geomatics-yukon,2026-05-20T15:58:05.216794,2026-05-21T17:22:00.586251,2026,2026
wex-fuel-card-system,WEX Fuel card system,2,2,0,0,0,pia-summaries,highways-and-public-works,2026-04-29T23:25:36.740105,2026-04-29T23:25:37.121083,2026,2026
yukon-proof-of-vaccination-credential-addendum,Yukon Proof of Vaccination Credential Addendum,2,2,0,0,0,pia-summaries,health-and-social-services,2026-03-31T22:35:04.076047,2026-04-10T21:25:46.730725,2026,2026
complaint-resolution-mechanism-for-french-language-services,Complaint Resolution Mechanism for French-language services,2,2,0,0,0,pia-summaries,french-language-services-directorate,2026-04-01T19:51:36.370787,2026-04-01T19:51:36.737990,2026,2026
25-140,25-140,2,2,0,0,2,access-requests,highways-and-public-works,2026-03-27T03:24:07.694650,2026-03-27T03:25:04.791198,2026,2026
25-0144,25-0144,2,4,0,0,2,access-requests,highways-and-public-works,2026-01-17T00:05:23.983641,2026-01-17T00:06:00.216150,2026,2026
social-pinpoint,Social Pinpoint,2,2,0,0,0,pia-summaries,highways-and-public-works,2025-12-31T21:17:41.314325,2025-12-31T21:17:41.691403,2025,2025
heidi-health-medical-scribe-solution,Heidi Health Medical Scribe Solution,2,2,0,0,0,pia-summaries,health-and-social-services,2025-08-27T05:33:19.508159,2025-08-27T05:33:19.935286,2025,2025
placer-claims-50k,Placer claims - 50k,2,10,0,2,3,data,geomatics-yukon,2016-06-15T17:58:12,2025-07-14T18:37:51,2016,2025
surface-disturbance-areal-features,Surface disturbance areal features,2,2,0,0,3,data,geomatics-yukon,2022-10-11T20:29:51,2025-07-14T17:41:38,2022,2025
bedrock-geology-dataset,Bedrock Geology dataset,2,2,0,0,9,data,yukon-geological-survey,2013-11-29T01:11:41,2025-07-11T09:07:59,2013,2025
surficial-geology-dataset,Surficial Geology dataset,2,2,0,0,7,data,yukon-geological-survey,2019-07-17T02:07:48,2025-07-11T03:07:27,2019,2025
mineral-inventory,Mineral Inventory,2,2,0,0,4,data,yukon-geological-survey,2023-12-08T11:12:40,2025-07-02T08:07:50,2023,2025
24-0752,24-0752,2,3,0,0,1,access-requests,energy-mines-and-resources,2025-07-01T13:21:20,2025-07-01T13:21:20,2025,2025
25-0061,25-0061,2,2,0,0,1,access-requests,community-services,2025-06-20T15:39:17,2025-06-20T15:39:17,2025,2025
otter-ai,Otter.AI,2,2,0,0,0,pia-summaries,environment,2025-03-17T09:22:13,2025-03-17T09:22:13,2025,2025
lgbtq2s-inclusion-prioritization-survey,LGBTQ2S+ Inclusion Prioritization Survey,2,2,0,0,4,data,women-and-gender-equity-directorate,2019-09-20T15:19:01,2024-05-15T10:45:40,2019,2024
engaging-people-with-lived-experience-in-hss,Engaging People with Lived Experience in HSS,2,2,0,0,0,pia-summaries,health-and-social-services,2023-10-04T13:29:17,2023-10-04T13:29:17,2023,2023
22-0330,22-0330,2,6,0,0,1,access-requests,highways-and-public-works,2022-08-30T11:08:20,2023-01-19T11:41:22,2022,2023
myyukon-service,MyYukon Service,2,2,0,0,0,pia-summaries,highways-and-public-works,2023-01-05T17:09:54,2023-01-05T17:09:54,2023,2023
microsoft-365-cloud-services-hss,Microsoft 365 Cloud Services - HSS,2,3,0,0,0,pia-summaries,health-and-social-services,2023-01-03T17:07:44,2023-01-03T17:07:44,2023,2023
hss-infolinx,HSS Infolinx,2,2,0,0,0,pia-summaries,health-and-social-services,2022-08-11T14:31:54,2022-08-11T14:31:54,2022,2022
yukon-panorama,Yukon Panorama,2,3,0,0,0,pia-summaries,health-and-social-services,2022-08-01T13:22:38,2022-08-03T14:03:09,2022,2022
quartz-claims-50k,Quartz Claims - 50k,2,13,0,0,3,data,geomatics-yukon,2016-06-15T18:36:11,2022-03-29T21:43:56,2016,2022
temperature-sensor-point,Temperature sensor point,2,2,0,0,3,data,geomatics-yukon,2021-09-01T14:48:54,2022-01-06T22:19:20,2021,2022
historical-mineral-claims-50k,Historical mineral claims - 50k,2,4,0,0,3,data,geomatics-yukon,2016-06-15T19:20:37,2021-11-18T21:24:57,2016,2021
yukon-government-public-contract-registry,Yukon Government Public Contract Registry,2,8,0,0,1,data,procurement-support-centre,2019-06-17T14:52:33,2021-07-22T16:30:58,2019,2021
game-management-areas-250k,Game Management Areas - 250k,2,2,0,0,3,data,geomatics-yukon,2016-06-09T17:17:07,2021-04-09T19:19:44,2016,2021
physiographic-regions-250k,Physiographic regions - 250k,2,2,0,0,3,data,geomatics-yukon,2020-12-15T01:22:16,2021-02-10T23:21:45,2020,2021
fire-districts,Fire Districts,2,2,0,0,3,data,geomatics-yukon,2020-05-06T20:25:52,2021-01-03T22:41:48,2020,2021
first-nation-settlement-lands-1m,First Nation Settlement Lands - 1M,2,5,0,0,3,data,geomatics-yukon,2016-06-09T20:21:25,2021-01-03T20:59:15,2016,2021
easements-polygon-surveyed,Easements Polygon - Surveyed,2,2,0,0,3,data,geomatics-yukon,2016-06-14T18:40:36,2021-01-03T20:52:53,2016,2021
wetlands-50k-canvec,Wetlands - 50k - Canvec,2,2,0,0,3,data,geomatics-yukon,2017-12-04T16:38:25,2021-01-03T18:53:37,2017,2021
whitehorse-trails-10k,Whitehorse Trails - 10k,2,2,0,0,3,data,geomatics-yukon,2016-06-14T20:18:16,2021-01-03T17:46:08,2016,2021
watersheds-1m,Watersheds - 1M,2,20,0,0,3,data,geomatics-yukon,2016-06-09T18:07:39,2021-01-03T17:45:19,2016,2021
reports-of-the-chief-electoral-officer-of-yukon-on-general-elections,Reports of the Chief Electoral Officer of Yukon on General Elections,1,2,10,10,24,information,elections-yukon,2024-07-04T11:04:15,2025-07-11T10:04:01,2024,2025
stratigraphy-and-structural-geology-of-the-upper-hyland-river-area-parts-of-105h-8-105h-9-south,"Stratigraphy and structural geology of the upper Hyland River area (parts of 105H/8, 105H/9), southeast Yukon",1,1,1,1,2,information,yukon-geological-survey,2016-01-25T11:01:45,2016-01-25T11:01:45,2016,2016
21-0372,21-0372,1,1,0,0,2,access-requests,economic-development-tourism-and-culture,2021-12-21T10:41:32,2026-06-04T22:41:27.619827,2021,2026
yukon-heritage-information-system,Yukon Heritage Information System,1,1,0,0,0,pia-summaries,economic-development-tourism-and-culture,2023-01-04T09:25:52,2026-06-04T22:41:03.766042,2023,2026
24-0205,24-0205,1,1,0,0,2,access-requests,economic-development-tourism-and-culture,2025-02-02T20:25:37,2026-06-04T22:40:46.185249,2025,2026
quarterly-and-monthly-tourism-indicator-reports,Quarterly and monthly tourism indicator reports,1,2,0,0,67,information,economic-development-tourism-and-culture,2025-05-09T11:16:21,2026-06-04T22:40:35.254655,2025,2026
plans-and-reports-lake-trout-monitoring-program,Plans and Reports - Lake Trout Monitoring Program,1,6,0,0,11,information,environment,2020-09-17T12:35:20,2026-06-04T19:02:39.529177,2020,2026
plans-and-reports-klaza-caribou,Plans and Reports - Klaza Caribou,1,2,0,0,5,information,environment,2020-07-08T15:50:22,2026-06-02T16:36:34.845604,2020,2026
water-resources-audit-reports,Water Resources Audit Reports,1,2,0,0,21,information,environment,2023-07-21T10:35:00,2026-05-13T15:15:07.079125,2023,2026
plans-and-reports-yukon-snow-survey-bulletins-and-water-supply-forecasts,Plans and reports – Yukon snow survey bulletins and water supply forecasts,1,13,0,6,6,information,environment,2026-03-10T16:29:08.595463,2026-05-07T15:52:18.043894,2026,2026
halo-itsm,Halo ITSM,1,1,0,0,0,pia-summaries,highways-and-public-works,2026-04-17T16:33:46.172388,2026-04-17T16:33:46.481007,2026,2026
waterbodies-50k-canvec,Waterbodies - 50k - Canvec,1,1,0,0,3,data,geomatics-yukon,2026-03-09T18:27:14.112498,2026-04-09T16:51:20.769040,2026,2026
25-068,25-068,1,1,0,0,2,access-requests,community-services,2026-03-27T03:10:30.196759,2026-03-27T03:15:18.118417,2026,2026
plans-and-reports-water,Plans and Reports - Water,1,11,0,6,15,information,environment,2020-07-08T16:12:05,2026-03-19T16:33:26.715874,2020,2026
annual-report-for-2021-2022,ATIPP Annual Report  Apr 2021 - Mar 2022,1,2,0,0,1,information,atipp-office,2022-11-22T16:24:54,2026-03-06T00:40:24.178814,2022,2026
annual-report-for-2023-2024,ATIPP Annual Report Apr 2023 - Mar 2024,1,2,0,0,1,information,atipp-office,2025-05-06T12:45:12,2026-03-06T00:39:47.777735,2025,2026
annual-report-for-2022-2023,ATIPP Annual Report Apr 2022 - Mar 2023,1,2,0,0,1,information,atipp-office,2024-07-18T13:33:43,2026-03-06T00:39:08.038493,2024,2026
conservation-officer-districts-250k,Conservation Officer Districts - 250K,1,1,0,0,3,data,geomatics-yukon,2024-09-06T17:00:57,2026-02-26T21:52:21.498831,2024,2026
plans-and-reports-sheep-and-goats,Plans and Reports - Sheep and Goats,1,2,0,0,15,information,environment,2020-07-08T15:36:58,2026-02-23T19:20:53.060566,2020,2026
plans-and-reports-elk,Plans and Reports - Elk,1,3,0,0,4,information,environment,2020-07-08T16:27:20,2026-02-12T17:53:18.971622,2020,2026
plans-and-reports-ecosystems,Plans and Reports - Ecosystems,1,3,0,0,13,information,environment,2020-07-08T16:20:48,2026-02-11T18:29:04.688449,2020,2026
water-quality-testing-results-in-youth-occupied-facilities,Water quality test results in youth-occupied facilities,1,1,0,0,2,data,highways-and-public-works,2026-02-10T17:24:14.349641,2026-02-10T17:26:05.105761,2026,2026
dragon-medical-one-wscb,Dragon Medical One (WSCB),1,1,0,0,0,pia-summaries,yukon-workers-compensation-health-and-safety-board,2026-02-07T18:57:06.775298,2026-02-07T18:57:07.096143,2026,2026
cancer-screening-invitation,Cancer Screening Invitation,1,2,0,0,0,pia-summaries,health-and-social-services,2026-02-07T18:42:17.985252,2026-02-07T18:42:18.385630,2026,2026
25-057,25-057,1,1,0,0,2,access-requests,public-service-commission,2026-01-26T03:02:15.722865,2026-01-26T03:02:50.091823,2026,2026
25-056,25-056,1,1,0,0,2,access-requests,yukon-workers-compensation-health-and-safety-board,2026-01-26T02:59:16.127626,2026-01-26T03:00:00.541541,2026,2026
25-029,25-029,1,2,0,0,2,access-requests,environment,2026-01-26T02:56:01.915656,2026-01-26T02:56:41.890353,2026,2026
25-016,25-016,1,1,0,0,2,access-requests,environment,2026-01-26T02:51:10.756710,2026-01-26T02:51:57.060579,2026,2026
2022-23-respiratory-surveillance-reports,2022-23 Respiratory Surveillance Reports,1,2,0,0,10,information,health-and-social-services,2026-01-20T16:02:37.814980,2026-01-20T16:21:55.382286,2026,2026
2023-24-respiratory-surveillance-reports,2023-24 Respiratory Surveillance Reports,1,2,0,0,21,information,health-and-social-services,2026-01-19T23:38:57.560523,2026-01-19T23:56:08.160437,2026,2026
2024-25-respiratory-surveillance-reports,2024-25 Respiratory Surveillance Reports,1,2,0,0,21,information,health-and-social-services,2026-01-19T22:11:40.461938,2026-01-19T23:40:42.459190,2026,2026
25-089,25-089,1,2,0,0,1,access-requests,community-services,2026-01-16T23:29:51.694966,2026-01-16T23:30:21.950635,2026,2026
25-0110,25-0110,1,1,0,0,1,access-requests,environment,2026-01-14T03:32:42.947314,2026-01-14T03:33:04.488069,2026,2026
25-0106,25-0106,1,4,0,2,1,access-requests,energy-mines-and-resources,2026-01-14T03:28:11.194024,2026-01-14T03:28:35.903883,2026,2026
25-0105,25-0105,1,1,0,0,1,access-requests,highways-and-public-works,2026-01-14T03:25:52.810048,2026-01-14T03:26:15.210672,2026,2026
plans-and-reports-aquifer-mapping,Plans and reports - Aquifer mapping,1,2,0,0,11,information,environment,2026-01-09T17:25:48.812328,2026-01-09T21:21:30.255461,2026,2026
24-0759,24-0759,1,2,0,0,2,access-requests,health-and-social-services,2026-01-08T22:56:25.512719,2026-01-08T22:57:25.747297,2026,2026
24-0732,24-0732,1,1,0,0,2,access-requests,health-and-social-services,2026-01-08T22:36:46.304234,2026-01-08T22:38:41.689564,2026,2026
clean-energy-act-reports,Clean Energy Act reports,1,2,0,0,3,information,environment,2025-12-30T22:29:31.339221,2026-01-06T22:38:38.067692,2025,2026
department-of-education-annual-reports,Department of Education Annual Reports,1,2,0,0,21,information,education,2025-04-30T12:41:44,2025-12-10T20:27:56.032065,2025,2025
spotlight,Spotlight,1,1,0,0,0,pia-summaries,health-and-social-services,2025-12-09T21:20:12.098495,2025-12-09T21:20:12.475783,2025,2025
plans-and-reports-carcross-caribou,Plans and Reports - Carcross Caribou,1,3,0,0,2,information,environment,2020-07-08T16:39:32,2025-11-27T18:33:03.229663,2020,2025
plans-and-reports-bison,Plans and Reports - Bison,1,3,0,0,8,information,environment,2020-07-08T15:42:32,2025-10-01T23:56:14.483801,2020,2025
assessment-report-geochemistry-garded,Assessment Report Geochemistry (GARDEd),1,11,0,2,4,data,yukon-geological-survey,2024-01-30T09:01:27,2025-07-11T09:07:53,2024,2025
georeferenced-bedrock-geology-250k-maps,Georeferenced Bedrock Geology 250k maps,1,1,0,2,46,data,yukon-geological-survey,2018-11-23T08:11:36,2025-07-11T09:07:25,2018,2025
24-0699,24-0699,1,1,0,0,1,access-requests,public-service-commission,2025-07-01T13:54:09,2025-07-01T13:54:09,2025,2025
25-0074,25-0074,1,5,0,4,1,access-requests,education,2025-07-01T13:36:32,2025-07-01T13:36:32,2025,2025
24-0757,24-0757,1,1,0,0,1,access-requests,energy-mines-and-resources,2025-07-01T13:18:12,2025-07-01T13:18:12,2025,2025
25-0006,25-0006,1,1,0,0,1,access-requests,community-services,2025-07-01T12:28:57,2025-07-01T12:28:57,2025,2025
25-0001,25-0001,1,1,0,0,1,access-requests,environment,2025-07-01T12:25:17,2025-07-01T12:25:17,2025,2025
bell-portal-myserve,Bell Portal - MyServe,1,3,0,0,0,pia-summaries,highways-and-public-works,2025-06-05T14:24:41,2025-06-05T14:27:34,2025,2025
emr-envoke,EMR Envoke,1,1,0,0,0,pia-summaries,energy-mines-and-resources,2025-06-04T09:39:19,2025-06-04T09:39:19,2025,2025
department-of-education-off-site-experiential-learning-policy-superseded-obsolete,Department of Education Off-Site Experiential Learning Policy (superseded / obsolete),1,2,0,0,18,information,education,2025-04-30T11:43:37,2025-04-30T13:31:14,2025,2025
social-media-and-internet-platforms,Social Media and Internet Platforms,1,1,0,0,0,pia-summaries,education,2025-04-11T08:15:49,2025-04-11T08:15:49,2025,2025
24-0212,24-0212,1,1,0,0,2,access-requests,highways-and-public-works,2025-02-26T11:35:48,2025-02-26T11:35:48,2025,2025
24-0294,24-0294,1,1,0,0,2,access-requests,energy-mines-and-resources,2025-02-25T20:30:47,2025-02-25T20:30:47,2025,2025
24-0207,24-0207,1,1,0,0,1,access-requests,energy-mines-and-resources,2025-02-16T20:44:38,2025-02-16T20:44:38,2025,2025
24-0195,24-0195,1,2,0,0,1,access-requests,environment,2025-02-06T20:05:55,2025-02-06T20:05:55,2025,2025
24-0175,24-0175,1,1,0,0,1,access-requests,executive-council-office,2025-01-28T20:41:26,2025-01-28T20:41:26,2025,2025
24-0169,24-0169,1,5,0,9,2,access-requests,education,2025-01-28T20:38:54,2025-01-28T20:38:54,2025,2025
24-0142,24-0142,1,1,0,0,1,access-requests,highways-and-public-works,2025-01-28T20:32:58,2025-01-28T20:32:58,2025,2025
deputy-ministers-report-to-the-premier-on-the-truth-and-reconciliation-commission-of-canada-rep,"Deputy Ministers’ Report to the Premier on the Truth and Reconciliation Commission of Canada Report – “Honouring the Truth, Reconciling for the Future”",1,2,0,0,1,information,executive-council-office,2025-01-10T13:46:58,2025-01-10T13:51:08,2025,2025
21-0306,21-0306,1,1,0,0,2,access-requests,highways-and-public-works,2021-11-08T10:42:18,2024-12-31T16:10:28,2021,2024
21-0249,21-0249,1,1,0,0,2,access-requests,health-and-social-services,2021-10-04T13:44:05,2024-12-31T16:07:18,2021,2024
21-0204,21-0204,1,2,0,0,2,access-requests,community-services,2024-12-23T18:28:19,2024-12-23T18:28:19,2024,2024
22-0450,22-0450,1,1,0,0,2,access-requests,executive-council-office,2023-01-11T15:50:48,2024-11-14T20:42:54,2023,2024
22-0341,22-0341,1,1,0,0,2,access-requests,public-service-commission,2022-09-06T12:34:59,2024-11-14T20:38:14,2022,2024
yukon-advisory-council-on-womens-issues-annual-report-2019-2020,Yukon Advisory Council on Women’s Issues Annual Report 2019-2020,1,2,0,0,1,information,women-and-gender-equity-directorate,2020-12-22T09:23:39,2024-10-15T14:24:26,2020,2024
fleet-vehicle-agency-annual-reports,Fleet Vehicle Agency annual reports,1,2,0,0,4,information,highways-and-public-works,2024-10-11T11:18:26,2024-10-11T11:26:30,2024,2024
23-0665,23-0665,1,2,0,0,1,access-requests,education,2024-09-12T20:51:30,2024-09-12T20:51:30,2024,2024
emercom-technologies-video-surveillance-elevators,EmerCom Technologies Video Surveillance Elevators,1,2,0,0,0,pia-summaries,highways-and-public-works,2024-09-11T09:23:36,2024-09-11T09:23:36,2024,2024
forestry-permitting-system-for-personal-use-fuel-wood-and-commercial-harvest-of-morel-mushrooms,Forestry Permitting System for Personal Use Fuel Wood and  Commercial Harvest of Morel Mushrooms,1,1,0,0,0,pia-summaries,energy-mines-and-resources,2024-06-19T14:11:27,2024-06-19T14:11:27,2024,2024
family-case-management,Family Case Management,1,1,0,0,0,pia-summaries,health-and-social-services,2024-06-06T13:42:20,2024-06-06T13:42:20,2024,2024
simple-in-out-employee-tracking,Simple In/Out Employee Tracking,1,1,0,0,0,pia-summaries,highways-and-public-works,2023-10-25T08:26:08,2024-06-06T11:58:22,2023,2024
yukon-advisory-council-on-womens-issues-annual-report-2021-22,Yukon Advisory Council on Women’s Issues Annual Report 2021-22,1,2,0,0,2,information,women-and-gender-equity-directorate,2023-02-09T17:54:56,2024-05-16T10:59:37,2023,2024
yukons-student-information-system-aspen-pia-refresh-2023,Yukon's Student Information System (Aspen) - PIA Refresh 2023,1,1,0,0,0,pia-summaries,education,2024-05-08T11:52:17,2024-05-08T11:52:17,2024,2024
electronic-and-online-licensing-system-posse,Electronic and Online Licensing System (POSSE),1,1,0,0,0,pia-summaries,environment,2024-04-11T08:43:23,2024-04-11T08:43:23,2024,2024
auditors-internal-reports,Auditor’s internal reports,1,2,0,0,2,information,executive-council-office,2021-03-31T21:03:17,2024-03-28T16:00:13,2021,2024
m365-universal-print,M365 - Universal Print,1,1,0,0,0,pia-summaries,highways-and-public-works,2024-03-25T08:52:23,2024-03-25T08:52:23,2024,2024
wildlife-mortalities-service,Wildlife Mortalities Service,1,1,0,0,0,pia-summaries,environment,2024-01-18T11:58:45,2024-01-18T11:58:45,2024,2024
22-0451,22-0451,1,1,0,0,1,access-requests,executive-council-office,2023-01-25T10:48:41,2024-01-17T11:35:10,2023,2024
plans-and-reports-bears,Plans and Reports - Bears,1,1,0,0,3,information,environment,2021-01-27T10:40:44,2024-01-11T15:32:30,2021,2024
23-0321,23-0321,1,1,0,0,1,access-requests,energy-mines-and-resources,2024-01-09T14:18:05,2024-01-09T14:18:05,2024,2024
cambian-online-scheduler,Cambian Online Scheduler,1,1,0,0,0,pia-summaries,health-and-social-services,2023-11-29T14:20:53,2023-11-29T14:20:53,2023,2023
coloncheck-application-and-oracle-database,ColonCheck Application and Oracle Database,1,1,0,0,0,pia-summaries,health-and-social-services,2023-11-28T09:31:58,2023-11-28T09:31:58,2023,2023
23-0234,23-0234,1,1,0,0,1,access-requests,energy-mines-and-resources,2023-10-11T13:23:37,2023-10-11T13:23:37,2023,2023
23-0208,23-0208,1,1,0,0,2,access-requests,education,2023-10-10T16:05:13,2023-10-10T16:05:13,2023,2023
21-0422,21-0422,1,1,0,0,2,access-requests,highways-and-public-works,2022-01-13T14:47:43,2023-01-19T11:22:32,2022,2023
yg-online-marketplace-vroozi,YG Online Marketplace - Vroozi,1,1,0,0,0,pia-summaries,highways-and-public-works,2022-11-17T11:02:34,2022-11-17T11:02:34,2022,2022
people-metrics-analytics-and-projects-pmap,"People, Metrics, Analytics and Projects (PMAP)",1,1,0,0,0,pia-summaries,public-service-commission,2022-09-09T13:03:40,2022-09-09T13:03:40,2022,2022
plans-and-reports-recycling,Plans and Reports - Recycling,1,2,0,0,1,information,environment,2022-08-02T08:23:31,2022-08-02T08:25:34,2022,2022
infor-fms-masterpiece-4-0,Infor FMS Masterpiece 4.0,1,1,0,0,0,pia-summaries,finance,2022-07-22T08:40:45,2022-07-22T08:41:17,2022,2022
water-wells-registry,Water Wells Registry,1,2,0,0,0,pia-summaries,environment,2022-07-21T15:36:27,2022-07-21T15:36:27,2022,2022
yukon-state-of-the-environment-reports,Yukon state of the environment reports,1,2,0,0,25,information,environment,2022-07-08T15:36:47,2022-07-20T15:21:57,2022,2022
coordinated-access,Coordinated Access,1,2,0,0,0,pia-summaries,health-and-social-services,2022-07-15T11:27:21,2022-07-15T11:27:21,2022,2022
yukon-place-names,Yukon place names,1,4,0,0,3,data,geomatics-yukon,2021-11-29T22:01:03,2022-05-27T16:50:32,2021,2022
atipp-annual-report-apr-2020-mar-2021,ATIPP Annual Report Apr 2020 - Mar 2021,1,2,0,0,1,information,atipp-office,2022-04-27T15:33:44,2022-04-27T15:34:17,2022,2022
atipp-annual-report-apr-2019-mar-2020,ATIPP Annual Report Apr 2019 - Mar 2020,1,2,0,0,1,information,atipp-office,2022-04-27T15:29:04,2022-04-27T15:31:28,2022,2022
activity-reports-on-the-administration-of-the-atipp-act,Activity reports on the administration of the ATIPP Act,1,2,0,0,12,information,highways-and-public-works,2021-06-25T15:34:15,2022-04-27T15:24:18,2021,2022
yukon-advisory-council-on-womens-issues-annual-report-2020-21,Yukon Advisory Council on Women’s Issues Annual Report 2020-21,1,2,0,0,1,information,women-and-gender-equity-directorate,2021-11-29T15:43:24,2021-11-29T15:49:24,2021,2021
atipp-annual-report-apr-2018-mar-2019,ATIPP Annual Report Apr 2018 - Mar 2019,1,2,0,0,1,information,atipp-office,2021-03-26T18:43:59,2021-07-06T18:03:09,2021,2021
atipp-annual-report-apr-2017-mar-2018,ATIPP Annual Report Apr 2017 - Mar 2018,1,2,0,0,1,information,atipp-office,2021-03-26T18:43:57,2021-07-06T18:03:09,2021,2021
atipp-annual-report-apr-2016-mar-2017,ATIPP Annual Report Apr 2016 - Mar 2017,1,2,0,0,1,information,atipp-office,2021-03-26T18:43:53,2021-07-06T18:03:09,2021,2021
enrolment-reports-2016-17,Enrolment reports 2016-17,1,1,0,0,10,data,education,2020-08-31T14:14:54,2020-08-31T14:14:54,2020,2020
enrolment-reports-2010-11,Enrolment reports 2010-11,1,1,0,0,10,data,education,2020-08-31T14:14:54,2020-08-31T14:14:54,2020,2020
enrolment-reports-2005-06,Enrolment reports 2005-06,1,1,0,0,10,data,education,2020-08-31T14:14:54,2020-08-31T14:14:54,2020,2020
enrolment-reports-2018-19,Enrolment reports 2018-19,1,1,0,0,9,data,education,2020-08-31T14:14:54,2020-08-31T14:14:54,2020,2020
enrolment-reports-2014-15,Enrolment reports 2014-15,1,1,0,0,10,data,education,2020-08-31T14:13:10,2020-08-31T14:13:10,2020,2020
enrolment-reports-2017-18,Enrolment reports 2017-18,1,1,0,0,10,data,education,2020-08-31T14:13:10,2020-08-31T14:13:10,2020,2020
enrolment-reports-2007-08,Enrolment reports 2007-08,1,1,0,0,10,data,education,2020-08-31T14:13:10,2020-08-31T14:13:10,2020,2020
enrolment-reports-2008-09,Enrolment reports 2008-09,1,1,0,0,1,data,education,2020-08-31T14:13:10,2020-08-31T14:13:10,2020,2020
enrolment-reports-2013-14,Enrolment reports 2013-14,1,1,0,0,10,data,education,2020-08-31T14:10:18,2020-08-31T14:10:18,2020,2020
enrolment-reports-2012-13,Enrolment reports 2012-13,1,1,0,0,10,data,education,2020-08-31T14:10:18,2020-08-31T14:10:18,2020,2020
enrolment-reports-2009-10,Enrolment reports 2009-10,1,1,0,0,10,data,education,2020-08-31T14:10:18,2020-08-31T14:10:18,2020,2020
enrolment-reports-2003-04,Enrolment reports 2003-04,1,1,0,0,10,data,education,2020-08-31T14:10:18,2020-08-31T14:10:18,2020,2020
enrolment-reports-2011-12,Enrolment reports 2011-12,1,1,0,0,10,data,education,2020-08-31T14:09:42,2020-08-31T14:09:42,2020,2020
enrolment-reports-2006-07,Enrolment reports 2006-07,1,1,0,0,10,data,education,2020-08-31T14:09:42,2020-08-31T14:09:42,2020,2020
enrolment-reports-2015-16,Enrolment reports 2015-16,1,1,0,0,9,data,education,2020-08-31T14:09:42,2020-08-31T14:09:42,2020,2020
plans-and-reports-arctic-grayling-population-assessments,Plans and Reports - Arctic Grayling Population Assessments,1,8,0,0,1,information,environment,2020-07-08T16:42:22,2020-07-08T16:42:22,2020,2020
plans-and-reports-little-rancheria-caribou,Plans and Reports - Little Rancheria Caribou,1,2,0,0,2,information,environment,2020-07-08T16:39:32,2020-07-08T16:39:32,2020,2020
plans-and-reports-wolves,Plans and Reports - Wolves,1,2,0,0,8,information,environment,2020-07-08T16:38:24,2020-07-08T16:38:24,2020,2020
plans-and-reports-stocked-lakes,Plans and Reports - Stocked Lakes,1,3,0,0,4,information,environment,2020-07-08T16:36:42,2020-07-08T16:36:42,2020,2020
plans-and-reports-finlayson-caribou,Plans and Reports - Finlayson Caribou,1,8,0,0,3,information,environment,2020-07-08T16:36:42,2020-07-08T16:36:42,2020,2020
plans-and-reports-burbot-population-assessments,Plans and Reports - Burbot Population Assessments,1,10,0,3,4,information,environment,2020-07-08T16:24:39,2020-07-08T16:24:39,2020,2020
plans-and-reports-miscellaneous,Plans and Reports - Miscellaneous,1,2,0,0,2,information,environment,2020-07-08T16:24:39,2020-07-08T16:24:39,2020,2020
plans-and-reports-bats,Plans and Reports - Bats,1,3,0,0,3,information,environment,2020-07-08T16:22:47,2020-07-08T16:22:47,2020,2020
plans-and-reports-fish-and-wildlife-project-summaries,Plans and Reports - Fish and Wildlife Project Summaries,1,2,0,0,2,information,environment,2020-07-08T16:22:47,2020-07-08T16:22:47,2020,2020
plans-and-reports-wildlife-viewing,Plans and Reports - Wildlife Viewing,1,2,0,0,9,information,environment,2020-07-08T16:17:05,2020-07-08T16:17:05,2020,2020
plans-and-reports-aishihik-and-kluane-northern-mountain-caribou,Plans and Reports - Aishihik and Kluane Northern Mountain Caribou,1,2,0,0,1,information,environment,2020-07-08T16:12:05,2020-07-08T16:12:05,2020,2020
plans-and-reports-rare-and-or-at-risk-species,Plans and Reports - Rare and/or At Risk Species,1,2,0,0,6,information,environment,2020-07-08T16:09:04,2020-07-08T16:09:04,2020,2020
plans-and-reports-forty-mile-caribou,Plans and Reports - Forty Mile Caribou,1,2,0,0,1,information,environment,2020-07-08T16:09:04,2020-07-08T16:09:04,2020,2020
plans-and-reports-chisana-caribou,Plans and Reports - Chisana Caribou,1,2,0,0,7,information,environment,2020-07-08T16:05:46,2020-07-08T16:05:46,2020,2020
plans-and-reports-south-nahanni-and-coal-river-caribou,Plans and Reports - South Nahanni and Coal River Caribou,1,2,0,0,1,information,environment,2020-07-08T16:05:46,2020-07-08T16:05:46,2020,2020
plans-and-reports-trapping,Plans and Reports - Trapping,1,2,0,0,1,information,environment,2020-07-08T16:05:46,2020-07-08T16:05:46,2020,2020
plans-and-reports-amphibians,Plans and Reports - Amphibians,1,2,0,0,2,information,environment,2020-07-08T16:03:54,2020-07-08T16:03:54,2020,2020
plans-and-reports-angler-harvest-surveys,Plans and Reports - Angler Harvest Surveys,1,8,0,0,17,information,environment,2020-07-08T15:53:39,2020-07-08T15:53:39,2020,2020
plans-and-reports-heritage-rivers,Plans and Reports - Heritage Rivers,1,2,0,0,8,information,environment,2020-07-08T15:46:24,2020-07-08T15:46:24,2020,2020
plans-and-reports-animal-health,Plans and Reports - Animal Health,1,2,0,0,2,information,environment,2020-07-08T15:38:39,2020-07-08T15:38:39,2020,2020
plans-and-reports-porcupine-caribou,Plans and Reports - Porcupine Caribou,1,2,0,0,3,information,environment,2020-07-08T15:38:39,2020-07-08T15:38:39,2020,2020
plans-and-reports-plants,Plans and Reports - Plants,1,2,0,0,2,information,environment,2020-07-08T15:36:58,2020-07-08T15:36:58,2020,2020
plans-and-reports-impact-studies,Plans and Reports - Impact Studies,1,2,0,0,2,information,environment,2020-07-08T15:35:25,2020-07-08T15:35:25,2020,2020
plans-and-reports-environment-yukon-strategic-plan,Plans and Reports - Environment Yukon Strategic Plan,1,2,0,0,1,information,environment,2020-07-08T15:35:25,2020-07-08T15:35:25,2020,2020
plans-and-reports-bonnett-plume-caribou,Plans and Reports - Bonnett Plume Caribou,1,2,0,0,1,information,environment,2020-07-08T15:35:25,2020-07-08T15:35:25,2020,2020
plans-and-reports-parks-and-protected-areas,Plans and Reports - Parks and Protected Areas,1,2,0,0,16,information,environment,2020-07-08T15:32:43,2020-07-08T15:32:43,2020,2020
plans-and-reports-birds,Plans and Reports - Birds,1,2,0,0,2,information,environment,2020-07-08T15:32:43,2020-07-08T15:32:43,2020,2020
ancient-pacific-margin-a-preliminary-comparison-of-potential-vms-hosting-successions-of-the-yuk,"Ancient Pacific Margin: A preliminary comparison of potential VMS-hosting successions of the Yukon-Tanana Terrane, from Finlayson Lake district to northern British Columbia",1,1,0,0,2,information,yukon-geological-survey,2011-04-04T03:04:33,2011-04-04T03:04:33,2011,2011
yukon-mineral-deposit-profiles,Yukon Mineral Deposit Profiles,0,0,29,0,2,information,yukon-geological-survey,2011-04-04T03:04:35,2011-04-04T03:04:35,2011,2011
surficial-geology-dawson-region-yukon-parts-of-nts-115o-14-and-15-and-116b-1-2-3-and-4,"Surficial geology, Dawson Region, Yukon, parts of NTS 115O/14 & 15 and 116B/1, 2, 3, & 4",0,0,6,6,4,information,yukon-geological-survey,2014-11-17T02:11:52,2014-11-17T02:11:52,2014,2014
catchment-basin-analysis-and-weighted-sums-modeling-enhanced-interpretation-of-rgs-data-using-e,"Catchment basin analysis and weighted sums modeling: enhanced interpretation of RGS data using examples from map sheets 105M, 105O, and part of 105P",0,0,5,5,7,information,yukon-geological-survey,2013-11-15T08:11:35,2013-11-15T08:11:35,2013,2013
reprocessing-of-yukon-magnetic-data-for-nts-115p-1,Reprocessing of Yukon magnetic data for NTS 115P,0,0,4,4,4,information,yukon-geological-survey,2020-08-18T11:08:07,2024-05-21T04:05:50,2020,2024
yukon-placer-activity-map,Yukon Placer Activity Map,0,0,4,1,2,information,yukon-geological-survey,2011-04-04T03:04:30,2011-04-04T03:04:30,2011,2011
quaternary-geology-and-till-geochemistry-of-the-anvil-district-parts-of-105k-2-3-5-6-and-7-cent,"Quaternary Geology and Till Geochemistry of the Anvil District (Parts of 105K/2, 3, 5, 6 and 7), central Yukon Territory",0,0,3,3,15,information,yukon-geological-survey,2011-04-04T03:04:39,2011-04-04T03:04:39,2011,2011
yukon-geological-survey-2024-overview,Yukon Geological Survey 2024 overview,0,0,2,2,2,information,yukon-geological-survey,2025-01-18T01:01:33,2025-01-20T07:01:57,2025,2025
atipp-interpretation-manual-chapter-2,ATIPP Interpretation Manual Chapter 2,0,0,2,5,1,information,atipp-office,2021-03-05T15:03:08,2022-03-28T09:09:48,2021,2022
yukon-borders-surveyed,Yukon Borders - Surveyed,0,8,2,3,3,data,geomatics-yukon,2016-06-09T16:32:16,2021-01-03T17:05:47,2016,2021
white-channel-gravel-klondike-gold-fields-yukon-canada,"White Channel Gravel, Klondike Gold Fields, Yukon, Canada",0,0,2,2,3,information,yukon-geological-survey,2011-04-04T03:04:39,2011-04-04T03:04:39,2011,2011
geology-of-the-upper-hart-river-area-eastern-ogilvie-mountains-yukon-territory-116a-10-116a-11,"Geology of the Upper Hart River Area, Eastern Ogilvie Mountains, Yukon Territory (116A/10, 116A/11)",0,0,2,6,4,information,yukon-geological-survey,2011-04-04T03:04:27,2011-04-04T03:04:27,2011,2011
glacial-limits-map-of-yukon,Glacial Limits Map of Yukon,0,6,2,5,3,information,yukon-geological-survey,2011-04-04T03:04:24,2011-04-04T03:04:24,2011,2011
yukon-exploration-and-geology-2024,Yukon Exploration and Geology 2024,0,0,1,2,2,information,yukon-geological-survey,2025-01-18T03:01:50,2025-01-31T03:01:19,2025,2025
valley-deposit-a-geological-introduction-and-overview,Valley deposit: A geological introduction and overview,0,0,1,1,2,information,yukon-geological-survey,2025-01-18T03:01:37,2025-01-23T10:01:25,2025,2025
geology-and-mineralization-of-the-aurmac-metasediment-hosted-gold-deposits-central-yukon-nts-13,"Geology and mineralization of the AurMac metasediment-hosted gold deposits, central Yukon (NTS 105M/13)",0,0,1,2,2,information,yukon-geological-survey,2025-01-18T03:01:58,2025-01-23T10:01:16,2025,2025
yukon-hardrock-mining-development-and-exploration-overview-2024,"Yukon hardrock mining, development and exploration overview 2024",0,0,1,1,2,information,yukon-geological-survey,2025-01-18T02:01:32,2025-01-20T07:01:16,2025,2025
preliminary-data-from-the-establishment-of-longterm-ground-temperature-reference-sites-in-five-,Preliminary data from the establishment of longterm ground temperature reference sites in five Yukon communities,0,0,1,1,2,information,yukon-geological-survey,2024-01-19T01:01:21,2024-01-19T01:01:58,2024,2024
ng911-site-structure-addresses-whitehorse,NG911 Site / Structure Addresses - Whitehorse,0,0,1,1,3,data,geomatics-yukon,2022-10-13T18:43:14,2023-09-07T23:05:00,2022,2023
potential-heat-production-from-the-seagull-and-teslin-plutonic-suites-southern-yukon-geochemist,"Potential heat production from the Seagull and Teslin plutonic suites, southern Yukon: Geochemistry, geochronology, rock physical properties, and 3D geophysical inversion of Bouguer gravity data",0,0,1,1,3,information,yukon-geological-survey,2021-01-18T02:01:48,2021-01-18T02:01:48,2021,2021
lithogeochemistry,Lithogeochemistry,0,0,1,1,3,data,geomatics-yukon,2020-08-03T20:22:39,2021-01-03T20:11:48,2020,2021
places-1m,Places - 1M,0,0,1,1,3,data,geomatics-yukon,2016-06-10T16:06:49,2021-01-03T17:35:47,2016,2021
communities-and-subdivisions-surveyed,Communities and subdivisions - surveyed,0,0,1,1,3,data,geomatics-yukon,2016-06-14T18:29:06,2021-01-03T17:05:05,2016,2021
surficial-geology-carmacks-area-yukon,"Surficial geology, Carmacks area, Yukon",0,0,1,1,2,information,yukon-geological-survey,2020-11-19T10:11:03,2020-11-19T10:11:03,2020,2020
a-digital-atlas-of-terranes-for-the-northern-cordillera,A digital atlas of terranes for the northern Cordillera,0,0,1,1,2,information,yukon-geological-survey,2020-10-08T09:10:36,2020-10-08T09:10:36,2020,2020
yukon-exploration-and-geology-overview-2016,Yukon Exploration and Geology Overview 2016,0,0,1,1,2,information,yukon-geological-survey,2017-01-18T11:01:19,2017-01-18T11:01:19,2017,2017
yukon-bedrock-geology-map,Yukon bedrock geology map,0,9,1,8,4,information,yukon-geological-survey,2016-01-22T09:01:10,2016-01-22T09:01:10,2016,2016
ongoing-displacement-monitoring-at-the-dawson-city-landslide-dawson-map-area-nts-116b-3,Ongoing displacement monitoring at the Dawson City landslide (Dawson map area NTS 116B/3),0,0,1,1,2,information,yukon-geological-survey,2012-03-04T12:03:54,2012-03-04T12:03:54,2012,2012
surficial-geology-of-the-village-of-mayo-parts-of-nts-105m-12-yukon-1-20-000-scale,Surficial Geology of the Village of Mayo (parts of NTS 105M/12) Yukon (1:20 000-scale),0,0,1,1,4,information,yukon-geological-survey,2011-04-20T01:04:47,2011-04-20T01:04:47,2011,2011
surficial-geology-of-toshingermann-lakes-115g-14-yukon-1-50-000-scale,"Surficial geology of Toshingermann Lakes (115G/14), Yukon (1: 50 000 scale)",0,0,1,0,2,information,yukon-geological-survey,2011-04-04T03:04:42,2011-04-04T03:04:42,2011,2011
revisiting-a-resource-yukons-technogenic-placer-deposits,"Revisiting a resource: Yukon's ""technogenic"" placer deposits",0,0,1,1,2,information,yukon-geological-survey,2011-04-04T03:04:41,2011-04-04T03:04:41,2011,2011
the-tsa-da-glisza-regal-ridge-emerald-occurrence-finlayson-lake-district-nts-105g-7-yukon-new-r,"The Tsa da Glisza (Regal Ridge) emerald occurrence, Finlayson Lake district (NTS 105G/7), Yukon: New results and implications for continued regional exploration",0,0,1,0,2,information,yukon-geological-survey,2011-04-04T03:04:40,2011-04-04T03:04:40,2011,2011
whitehorse-copper-mine-reclamation-review-yukon-territory,"Whitehorse Copper Mine Reclamation Review, Yukon Territory",0,0,1,1,2,information,yukon-geological-survey,2011-04-04T03:04:39,2011-04-04T03:04:39,2011,2011
winter-low-flow-stream-measurements-using-the-salt-slug-injection-method,Winter Low Flow Stream Measurements Using the Salt Slug Injection Method,0,0,1,1,2,information,yukon-geological-survey,2011-04-04T03:04:38,2011-04-04T03:04:38,2011,2011
surficial-geology-map-and-till-geochemistry-of-mount-mye-105k-6-w-central-yukon-1-25000-scale,"Surficial geology map and till geochemistry of Mount Mye (105K/6 W), central Yukon (1:25,000 scale)",0,0,1,1,2,information,yukon-geological-survey,2011-04-04T03:04:38,2011-04-04T03:04:38,2011,2011
surficial-geology-map-and-till-geochemistry-of-mount-mye-105k-6-e-central-yukon-1-25000-scale,"Surficial geology map and till geochemistry of Mount Mye (105K/6 E), central Yukon (1:25,000 scale)",0,0,1,1,2,information,yukon-geological-survey,2011-04-04T03:04:38,2011-04-04T03:04:38,2011,2011
the-co-variation-of-lithology-and-geometry-in-triassic-reefal-limestones-at-lime-peak-yukon,"The co-variation of lithology and geometry in Triassic reefal limestones at Lime Peak, Yukon",0,0,1,2,2,information,yukon-geological-survey,2011-04-04T03:04:37,2011-04-04T03:04:37,2011,2011
syn-mineralization-faults-and-their-re-activation-finlayson-lake-massive-sulphide-district-yuko,"Syn-mineralization faults and their re-activation, Finlayson Lake massive sulphide district, Yukon-Tanana Terrane, southeastern Yukon",0,0,1,1,2,information,yukon-geological-survey,2011-04-04T03:04:36,2011-04-04T03:04:36,2011,2011
structure-and-stratigraphy-of-the-macmillan-fold-belt-evidence-for-devonian-faulting-1,Structure and Stratigraphy of the MacMillan Fold Belt: Evidence for Devonian Faulting,0,0,1,2,2,information,yukon-geological-survey,2011-04-04T03:04:36,2011-04-04T03:04:36,2011,2011
white-channel-gravel-of-the-klondike,White channel gravel of the Klondike,0,0,1,2,2,information,yukon-geological-survey,2011-04-04T03:04:36,2011-04-04T03:04:36,2011,2011
sluicing-in-the-yukon-territory-1984,Sluicing in the Yukon Territory - 1984,0,0,1,1,2,information,yukon-geological-survey,2011-04-04T03:04:35,2011-04-04T03:04:35,2011,2011
preliminary-report-on-early-tertiary-clastics-west-central-yukon,"Preliminary report on early Tertiary clastics, west-central Yukon",0,0,1,2,2,information,yukon-geological-survey,2011-04-04T03:04:35,2011-04-04T03:04:35,2011,2011
petrology-and-geology-of-high-level-rhyolite-intrusives-of-the-skukum-area-105-d-sw-yukon-terri,"Petrology & geology of high level rhyolite intrusives of the Skukum area, 105 D SW, Yukon Territory",0,0,1,2,2,information,yukon-geological-survey,2011-04-04T03:04:35,2011-04-04T03:04:35,2011,2011
petrographic-and-geochemical-evidence-for-a-hydrothermal-origin-of-the-rusty-springs-pb-zn-ag-p,Petrographic and geochemical evidence for a hydrothermal origin of the Rusty Springs Pb-Zn-Ag prospect,0,0,1,2,2,information,yukon-geological-survey,2011-04-04T03:04:35,2011-04-04T03:04:35,2011,2011
geology-of-the-mount-mclintock-map-area-105d-16-southern-yukon-territory,"Geology of the Mount M'Clintock Map Area (105D/16), Southern Yukon Territory",0,0,1,1,2,information,yukon-geological-survey,2011-04-04T03:04:34,2011-04-04T03:04:34,2011,2011
metamorphism-of-sedimentary-rocks-by-syenitic-intrusions-in-the-tombstone-range-116-a-4-yukon-t,"Metamorphism of Sedimentary Rocks by Syenitic Intrusions in the Tombstone Range 116 A/4, Yukon Territory",0,0,1,2,2,information,yukon-geological-survey,2011-04-04T03:04:34,2011-04-04T03:04:34,2011,2011
mineral-exploration-in-yukon-and-western-district-of-mackenzie-deposit-discovery-rate-and-explo,Mineral exploration in Yukon and western district of Mackenzie: Deposit discovery rate and exploration potential,0,0,1,2,2,information,yukon-geological-survey,2011-04-04T03:04:34,2011-04-04T03:04:34,2011,2011
heavy-minerals-in-the-gravels-of-highet-creek-yukon-territory-115-p-9-16,"Heavy minerals in the gravels of Highet Creek, Yukon Territory, 115 P/9, 16",0,0,1,2,2,information,yukon-geological-survey,2011-04-04T03:04:34,2011-04-04T03:04:34,2011,2011
drilling-techniques-and-evaluation-of-placer-gold-deposits,Drilling techniques and evaluation of placer gold deposits,0,0,1,1,2,information,yukon-geological-survey,2011-04-04T03:04:33,2011-04-04T03:04:33,2011,2011
geological-mapping-in-the-campbell-range-southeastern-yukon-parts-of-105-g-8-g-9-and-105-h-5-12,"Geological Mapping in the Campbell Range, Southeastern Yukon (Parts of 105 G/8, G/9 and 105 H/5, H/12)",0,0,1,1,2,information,yukon-geological-survey,2011-04-04T03:04:33,2011-04-04T03:04:33,2011,2011
interpretation-of-an-airborne-multiparameter-geophysical-survey-of-the-northern-dawson-range-ce,"Interpretation of an Airborne Multiparameter Geophysical Survey of the Northern Dawson Range, Central Yukon: A Progress Report",0,0,1,1,2,information,yukon-geological-survey,2011-04-04T03:04:33,2011-04-04T03:04:33,2011,2011
geology-and-mineral-occurrences-of-the-dolores-creek-map-area-106-c-14-wernecke-mountains-north,"Geology and mineral occurrences of the ""Dolores Creek"" map area (106 C/14), Wernecke Mountains, northeastern Yukon",0,0,1,1,2,information,yukon-geological-survey,2011-04-04T03:04:33,2011-04-04T03:04:33,2011,2011
geology-of-nts-map-area-116a-10-eastern-ogilvie-mountains-yukon,"Geology of NTS Map Area 116A/10, Eastern Ogilvie Mountains, Yukon",0,0,1,2,2,information,yukon-geological-survey,2011-04-04T03:04:32,2011-04-04T03:04:32,2011,2011
brewery-creek-gold-deposit-central-yukon,"Brewery Creek gold deposit, central Yukon",0,0,1,1,2,information,yukon-geological-survey,2011-04-04T03:04:32,2011-04-04T03:04:32,2011,2011
biostratigraphy-of-the-lower-to-middle-jurassic-laberge-group-whitehorse-map-area-105d-southern,"Biostratigraphy of the Lower to Middle Jurassic Laberge Group, Whitehorse Map Area (105D), Southern Yukon",0,0,1,1,2,information,yukon-geological-survey,2011-04-04T03:04:32,2011-04-04T03:04:32,2011,2011
geology-of-the-mcquesten-river-region-northern-mcquesten-and-mayo-map-areas-yukon-territo-13-14,"Geology of the McQuesten River Region, Northern McQuesten and Mayo Map Areas, Yukon Territory (115P/14, 15, 16; 105M/13, 14)",0,0,1,2,7,information,yukon-geological-survey,2011-04-04T03:04:27,2011-04-04T03:04:27,2011,2011
yukon-placer-mining-industry-1978-1982,Yukon Placer Mining Industry 1978-1982,0,0,1,1,2,information,yukon-geological-survey,2011-04-04T03:04:27,2011-04-04T03:04:27,2011,2011
yukon-placer-mining-industry-1983-1984,Yukon Placer Mining Industry 1983-1984,0,0,1,1,2,information,yukon-geological-survey,2011-04-04T03:04:27,2011-04-04T03:04:27,2011,2011
tectonic-assemblage-map-of-yukon-tanana-and-related-terranes-in-yukon-and-northern-british-colu,Tectonic assemblage map of Yukon-Tanana and related terranes in Yukon and northern British Columbia (1:1 000 000 scale),0,0,1,4,2,information,yukon-geological-survey,2011-04-04T03:04:27,2011-04-04T03:04:27,2011,2011
shape-and-composition-of-lode-and-placer-gold-from-the-klondike-district-yukon-canada-115o-part,"Shape and Composition of Lode and Placer Gold from the Klondike District, Yukon, Canada  (115O Parts of 116 B)",0,0,1,1,2,information,yukon-geological-survey,2011-04-04T03:04:27,2011-04-04T03:04:27,2011,2011
yukon-exploration-and-geology-1994,Yukon Exploration and Geology 1994,0,0,1,1,2,information,yukon-geological-survey,2011-04-04T03:04:27,2011-04-04T03:04:27,2011,2011
yukon-exploration-and-geology-1981,Yukon Exploration and Geology 1981,0,0,1,2,2,information,yukon-geological-survey,2011-04-04T03:04:26,2011-04-04T03:04:26,2011,2011
geology-of-aishihik-lake-map-area-yukon-nts-115h-6,"Geology of Aishihik Lake Map Area, Yukon (NTS 115H/6)",0,0,1,2,2,information,yukon-geological-survey,2011-04-04T03:04:24,2011-04-04T03:04:24,2011,2011
surficial-geology-map-of-north-mcquesten-river-central-yukon-116a-1,"Surficial Geology Map of North McQuesten River, Central Yukon (116A/1)",0,0,1,1,2,information,yukon-geological-survey,2011-04-04T03:04:24,2011-04-04T03:04:24,2011,2011
designated-historic-sites-yukon,Designated Historic Sites Yukon,0,0,0,0,1,data,economic-development-tourism-and-culture,2017-09-19T01:08:51,2026-06-04T22:41:31.318597,2017,2026
21-0505,21-0505,0,0,0,0,1,access-requests,economic-development-tourism-and-culture,2022-03-07T08:52:29,2026-06-04T22:41:26.353774,2022,2026
22-0010,22-0010,0,0,0,0,2,access-requests,economic-development-tourism-and-culture,2022-03-07T09:21:15,2026-06-04T22:41:24.906269,2022,2026
canto-cumulus-system,Canto Cumulus System,0,0,0,0,0,pia-summaries,economic-development-tourism-and-culture,2022-05-10T15:45:52,2026-06-04T22:41:23.202310,2022,2026
22-0180,22-0180,0,0,0,0,2,access-requests,economic-development-tourism-and-culture,2022-06-13T09:21:38,2026-06-04T22:41:21.923072,2022,2026
archives-digital-transfer-tool,Archives Digital Transfer Tool,0,0,0,0,0,pia-summaries,economic-development-tourism-and-culture,2022-07-21T15:14:15,2026-06-04T22:41:20.738081,2022,2026
collectiveaccess,CollectiveAccess,0,0,0,0,0,pia-summaries,economic-development-tourism-and-culture,2022-07-22T09:13:23,2026-06-04T22:41:19.358104,2022,2026
exploring-yukon-history-outreach-webpage,Exploring Yukon History Outreach Webpage,0,0,0,0,0,pia-summaries,economic-development-tourism-and-culture,2022-07-22T09:29:17,2026-06-04T22:41:18.096041,2022,2026
22-0261,22-0261,0,0,0,0,2,access-requests,economic-development-tourism-and-culture,2022-07-29T11:27:06,2026-06-04T22:41:14.498704,2022,2026
yukon-road-trip-application,Yukon Road Trip Application,0,0,0,0,0,pia-summaries,economic-development-tourism-and-culture,2022-08-01T11:18:59,2026-06-04T22:41:12.603089,2022,2026
22-0415,22-0415,0,0,0,0,1,access-requests,economic-development-tourism-and-culture,2022-10-27T14:44:42,2026-06-04T22:41:11.275064,2022,2026
yukon-archives-artist-in-residence-program,Yukon Archives Artist in Residence Program,0,1,0,0,0,pia-summaries,economic-development-tourism-and-culture,2022-11-30T14:03:50,2026-06-04T22:41:09.214906,2022,2026
22-0487,22-0487,0,0,0,0,1,access-requests,economic-development-tourism-and-culture,2022-12-07T16:03:55,2026-06-04T22:41:06.437283,2022,2026
22-0557,22-0557,0,0,0,0,2,access-requests,economic-development-tourism-and-culture,2023-01-25T10:59:25,2026-06-04T22:41:01.821849,2023,2026
22-0741,22-0741,0,0,0,0,2,access-requests,economic-development-tourism-and-culture,2023-05-10T09:16:57,2026-06-04T22:41:00.489886,2023,2026
sustainable-tourism-framework-dashboard,Sustainable Tourism Framework Dashboard,0,0,0,0,0,pia-summaries,economic-development-tourism-and-culture,2023-11-06T09:43:18,2026-06-04T22:40:59.165232,2023,2026
125-prize,125 Prize,0,0,0,0,0,pia-summaries,economic-development-tourism-and-culture,2023-11-06T10:05:15,2026-06-04T22:40:57.617556,2023,2026
visitor-information-centres-pia-amendment-phase-2-wi-fi-and-qr-codes,Visitor Information Centres PIA Amendment Phase 2: Wi-Fi and QR Codes,0,0,0,0,0,pia-summaries,economic-development-tourism-and-culture,2024-01-11T08:55:27,2026-06-04T22:40:55.978189,2024,2026
culture-programs,Culture Programs,0,0,0,0,0,pia-summaries,economic-development-tourism-and-culture,2024-01-24T14:40:57,2026-06-04T22:40:54.633658,2024,2026
23-0490,23-0490,0,0,0,0,1,access-requests,economic-development-tourism-and-culture,2024-05-21T17:06:22,2026-06-04T22:40:53.125470,2024,2026
beringia-centre-lenel-on-guard-cctv,Beringia Centre - Lenel On Guard CCTV,0,0,0,0,0,pia-summaries,economic-development-tourism-and-culture,2024-11-26T09:55:08,2026-06-04T22:40:51.422727,2024,2026
24-0033,24-0033,0,0,0,0,2,access-requests,economic-development-tourism-and-culture,2025-01-14T20:08:15,2026-06-04T22:40:49.612870,2025,2026
24-0180,24-0180,0,0,0,0,2,access-requests,economic-development-tourism-and-culture,2025-02-02T19:42:51,2026-06-04T22:40:48.101525,2025,2026
community-visitor-surveys,Community visitor surveys,0,0,0,0,2,information,economic-development-tourism-and-culture,2025-03-25T14:12:39,2026-06-04T22:40:40.343949,2025,2026
resident-perceptions-of-tourism-survey,Resident perceptions of tourism survey,0,0,0,0,4,information,economic-development-tourism-and-culture,2025-03-25T14:21:44,2026-06-04T22:40:38.971224,2025,2026
yukon-visitor-tracking-program-2012-2013,Yukon Visitor Tracking Program (2012-2013),0,4,0,0,5,information,economic-development-tourism-and-culture,2025-03-25T14:30:14,2026-06-04T22:40:37.200957,2025,2026
archivera,ArchivEra,0,0,0,0,0,pia-summaries,economic-development-tourism-and-culture,2026-02-07T19:13:25.028664,2026-06-04T22:40:32.673201,2026,2026
spark-tourism-micro-grant,Spark Tourism Micro Grant,0,0,0,0,0,pia-summaries,economic-development-tourism-and-culture,2026-04-21T20:54:38.343996,2026-06-04T22:40:31.292355,2026,2026
sights-and-sites-tourism-app,Sights and Sites Tourism app,0,0,0,0,0,pia-summaries,economic-development-tourism-and-culture,2026-05-13T21:34:12.264219,2026-06-04T22:40:30.038753,2026,2026
red-tape-reduction-feedback,Red Tape Reduction Feedback,0,0,0,0,0,pia-summaries,economic-development-tourism-and-culture,2026-05-13T21:48:46.790109,2026-06-04T22:40:28.779376,2026,2026
frais-de-deplacement-des-ministres-2025,Frais de déplacement des ministres 2025,0,0,0,0,9,information,executive-council-office,2026-06-03T22:57:39.470657,2026-06-03T22:57:54.715391,2026,2026
frais-de-deplacement-des-ministres-2024,Frais de déplacement des ministres 2024,0,0,0,0,44,information,executive-council-office,2026-06-03T22:56:47.942565,2026-06-03T22:57:49.552476,2026,2026
frais-de-deplacement-des-ministres-2023,Frais de déplacement des ministres 2023,0,0,0,0,28,information,executive-council-office,2026-06-03T22:56:18.725915,2026-06-03T22:56:54.413227,2026,2026
frais-de-deplacement-des-ministres-2022,Frais de déplacement des ministres 2022,0,0,0,0,21,information,executive-council-office,2026-06-03T22:55:56.963358,2026-06-03T22:56:33.750032,2026,2026
frais-de-deplacement-des-ministres-2021,Frais de déplacement des ministres 2021,0,0,0,0,2,information,executive-council-office,2026-06-03T22:55:54.696093,2026-06-03T22:56:12.400777,2026,2026
frais-de-deplacement-des-ministres-2020,Frais de déplacement des ministres 2020,0,0,0,0,15,information,executive-council-office,2026-06-03T22:55:40.083368,2026-06-03T22:55:59.439249,2026,2026
frais-de-deplacement-des-ministres-2019,Frais de déplacement des ministres 2019,0,0,0,0,35,information,executive-council-office,2026-06-03T22:55:00.722091,2026-06-03T22:55:42.521576,2026,2026
frais-de-deplacement-des-ministres-2018,Frais de déplacement des ministres 2018,0,0,0,0,40,information,executive-council-office,2026-06-03T22:54:15.828740,2026-06-03T22:55:14.893005,2026,2026
frais-de-deplacement-des-ministres-2017,Frais de déplacement des ministres 2017,0,0,0,0,43,information,executive-council-office,2026-06-03T22:53:26.192207,2026-06-03T22:54:25.465150,2026,2026
frais-de-deplacement-des-ministres-2016,Frais de déplacement des ministres 2016,0,0,0,0,3,information,executive-council-office,2026-06-03T22:53:23.109427,2026-06-03T22:53:41.652299,2026,2026
minister-travel-expense-reports-2025,Minister travel expense reports 2025,0,0,0,0,31,information,executive-council-office,2026-06-03T22:52:47.923708,2026-06-03T22:53:24.169943,2026,2026
minister-travel-expense-reports-2024,Minister travel expense reports 2024,0,0,0,0,29,information,executive-council-office,2026-06-03T22:52:17.186220,2026-06-03T22:52:55.895505,2026,2026
minister-travel-expense-reports-2023,Minister travel expense reports 2023,0,0,0,0,51,information,executive-council-office,2026-06-03T22:51:17.713600,2026-06-03T22:52:19.950355,2026,2026
minister-travel-expense-reports-2022,Minister travel expense reports 2022,0,0,0,0,30,information,executive-council-office,2026-06-03T22:50:46.866460,2026-06-03T22:51:29.865789,2026,2026
minister-travel-expense-reports-2021,Minister travel expense reports 2021,0,0,0,0,2,information,executive-council-office,2026-06-03T22:50:44.790437,2026-06-03T22:51:06.714827,2026,2026
minister-travel-expense-reports-2020,Minister travel expense reports 2020,0,0,0,0,8,information,executive-council-office,2026-06-03T22:50:37.159394,2026-06-03T22:50:56.720223,2026,2026
minister-travel-expense-reports-2019,Minister travel expense reports 2019,0,0,0,0,36,information,executive-council-office,2026-06-03T22:49:57.129050,2026-06-03T22:50:55.209943,2026,2026
minister-travel-expense-reports-2018,Minister travel expense reports 2018,0,0,0,0,46,information,executive-council-office,2026-06-03T22:49:04.814633,2026-06-03T22:50:14.227731,2026,2026
minister-travel-expense-reports-2017,Minister travel expense reports 2017,0,0,0,0,48,information,executive-council-office,2026-06-03T22:48:11.785147,2026-06-03T22:49:29.159322,2026,2026
yukon-health-care-insurance-plan-yhcip-e-form,Yukon Health Care Insurance Plan (YHCIP) e-Form,0,0,0,0,0,pia-summaries,health-and-social-services,2026-06-01T15:12:32.602365,2026-06-01T15:12:47.831076,2026,2026
research-of-low-permeability-cover-performance-at-the-arctic-gold-and-silver-mine-site-carcross,"Research of Low Permeability Cover Performance at the Arctic Gold and Silver Mine Site, Carcross, Yukon",0,0,0,0,2,information,yukon-geological-survey,2011-04-04T03:04:38,2026-05-28T05:21:00.832163,2011,2026
complaints-investigation-process-for-licensed-practical-nurses-in-yukon-territory,Complaints Investigation Process for Licensed Practical Nurses in Yukon Territory,0,0,0,0,0,pia-summaries,community-services,2026-05-25T22:51:00.652167,2026-05-25T22:51:02.957570,2026,2026
simpli-events,Simpli Events,0,0,0,0,0,pia-summaries,highways-and-public-works,2026-05-22T16:34:24.908317,2026-05-22T16:34:26.223012,2026,2026
old-crow-flood-hazard-maps,Old Crow flood hazard maps,0,0,0,0,11,data,geomatics-yukon,2026-05-19T21:00:55.557315,2026-05-21T17:20:48.938210,2026,2026
dawson-city-klondike-valley-flood-hazard-maps,Dawson City/Klondike Valley flood hazard maps,0,0,0,0,19,data,geomatics-yukon,2026-05-20T17:19:21.813732,2026-05-21T17:19:38.882290,2026,2026
social-statistics,Social statistics,0,0,0,0,2,data,yukon-bureau-of-statistics,2026-05-20T23:07:02.635680,2026-05-20T23:19:08.945945,2026,2026
employment-statistics,Employment statistics,0,0,0,0,1,data,yukon-bureau-of-statistics,2026-05-20T23:04:57.003805,2026-05-20T23:19:07.062900,2026,2026
economic-statistics,Economic statistics,0,0,0,0,8,data,yukon-bureau-of-statistics,2026-05-20T23:01:25.813720,2026-05-20T23:19:05.914821,2026,2026
census-2011-census-profile,Census 2011 (Census Profile),0,0,0,0,24,data,yukon-bureau-of-statistics,2026-05-20T23:12:29.851514,2026-05-20T23:16:45.267222,2026,2026
idexx-neo-veterinary-practice-management-software,IDEXX Neo Veterinary Practice Management Software,0,0,0,0,0,pia-summaries,environment,2026-05-13T21:51:26.018239,2026-05-13T21:51:26.436894,2026,2026
ministerial-public-body-organizational-structures,Ministerial public body organizational structures,0,4,0,0,40,information,atipp-office,2021-03-31T20:51:41,2026-05-01T16:51:12.124952,2021,2026
cumulative-effects-program-remote-camera-detections-clear-creek-2022-23,Cumulative Effects Program Remote Camera Detections - Clear Creek 2022-23,0,0,0,0,85,data,environment,2026-04-27T17:50:30.560324,2026-04-28T20:14:19.196244,2026,2026
student-transportation,Student Transportation,0,0,0,0,0,pia-summaries,education,2026-04-27T19:51:50.760382,2026-04-27T19:51:51.044362,2026,2026
cumulative-effects-program-remote-camera-detections-clear-creek-2023-24,Cumulative Effects Program Remote Camera Detections - Clear Creek 2023-24,0,0,0,0,92,data,environment,2026-03-26T21:22:53.361006,2026-04-27T18:05:19.321798,2026,2026
cumulative-effects-program-remote-camera-detections-clear-creek-2024-25,Cumulative Effects Program Remote Camera Detections - Clear Creek 2024-25,0,3,0,0,91,data,environment,2026-03-26T21:04:34.812438,2026-04-27T18:04:43.420789,2026,2026
workhub-software,Workhub Software Use,0,0,0,0,0,pia-summaries,health-and-social-services,2026-04-16T22:53:15.489855,2026-04-16T22:53:15.822408,2026,2026
yukon-telehealth-network,Yukon Telehealth Network,0,0,0,0,0,pia-summaries,health-and-social-services,2026-04-15T20:19:14.043896,2026-04-15T20:20:08.222661,2026,2026
yukon-national-pharmacare-program-ynpp,Yukon National Pharmacare Program (YNPP),0,0,0,0,0,pia-summaries,health-and-social-services,2026-04-14T15:04:55.004339,2026-04-14T15:04:55.429851,2026,2026
dawson-land-management-units-250k,Dawson Landscape Management Units - 250k,0,0,0,0,3,data,geomatics-yukon,2022-09-14T22:00:08,2026-04-09T22:44:24.979224,2022,2026
yukon-medium-resolution-satellite-imagery,Yukon Medium Resolution Satellite Imagery,0,0,0,0,3,data,geomatics-yukon,2025-05-28T21:28:48,2026-04-09T22:17:03.934207,2025,2026
yukon-high-resolution-satellite-imagery,Yukon High Resolution Satellite Imagery,0,0,0,0,3,data,geomatics-yukon,2015-05-22T16:44:15,2026-04-09T22:17:02.985857,2015,2026
agricultural-land-parcels-surveyed,Agricultural Land Parcels - Surveyed,0,0,0,0,3,data,geomatics-yukon,2024-06-26T18:04:12,2026-04-09T22:15:04.171650,2024,2026
plans-et-rapports-changements-climatiques,Plans et rapports - Changements climatiques,0,0,0,0,13,information,environment,2026-04-02T17:09:32.069241,2026-04-09T19:27:57.469117,2026,2026
oic-yukon-act,OIC - Yukon Act,0,0,0,0,3,data,geomatics-yukon,2026-03-09T18:26:39.659695,2026-04-09T16:54:10.404992,2026,2026
oic-oil-and-gas-act,OIC - Oil and Gas Act,0,0,0,0,3,data,geomatics-yukon,2026-03-09T18:26:42.057922,2026-04-09T16:53:58.254147,2026,2026
historical-land-use-permits-point-50k,Historical Land Use Permits Point - 50k,0,0,0,0,3,data,geomatics-yukon,2026-03-09T18:26:44.555868,2026-04-09T16:53:46.939335,2026,2026
land-applications-active,Land Applications Active,0,5,0,0,3,data,geomatics-yukon,2026-03-09T18:26:46.927372,2026-04-09T16:53:31.116756,2026,2026
geotechnical-report-line,Geotechnical report line,0,3,0,0,3,data,geomatics-yukon,2026-03-09T18:26:49.322617,2026-04-09T16:53:18.708715,2026,2026
air-photo-locations-1961-to-1970,Air photo locations 1961 to 1970,0,0,0,0,3,data,geomatics-yukon,2026-03-09T18:26:51.680211,2026-04-09T16:53:06.347857,2026,2026
air-photo-locations-1946-to-1950,Air photo locations 1946 to 1950,0,0,0,0,3,data,geomatics-yukon,2026-03-09T18:26:53.859848,2026-04-09T16:52:54.419974,2026,2026
oil-and-gas-wells-50k,Oil and Gas Wells - 50k,0,3,0,0,3,data,geomatics-yukon,2026-03-09T18:26:56.220591,2026-04-09T16:52:42.772880,2026,2026
yukon-electoral-districts,Yukon Electoral Districts,0,4,0,0,3,data,geomatics-yukon,2026-03-09T18:26:58.655472,2026-04-09T16:52:26.524214,2026,2026
building-footprints,Building Footprints,0,4,0,0,3,data,geomatics-yukon,2026-03-09T18:27:01.120689,2026-04-09T16:52:10.688364,2026,2026
yukon-electoral-polling-divisions,Yukon Electoral Polling Divisions,0,7,0,0,3,data,geomatics-yukon,2026-03-09T18:27:04.664631,2026-04-09T16:51:58.518506,2026,2026
rock-properties,Rock Properties,0,6,0,0,3,data,geomatics-yukon,2026-03-09T18:27:07.027000,2026-04-09T16:51:46.001644,2026,2026
yukon-and-adjoining-land-mass,Yukon and Adjoining Land Mass,0,2,0,0,3,data,geomatics-yukon,2026-03-09T18:27:16.479359,2026-04-09T16:51:08.943108,2026,2026
utilities-line-250k,Utilities Line - 250k,0,0,0,0,3,data,geomatics-yukon,2026-03-09T18:27:18.823823,2026-04-09T16:50:56.731878,2026,2026
community-road-names,Community Road Names,0,7,0,0,3,data,geomatics-yukon,2026-03-09T18:27:21.056166,2026-04-09T16:50:44.703129,2026,2026
a-celebration-of-swans-posters,A Celebration of Swans posters,0,0,0,0,26,information,environment,2026-03-27T17:54:16.187399,2026-04-02T18:29:57.744269,2026,2026
independent-external-review,Independent External Review - Department of Education,0,0,0,0,2,information,education,2026-03-26T21:31:07.035890,2026-03-26T21:33:33.141051,2026,2026
department-of-education-independent-external-review,Ministère de l’Éducation - Examen externe indépendant,0,57,0,63,2,information,education,2026-03-18T16:49:57.077819,2026-03-26T21:23:56.431104,2026,2026
department-of-education-policies-superseded-obsolete,Department of Education Policies (superseded / obsolete),0,0,0,0,32,information,education,2025-04-30T11:43:37,2026-03-26T19:15:19.337982,2025,2026
goldcare-electronic-medical-record-wristbands,GoldCare Electronic Medical Record - Wristbands,0,0,0,0,0,pia-summaries,health-and-social-services,2026-03-13T20:37:04.830301,2026-03-13T20:37:05.337282,2026,2026
health-behaviours-of-young-yukoners,Health behaviours of young Yukoners,0,13,0,0,9,information,health-and-social-services,2025-05-08T07:59:41,2026-03-13T20:15:11.563550,2025,2026
atipp-section-69-receipt-template,ATIPP Section 69 Receipt Template,0,0,0,0,1,information,atipp-office,2026-03-05T18:24:43.053121,2026-03-05T18:24:57.631314,2026,2026
atipp-section-68-receipt-template,ATIPP Section 68 Receipt Template,0,0,0,0,1,information,atipp-office,2026-03-05T18:23:03.999928,2026-03-05T18:23:49.960443,2026,2026
atipp-section-68-and-69-guidance,ATIPP Section 68 and 69 Guidance,0,0,0,0,1,information,atipp-office,2026-03-05T18:20:41.948217,2026-03-05T18:21:24.596886,2026,2026
2025-26-supplementary-estimates-no-1,2025–26 Supplementary estimates no. 1,0,0,0,0,30,information,finance,2026-03-05T16:40:36.362817,2026-03-05T16:54:34.091623,2026,2026
2025-26-operation-and-maintenance-and-capital-estimates,2025–26 Operation and maintenance and capital estimates,0,0,0,0,36,information,finance,2026-03-05T16:20:06.811104,2026-03-05T16:37:49.867363,2026,2026
2025-26-additional-information-and-statistics,2025–26 Additional information and statistics,0,0,0,0,8,information,finance,2026-03-05T16:14:49.801420,2026-03-05T16:17:18.339699,2026,2026
2025-26-budget,2025–26 Budget,0,9,0,3,7,information,finance,2026-03-05T15:59:32.852106,2026-03-05T16:05:19.507165,2026,2026
online-frontcountry-campsite-reservation-service-post-camping-surveys,Online frontcountry campsite reservation service post-camping surveys,0,5,0,0,2,information,environment,2026-03-04T16:57:54.290997,2026-03-04T17:23:44.851162,2026,2026
woodland-caribou-level-3-wildlife-key-area-250k,Woodland Caribou - Level 3 - Wildlife Key Area - 250k,0,0,0,0,3,data,geomatics-yukon,2016-06-10T19:52:02,2026-02-26T21:52:54.585001,2016,2026
woodland-caribou-level-2-wildlife-key-area-250k,Woodland Caribou - Level 2 - Wildlife Key Area - 250k,0,0,0,0,3,data,geomatics-yukon,2016-06-10T19:49:40,2026-02-26T21:52:53.235657,2016,2026
wood-bison-wildlife-key-area-250k,Wood Bison - Wildlife Key Area - 250k,0,0,0,0,3,data,geomatics-yukon,2016-06-10T19:46:12,2026-02-26T21:52:51.912460,2016,2026
wolf-wildlife-key-area-250k,Wolf - Wildlife Key Area - 250k,0,0,0,0,3,data,geomatics-yukon,2016-06-10T19:44:33,2026-02-26T21:52:50.627036,2016,2026
whale-wildlife-key-area-250k,Whale - Wildlife Key Area - 250k,0,0,0,0,3,data,geomatics-yukon,2016-06-10T19:43:02,2026-02-26T21:52:49.326736,2016,2026
waterfowl-wildlife-key-area-250k,Waterfowl - Wildlife Key Area - 250k,0,0,0,0,3,data,geomatics-yukon,2016-06-10T19:41:22,2026-02-26T21:52:47.994147,2016,2026
thinhorn-sheep-wildlife-key-area-250k,Thinhorn Sheep - Wildlife Key Area - 250k,0,2,0,0,3,data,geomatics-yukon,2016-06-10T19:39:29,2026-02-26T21:52:46.719926,2016,2026
shorebird-wildlife-key-area-250k,Shorebird - Wildlife Key Area - 250k,0,0,0,0,3,data,geomatics-yukon,2016-06-10T19:37:48,2026-02-26T21:52:45.323704,2016,2026
sharp-tailed-grouse-wildlife-key-area-250k,Sharp-tailed Grouse - Wildlife Key Area - 250k,0,0,0,0,3,data,geomatics-yukon,2016-06-10T19:35:54,2026-02-26T21:52:43.921079,2016,2026
seal-wildlife-key-area-250k,Seal - Wildlife Key Area - 250k,0,0,0,0,3,data,geomatics-yukon,2016-06-10T19:28:05,2026-02-26T21:52:42.608996,2016,2026
raptor-wildlife-key-area-250k,Raptor - Wildlife Key Area - 250k,0,0,0,0,3,data,geomatics-yukon,2016-06-10T19:26:03,2026-02-26T21:52:41.299228,2016,2026
polar-bear-wildlife-key-area-250k,Polar Bear - Wildlife Key Area - 250k,0,0,0,0,3,data,geomatics-yukon,2016-06-10T19:24:25,2026-02-26T21:52:39.933376,2016,2026
muskox-level-3-wildlife-key-area-250k,Muskox - Level 3 - Wildlife Key Area - 250k,0,0,0,0,3,data,geomatics-yukon,2016-06-10T19:22:22,2026-02-26T21:52:38.673793,2016,2026
muskox-level-2-wildlife-key-area-250k,Muskox - Level 2 - Wildlife Key Area - 250k,0,0,0,0,3,data,geomatics-yukon,2016-06-10T19:15:07,2026-02-26T21:52:37.360537,2016,2026
mule-deer-wildlife-key-area-250k,Mule Deer - Wildlife Key Area - 250k,0,0,0,0,3,data,geomatics-yukon,2016-06-10T19:13:18,2026-02-26T21:52:36.062491,2016,2026
mountain-goat-wildlife-key-area-250k,Mountain Goat - Wildlife Key Area - 250k,0,2,0,0,3,data,geomatics-yukon,2016-06-10T19:10:36,2026-02-26T21:52:34.793963,2016,2026
moose-wildlife-key-area-250k,Moose - Wildlife Key Area - 250k,0,0,0,0,3,data,geomatics-yukon,2016-06-10T19:08:37,2026-02-26T21:52:33.453573,2016,2026
mineral-lick-wildlife-key-area-250k,Mineral Lick - Wildlife Key Area - 250k,0,0,0,0,3,data,geomatics-yukon,2016-06-10T19:06:08,2026-02-26T21:52:32.107374,2016,2026
gull-wildlife-key-area-250k,Gull - Wildlife Key Area - 250k,0,0,0,0,3,data,geomatics-yukon,2016-06-10T19:03:38,2026-02-26T21:52:30.753777,2016,2026
fox-wildlife-key-area-250k,Fox - Wildlife Key Area - 250k,0,0,0,0,3,data,geomatics-yukon,2016-06-10T19:00:38,2026-02-26T21:52:29.455027,2016,2026
footprints-yukon-composite-150-cm,Footprints Yukon Composite 150 cm,0,0,0,0,3,data,geomatics-yukon,2025-06-16T22:01:10,2026-02-26T21:52:28.155745,2025,2026
first-nation-traditional-territories-250k,First Nation Traditional Territories - 250k,0,0,0,0,3,data,geomatics-yukon,2016-06-09T20:26:46,2026-02-26T21:52:26.859892,2016,2026
first-nation-traditional-territories-1m,First Nation Traditional Territories - 1M,0,0,0,0,3,data,geomatics-yukon,2016-06-09T20:29:19,2026-02-26T21:52:25.562087,2016,2026
elk-wildlife-key-area-250k,Elk - Wildlife Key Area - 250k,0,0,0,0,3,data,geomatics-yukon,2016-06-10T18:57:47,2026-02-26T21:52:24.127882,2016,2026
conservation-officer-districts-50k,Conservation Officer Districts - 50K,0,0,0,0,3,data,geomatics-yukon,2024-09-06T17:02:09,2026-02-26T21:52:22.796485,2024,2026
conservation-officer-districts-1m,Conservation Officer Districts - 1M,0,0,0,0,3,data,geomatics-yukon,2024-09-06T16:59:27,2026-02-26T21:52:20.237103,2024,2026
black-guillemot-wildlife-key-area-250k,Black Guillemot - Wildlife Key Area - 250k,0,0,0,0,3,data,geomatics-yukon,2016-06-10T18:53:29,2026-02-26T21:52:18.888222,2016,2026
beaver-and-muskrat-wildlife-key-area-250k,Beaver and muskrat - wildlife key area - 250k,0,0,0,0,3,data,geomatics-yukon,2016-06-10T18:50:55,2026-02-26T21:52:17.533770,2016,2026
bear-wildlife-key-area-250k,Bear - wildlife key area - 250k,0,0,0,0,3,data,geomatics-yukon,2016-06-10T18:47:56,2026-02-26T21:52:16.171121,2016,2026
barren-ground-caribou-wildlife-key-area-250k,Barren-ground caribou - wildlife key area - 250k,0,0,0,0,3,data,geomatics-yukon,2016-06-10T18:45:35,2026-02-26T21:52:14.811433,2016,2026
news-releases-2020,News releases 2020,0,2,0,0,394,information,executive-council-office,2026-02-25T18:10:59.193964,2026-02-25T20:25:23.805182,2026,2026
news-releases-2019,News releases 2019,0,1,0,0,285,information,executive-council-office,2026-02-25T18:01:21.493622,2026-02-25T20:24:49.427255,2026,2026
news-releases-2018,News releases 2018,0,0,0,0,274,information,executive-council-office,2026-02-25T17:52:13.930787,2026-02-25T20:23:47.517364,2026,2026
communiques-de-presse-2021,Communiqués de presse 2021,0,0,0,0,495,information,executive-council-office,2026-02-25T19:29:18.954593,2026-02-25T20:22:18.585069,2026,2026
communiques-de-presse-2020,Communiqués de presse 2020,0,0,0,0,394,information,executive-council-office,2026-02-25T19:11:54.581181,2026-02-25T20:21:26.888003,2026,2026
communiques-de-presse-2019,Communiqués de presse 2019,0,0,0,0,285,information,executive-council-office,2026-02-25T19:02:09.304706,2026-02-25T20:20:24.263110,2026,2026
communiques-de-presse-2018,Communiqués de presse 2018,0,0,0,0,274,information,executive-council-office,2026-02-25T18:53:04.277907,2026-02-25T20:18:28.231585,2026,2026
news-releases-2016,News releases 2016,0,0,0,0,360,information,executive-council-office,2020-03-27T16:40:03,2026-02-25T17:49:16.696917,2020,2026
yukon-liquor-board-bylaws,Yukon Liquor Board Bylaws,0,13,0,12,13,information,yukon-liquor-corporation,2025-12-18T15:31:57.001993,2026-02-24T18:01:02.407141,2025,2026
private-members-caucus,Private Members' Caucus,0,0,0,0,1,information,executive-council-office,2026-02-23T23:09:59.573056,2026-02-23T23:26:03.681226,2026,2026
yukon-whole-rock-pb-nd-hf-sr-and-feldspar-pb-isotope-compilation,Yukon Whole Rock Pb-Nd-Hf-Sr and Feldspar Pb Isotope Compilation,0,0,0,0,3,data,geomatics-yukon,2022-11-12T17:59:17,2026-02-11T17:27:31.006271,2022,2026
yukon-radon-reports,Yukon radon reports,0,18,0,0,2,information,health-and-social-services,2026-02-04T16:28:18.858044,2026-02-04T16:31:36.255013,2026,2026
covid-19-vaccine-strategy-and-rollout-schedule,COVID-19 vaccine strategy and rollout schedule,0,0,0,0,5,information,health-and-social-services,2026-02-03T19:07:24.559728,2026-02-03T20:17:35.640951,2026,2026
terranes,Terranes,0,4,0,0,1,information,yukon-geological-survey,2019-02-15T11:02:55,2026-02-03T20:01:40.320248,2019,2026
palliative-care-resource-team-newsletter,Palliative Care Resource Team Newsletter,0,6,0,0,12,information,health-and-social-services,2025-01-09T15:53:43,2026-01-27T22:50:21.965980,2025,2026
sustainable-communities-forum,Sustainable Communities Forum,0,0,0,0,0,pia-summaries,community-services,2026-01-27T03:48:59.114341,2026-01-27T03:48:59.394558,2026,2026
25-0141,25-0141,0,6,0,0,1,access-requests,public-service-commission,2026-01-26T03:24:01.422755,2026-01-26T03:24:24.622909,2026,2026
25-059,25-059,0,1,0,0,2,access-requests,yukon-liquor-corporation,2026-01-26T03:07:09.508008,2026-01-26T03:08:02.801497,2026,2026
25-026,25-026,0,0,0,0,2,access-requests,public-service-commission,2026-01-26T02:53:40.692825,2026-01-26T02:54:22.880210,2026,2026
25-013,25-013,0,0,0,0,2,access-requests,environment,2026-01-26T02:47:07.072405,2026-01-26T02:48:02.807256,2026,2026
cambian-online-scheduler-phase-ii-and-phase-iii-and-cambian-appointment-scheduler-update,Cambian Online Scheduler (Phase II and Phase III) and Cambian Appointment Scheduler Update,0,0,0,0,0,pia-summaries,health-and-social-services,2026-01-24T22:11:07.127674,2026-01-24T22:11:07.430398,2026,2026
government-of-yukon-and-yukon-university-accountability-framework,Government of Yukon and Yukon University Accountability Framework,0,0,0,0,1,information,education,2026-01-22T21:28:54.452292,2026-01-22T21:29:43.673865,2026,2026
25-003,25-003,0,0,0,0,2,access-requests,environment,2026-01-16T22:45:20.468563,2026-01-16T22:46:00.339658,2026,2026
24-0750,24-0750,0,0,0,0,2,access-requests,energy-mines-and-resources,2026-01-16T22:42:00.750957,2026-01-16T22:42:43.433615,2026,2026
24-0748,24-0748,0,1,0,0,2,access-requests,energy-mines-and-resources,2026-01-16T22:38:56.279133,2026-01-16T22:39:57.266363,2026,2026
25-0103,25-0103,0,1,0,0,1,access-requests,community-services,2026-01-14T03:20:36.633908,2026-01-14T03:21:28.484922,2026,2026
25-088,25-088,0,1,0,0,1,access-requests,energy-mines-and-resources,2026-01-14T03:16:46.914044,2026-01-14T03:18:40.749693,2026,2026
25-0145,25-0145,0,0,0,0,2,access-requests,health-and-social-services,2026-01-14T03:12:18.374683,2026-01-14T03:13:19.353756,2026,2026
25-097,25-097,0,2,0,0,2,access-requests,energy-mines-and-resources,2026-01-12T03:38:02.395312,2026-01-12T03:39:11.250409,2026,2026
25-086,25-086,0,0,0,0,2,access-requests,community-services,2026-01-09T00:29:56.696438,2026-01-09T00:30:48.096982,2026,2026
25-085,25-085,0,0,0,0,2,access-requests,community-services,2026-01-08T23:06:21.186850,2026-01-08T23:07:19.492737,2026,2026
quitpath-website,Quitpath website,0,1,0,0,0,pia-summaries,health-and-social-services,2026-01-08T18:32:35.552802,2026-01-08T18:32:35.835880,2026,2026
yukon-forum-declaration-and-joint-priorities-action-plan,Yukon Forum Declaration and Joint Priorities Action Plan,0,0,0,0,2,information,executive-council-office,2026-01-02T23:25:03.688999,2026-01-06T22:40:25.540189,2026,2026
yukon-forum-newsletters,Yukon Forum newsletters,0,0,0,0,9,information,executive-council-office,2026-01-02T23:37:40.029960,2026-01-06T22:39:50.580717,2026,2026
fiscal-policy-tax-database,Fiscal Policy Tax Database,0,0,0,0,0,pia-summaries,finance,2025-12-31T21:25:49.382033,2025-12-31T21:25:49.675080,2025,2025
covid-19-public-updates-2020-21,COVID-19 public updates 2020-21,0,0,0,0,201,information,executive-council-office,2025-12-19T17:19:42.150142,2025-12-22T23:12:22.840277,2025,2025
rldatix-incident-reporting-system,RLDatix Incident Reporting System,0,0,0,0,0,pia-summaries,health-and-social-services,2025-12-10T23:00:20.303009,2025-12-10T23:00:20.629878,2025,2025
yukon-parks-campground-and-recreation-site-maps,Yukon Parks campground and recreation site maps,0,0,0,0,42,information,environment,2025-12-09T17:36:08.099802,2025-12-09T18:24:11.867228,2025,2025
emergency-dispatch-solution-bell-cad,Emergency Dispatch Solution (Bell CAD),0,3,0,0,0,pia-summaries,health-and-social-services,2025-12-09T00:26:42.073721,2025-12-09T00:26:42.462845,2025,2025
community-hazards-old-crow-30m,Community Hazards - Old Crow - 30m,0,0,0,0,3,data,geomatics-yukon,2020-04-14T14:16:31,2025-12-02T21:54:21.502826,2020,2025
cdf-annual-reports,CDF Annual Reports,0,0,0,0,0,information,economic-development-tourism-and-culture,2025-11-26T22:45:58.497321,2025-11-28T22:26:38.546297,2025,2025
2023-mandate-letters,2023 mandate letters,0,1,0,0,14,information,executive-council-office,2025-11-27T21:55:40.126838,2025-11-27T22:27:20.383334,2025,2025
2021-mandate-letters,2021 mandate letters,0,0,0,0,14,information,executive-council-office,2025-11-27T21:37:58.246212,2025-11-27T21:53:15.208761,2025,2025
2017-mandate-letters,2017 mandate letters,0,0,0,0,14,information,executive-council-office,2025-11-27T15:46:18.032415,2025-11-27T21:46:44.580976,2025,2025
2019-mandate-letters,2019 mandate letters,0,0,0,0,14,information,executive-council-office,2025-11-27T18:38:15.318999,2025-11-27T18:48:11.035354,2025,2025
2024-25-public-accounts,2024–25 Public Accounts,0,0,0,0,21,information,finance,2025-10-31T21:52:06.058812,2025-11-05T15:28:11.421941,2025,2025
dempster-fibre-line-project-newsletters,Dempster Fibre Line project newsletters,0,0,0,0,37,information,highways-and-public-works,2025-11-04T18:40:05.056133,2025-11-04T23:09:39.149102,2025,2025
footprints-yukon-aerial-imagery,Footprints Yukon Aerial Imagery,0,0,0,0,3,data,geomatics-yukon,2025-03-31T01:44:07,2025-10-30T23:44:15.733089,2025,2025
waitwell-queue-management,Waitwell Queue Management,0,0,0,0,0,pia-summaries,atipp-office,2025-09-18T20:45:37.313109,2025-09-18T20:45:37.638799,2025,2025
school-funding,Catholic School Agreements and Reports,0,0,0,0,3,information,education,2025-05-09T11:21:12,2025-09-04T23:41:05.062063,2025,2025
hunting-bison,Hunting - Bison,0,18,0,29,3,information,environment,2020-04-23T03:52:40,2025-09-03T17:15:49.773919,2020,2025
sexually-transmitted-and-blood-borne-infection-surveillance-reports,Sexually Transmitted and Blood-Borne Infection Surveillance Reports,0,7,0,0,1,information,health-and-social-services,2024-10-11T09:54:16,2025-08-20T21:20:57.156114,2024,2025
government-of-yukon-human-resources-hr-metrics,Government of Yukon Human Resources (HR) metrics,0,0,0,0,2,data,public-service-commission,2024-08-29T14:09:23,2025-08-07T20:18:52.959222,2024,2025
cdc-species-of-conservation-concern-centroids,CDC Species of Conservation Concern - Centroids,0,0,0,0,3,data,geomatics-yukon,2016-06-10T18:36:09,2025-07-14T20:53:52,2016,2025
cdc-species-of-conservation-concern-restricted,CDC Species of Conservation Concern - Restricted,0,0,0,0,3,data,geomatics-yukon,2021-06-26T17:28:24,2025-07-14T20:53:17,2021,2025
surface-disturbance-mapping-extent,Surface disturbance mapping extent,0,0,0,0,3,data,geomatics-yukon,2022-10-11T20:30:45,2025-07-14T18:41:11,2022,2025
bedrock-map-index,Bedrock map index,0,3,0,0,3,data,geomatics-yukon,2022-01-17T21:25:52,2025-07-14T18:38:37,2022,2025
subdivision-applications-50k,Subdivision Applications - 50k,0,0,0,0,3,data,geomatics-yukon,2022-02-28T18:16:33,2025-07-14T18:36:48,2022,2025
assessment-report-geochemistry,Assessment Report Geochemistry,0,0,0,0,3,data,geomatics-yukon,2024-05-16T21:20:09,2025-07-14T18:35:52,2024,2025
assessment-report-footprints,Assessment report footprints,0,3,0,0,3,data,geomatics-yukon,2017-09-26T19:38:58,2025-07-14T18:34:40,2017,2025
agriculture-land-capability-class-field-analysis,Agriculture Land Capability Class - Field Analysis,0,0,0,0,3,data,geomatics-yukon,2024-03-15T22:52:31,2025-07-14T17:06:43,2024,2025
curie-point-depth-contours,Curie Point Depth Contours,0,0,0,0,3,data,geomatics-yukon,2024-09-09T22:28:58,2025-07-11T22:01:57,2024,2025
curie-point-depth,Curie Point Depth,0,0,0,0,3,data,geomatics-yukon,2024-10-03T21:43:05,2025-07-11T22:01:06,2024,2025
regional-geochemical-surveys-rgs,Regional Geochemical Surveys (RGS),0,0,0,0,4,data,yukon-geological-survey,2016-12-19T11:12:20,2025-07-11T11:07:43,2016,2025
community-hazard-mapping,Community Hazard Mapping,0,0,0,0,5,data,yukon-geological-survey,2023-09-15T02:09:00,2025-07-11T11:07:39,2023,2025
permafrost-database,Permafrost Database,0,3,0,0,13,data,yukon-geological-survey,2021-12-06T10:12:42,2025-07-11T11:07:19,2021,2025
stratigraphic-sections,Stratigraphic Sections,0,0,0,0,5,data,yukon-geological-survey,2014-04-14T09:04:02,2025-07-11T11:07:18,2014,2025
drill-core-locations,Drill core Locations,0,0,0,0,3,data,yukon-geological-survey,2019-07-15T02:07:11,2025-07-11T10:07:26,2019,2025
assessment-report-footprints-1,Assessment Report Footprints,0,0,0,0,3,data,yukon-geological-survey,2019-07-15T02:07:33,2025-07-11T09:07:48,2019,2025
glacial-limits,Glacial Limits,0,0,0,0,3,data,yukon-geological-survey,2019-07-15T03:07:35,2025-07-11T09:07:39,2019,2025
geothermal-dataset,Geothermal dataset,0,0,0,0,6,data,yukon-geological-survey,2024-04-02T03:04:57,2025-07-11T09:07:33,2024,2025
isotope-data,Isotope data,0,0,0,0,7,data,yukon-geological-survey,2022-11-16T10:11:15,2025-07-11T09:07:32,2022,2025
ycgc-historic-placer-data,YCGC Historic placer data,0,0,0,0,4,data,yukon-geological-survey,2024-07-15T10:07:47,2025-07-11T08:07:09,2024,2025
bedrock-terrane,Bedrock Terrane,0,0,0,0,5,data,yukon-geological-survey,2013-10-28T03:10:10,2025-07-11T03:07:13,2013,2025
lithogeochemistry-1,Lithogeochemistry,0,0,0,0,4,data,yukon-geological-survey,2020-08-03T01:08:09,2025-07-11T03:07:08,2020,2025
school-transportation-registration-using-adobe-platform,School Transportation Registration Using Adobe Platform,0,2,0,0,0,pia-summaries,education,2025-07-08T10:08:58,2025-07-08T10:09:34,2025,2025
till-geochemistry-samples,Till Geochemistry Samples,0,0,0,0,3,data,yukon-geological-survey,2014-04-14T09:04:37,2025-07-02T10:07:00,2014,2025
24-0746,24-0746,0,0,0,0,1,access-requests,energy-mines-and-resources,2025-07-01T13:47:11,2025-07-01T13:47:11,2025,2025
25-0091,25-0091,0,1,0,0,1,access-requests,yukon-hospital-corporation,2025-07-01T13:41:10,2025-07-01T13:41:10,2025,2025
24-0695,24-0695,0,0,0,0,1,access-requests,highways-and-public-works,2025-07-01T13:29:42,2025-07-01T13:29:42,2025,2025
25-0034,25-0034,0,0,0,0,1,access-requests,public-service-commission,2025-07-01T13:24:47,2025-07-01T13:24:47,2025,2025
25-0023,25-0023,0,0,0,0,1,access-requests,health-and-social-services,2025-07-01T12:59:34,2025-07-01T12:59:34,2025,2025
25-0019,25-0019,0,0,0,0,1,access-requests,environment,2025-07-01T12:49:27,2025-07-01T12:49:27,2025,2025
25-0018,25-0018,0,0,0,0,1,access-requests,environment,2025-07-01T12:47:11,2025-07-01T12:47:11,2025,2025
25-0017,25-0017,0,0,0,0,1,access-requests,environment,2025-07-01T12:45:12,2025-07-01T12:45:12,2025,2025
25-0015,25-0015,0,0,0,0,1,access-requests,environment,2025-07-01T12:42:25,2025-07-01T12:42:25,2025,2025
25-0063,25-0063,0,0,0,0,1,access-requests,community-services,2025-07-01T12:38:52,2025-07-01T12:38:52,2025,2025
24-0756,24-0756,0,0,0,0,1,access-requests,highways-and-public-works,2025-07-01T12:19:06,2025-07-01T12:19:06,2025,2025
24-0766,24-0766,0,0,0,0,1,access-requests,public-service-commission,2025-06-30T17:00:05,2025-06-30T17:00:05,2025,2025
census-2021-census-profile,Census 2021 (Census Profile),0,0,0,0,29,data,yukon-bureau-of-statistics,2025-06-26T15:37:28,2025-06-26T15:38:10,2025,2025
census-2016-census-profile,Census 2016 (Census Profile),0,0,0,0,26,data,yukon-bureau-of-statistics,2025-06-26T15:33:17,2025-06-26T15:34:21,2025,2025
national-household-survey-2011-semi-custom-profile-of-yukon-territory-and-selected-regions,National Household Survey 2011 (Semi-custom Profile of Yukon Territory and Selected Regions),0,0,0,0,24,data,yukon-bureau-of-statistics,2025-06-26T14:56:05,2025-06-26T14:56:38,2025,2025
census-2006-semi-custom-profile-of-yukon-csd-aggregations,Census 2006 (Semi-custom Profile of Yukon CSD Aggregations),0,0,0,0,30,data,yukon-bureau-of-statistics,2025-06-26T14:51:10,2025-06-26T14:53:22,2025,2025
census-2001-semi-custom-profile-of-selected-csd-aggregates-in-yukon,Census 2001 (Semi-Custom Profile of Selected CSD Aggregates in Yukon),0,0,0,0,31,data,yukon-bureau-of-statistics,2025-06-26T14:45:22,2025-06-26T14:53:18,2025,2025
peel-landscape-management-units-250k,Peel Landscape Management Units - 250k,0,0,0,0,3,data,geomatics-yukon,2020-06-15T20:02:30,2025-06-25T01:12:58,2020,2025
workhub-software-use-1,Workhub Software Use,0,1,0,0,0,pia-summaries,energy-mines-and-resources,2025-06-18T11:44:44,2025-06-18T11:44:44,2025,2025
2024-wildland-fire-management-bulletins,2024 Wildland fire management bulletins,0,8,0,0,46,information,community-services,2025-06-17T11:56:35,2025-06-17T14:42:04,2025,2025
2023-wildland-fire-management-bulletins,2023 Wildland fire management bulletins,0,0,0,0,58,information,community-services,2024-03-07T16:39:48,2025-06-17T11:11:51,2024,2025
2022-wildland-fire-management-bulletins,2022 Wildland fire management bulletins,0,0,0,0,28,information,community-services,2024-03-07T16:26:08,2025-06-17T11:10:43,2024,2025
2021-wildland-fire-management-bulletins,2021 Wildland fire management bulletins,0,0,0,0,18,information,community-services,2024-03-07T15:37:35,2025-06-17T11:09:42,2024,2025
2020-wildland-fire-management-bulletins,2020 Wildland fire management bulletins,0,0,0,0,4,information,community-services,2024-03-07T15:30:56,2025-06-17T11:08:28,2024,2025
2019-wildland-fire-management-bulletins,2019 Wildland fire management bulletins,0,0,0,0,14,information,community-services,2024-03-07T14:10:40,2025-06-17T11:06:58,2024,2025
late-triassic-to-jurassic-magmatic-and-tectonic-evolution-of-the-intermontane-terranes-in-yukon,"Late Triassic to Jurassic Magmatic and Tectonic Evolution of the Intermontane Terranes in Yukon, Northern Canadian Cordillera: Transition From Arc to Syn-Collisional Magmatism and Post-Collisional Lithospheric Delamination",0,0,0,0,2,information,yukon-geological-survey,2022-02-23T09:02:15,2025-06-16T01:06:31,2022,2025
revisiting-the-klondike-orogeny-permian-to-jurassic-development-of-the-yukontanana-terrane-nort,"Revisiting the “Klondike Orogeny”: Permian to Jurassic development of the Yukon‐Tanana terrane, northern Canadian Cordillera",0,0,0,0,2,information,yukon-geological-survey,2025-06-16T12:06:58,2025-06-16T01:06:12,2025,2025
ecole-whitehorse-elementary-school-traffic-impact-assessment,École Whitehorse Elementary School Traffic Impact Assessment,0,0,0,0,2,information,highways-and-public-works,2025-04-04T09:47:34,2025-06-07T15:25:33,2025,2025
bedrock-geology-map-of-the-coffee-project-dawson-range-yukon-parts-of-nts-115j-13-14-and-15,"Bedrock geology map of the Coffee Project, Dawson Range, Yukon (parts of NTS 115J/13, 14 and 15)",0,0,0,0,2,information,yukon-geological-survey,2025-06-05T07:06:54,2025-06-05T08:06:52,2025,2025
emr-public-library-integrated-system,EMR Public Library Integrated System,0,0,0,0,0,pia-summaries,energy-mines-and-resources,2025-06-03T11:14:52,2025-06-03T11:14:52,2025,2025
new-geochronological-and-geochemical-data-for-permian-rocks-of-the-western-yukon-tanana-terrane,"New geochronological and geochemical data for Permian rocks of the western Yukon-Tanana terrane, Klondike district, Yukon",0,0,0,0,3,information,yukon-geological-survey,2025-06-03T09:06:37,2025-06-03T09:06:45,2025,2025
2023-fall-session-briefing-note-binders,2023 Fall Session - Briefing Note Binders,0,0,0,0,18,information,executive-council-office,2023-12-04T12:53:05,2025-05-29T11:57:58,2023,2025
footprints-medium-resolution-satellites,Footprints Medium Resolution Satellites,0,0,0,0,3,data,geomatics-yukon,2017-09-27T00:23:23,2025-05-28T21:46:54,2017,2025
footprints-yukon-high-resolution-satellite-imagery,Footprints Yukon High Resolution Satellite Imagery,0,0,0,0,3,data,geomatics-yukon,2017-09-27T00:19:28,2025-05-28T20:38:30,2017,2025
yukon-public-library-integrated-library-system-upgrade,Yukon Public Library Integrated Library System Upgrade,0,0,0,0,0,pia-summaries,community-services,2025-05-27T12:14:25,2025-05-27T12:14:25,2025,2025
22-0156,22-0156,0,0,0,0,1,access-requests,energy-mines-and-resources,2022-08-30T13:50:00,2025-05-16T14:42:11,2022,2025
22-0500,22-0500,0,0,0,0,1,access-requests,environment,2022-12-08T09:00:24,2025-05-16T14:41:54,2022,2025
2020-21-budget,2020–21 Budget,0,0,0,0,7,information,finance,2022-03-23T18:00:03,2025-05-16T11:44:25,2022,2025
2022-23-public-accounts,2022–23 Public Accounts,0,0,0,0,23,information,finance,2023-11-28T08:35:35,2025-05-16T11:42:44,2023,2025
2022-23-budget,2022–23 Budget,0,0,0,0,6,information,finance,2023-03-03T08:51:15,2025-05-16T11:42:37,2023,2025
2021-22-public-accounts,2021–22 Public Accounts,0,0,0,0,22,information,finance,2023-11-23T09:56:37,2025-05-16T11:42:17,2023,2025
2021-22-budget,2021–22 Budget,0,3,0,4,8,information,finance,2022-03-23T18:13:15,2025-05-16T11:41:59,2022,2025
2020-21-public-accounts,2020-21 Public Accounts,0,0,0,0,22,information,finance,2022-10-26T15:37:28,2025-05-16T11:41:10,2022,2025
2019-20-budget,2019–20 Budget,0,0,0,0,8,information,finance,2021-03-04T09:21:56,2025-05-16T11:40:41,2021,2025
2019-20-public-accounts,2019–20 Public Accounts,0,0,0,0,21,information,finance,2021-03-04T09:24:02,2025-05-16T11:39:51,2021,2025
2018-19-budget,2018–19 Budget,0,0,0,0,6,information,finance,2020-03-30T21:10:27,2025-05-16T11:39:18,2020,2025
2018-19-public-accounts,2018–19 Public Accounts,0,4,0,0,23,information,finance,2020-03-30T21:28:41,2025-05-16T11:39:15,2020,2025
2017-18-public-accounts,2017–18 Public Accounts,0,0,0,0,23,information,finance,2020-07-20T11:27:26,2025-05-16T11:39:02,2020,2025
2017-18-budget,2017–18 Budget,0,0,0,0,7,information,finance,2020-03-30T21:17:26,2025-05-16T11:38:55,2020,2025
2016-17-budget,2016–17 Budget,0,0,0,0,4,information,finance,2020-03-30T21:35:40,2025-05-16T11:38:44,2020,2025
2016-17-public-accounts,2016–17 Public Accounts,0,0,0,0,22,information,finance,2020-03-30T21:34:51,2025-05-16T11:38:41,2020,2025
2015-16-public-accounts,2015–16 Public Accounts,0,0,0,0,22,information,finance,2020-03-30T21:37:00,2025-05-16T11:38:10,2020,2025
2015-16-budget,2015–16 Budget,0,0,0,0,4,information,finance,2020-03-30T21:31:38,2025-05-16T11:38:05,2020,2025
2014-15-public-accounts,2014–15 Public Accounts,0,0,0,0,22,information,finance,2020-03-30T21:26:49,2025-05-16T11:37:03,2020,2025
2014-15-budget,2014–15 Budget,0,0,0,0,4,information,finance,2020-03-30T21:24:24,2025-05-16T11:36:59,2020,2025
2013-14-public-accounts,2013–14 Public Accounts,0,0,0,0,22,information,finance,2020-03-30T21:25:44,2025-05-16T11:36:49,2020,2025
2013-14-budget,2013–14 Budget,0,0,0,0,4,information,finance,2020-03-30T21:40:45,2025-05-16T11:36:45,2020,2025
2012-13-public-accounts,2012–13 Public Accounts,0,0,0,0,22,information,finance,2020-03-30T21:22:32,2025-05-16T11:36:22,2020,2025
2012-13-budget,2012–13 Budget,0,0,0,0,4,information,finance,2020-03-30T21:45:03,2025-05-16T11:36:17,2020,2025
2011-12-public-accounts,2011–12 Public Accounts,0,0,0,0,22,information,finance,2020-03-30T21:24:24,2025-05-16T11:36:06,2020,2025
2011-12-budget,2011–12 Budget,0,0,0,0,4,information,finance,2020-03-30T21:30:50,2025-05-16T11:36:02,2020,2025
2010-11-public-accounts,2010–11 Public Accounts,0,0,0,0,22,information,finance,2020-03-30T21:22:32,2025-05-16T11:35:56,2020,2025
2010-11-budget,2010–11 Budget,0,0,0,0,4,information,finance,2020-03-30T21:44:30,2025-05-16T11:35:50,2020,2025
2009-10-public-accounts,2009–10 Public Accounts,0,0,0,0,22,information,finance,2020-03-30T21:20:55,2025-05-16T11:35:03,2020,2025
2009-10-budget,2009–10 Budget,0,0,0,0,4,information,finance,2020-03-30T21:39:09,2025-05-16T11:34:59,2020,2025
2008-09-public-accounts,2008–09 Public Accounts,0,0,0,0,23,information,finance,2020-03-30T21:06:26,2025-05-16T11:34:52,2020,2025
2008-09-budget,2008–09 Budget,0,0,0,0,4,information,finance,2020-03-30T21:02:25,2025-05-16T11:33:51,2020,2025
2007-08-budget,2007–08 Budget,0,0,0,0,4,information,finance,2020-03-30T21:30:50,2025-05-16T11:33:40,2020,2025
2007-08-public-accounts,2007–08 Public Accounts,0,0,0,0,25,information,finance,2020-03-30T21:33:47,2025-05-16T11:33:31,2020,2025
2006-07-public-accounts,2006–07 Public Accounts,0,0,0,0,26,information,finance,2020-03-30T21:23:23,2025-05-16T11:33:06,2020,2025
2006-07-budget,2006–07 Budget,0,0,0,0,4,information,finance,2020-03-30T21:45:03,2025-05-16T11:33:00,2020,2025
2004-05-budget,2004–05 Budget,0,0,0,0,4,information,finance,2020-03-30T21:05:06,2025-05-16T11:31:15,2020,2025
2005-06-budget,2005–06 Budget,0,0,0,0,4,information,finance,2020-03-30T21:04:18,2025-05-16T11:30:50,2020,2025
2004-05-public-accounts,2004–05 Public Accounts,0,0,0,0,23,information,finance,2020-03-30T21:32:58,2025-05-16T11:30:32,2020,2025
2003-04-public-accounts,2003–04 Public Accounts,0,0,0,0,28,information,finance,2020-03-30T21:45:03,2025-05-16T11:30:14,2020,2025
2003-04-budget,2003–04 Budget,0,0,0,0,3,information,finance,2020-07-20T14:24:13,2025-05-16T11:30:07,2020,2025
2002-03-public-accounts,2002–03 Public Accounts,0,0,0,0,28,information,finance,2020-03-30T21:41:33,2025-05-16T11:29:51,2020,2025
2001-02-public-accounts,2001–02 Public Accounts,0,0,0,0,33,information,finance,2020-03-30T21:15:49,2025-05-16T11:29:13,2020,2025
2000-01-public-accounts,2000–01 Public Accounts,0,0,0,0,34,information,finance,2020-07-20T11:07:41,2025-05-16T11:28:38,2020,2025
2000-01-main-estimates,2000–01 Main estimates,0,0,0,0,7,information,finance,2020-03-30T21:07:31,2025-05-16T11:28:30,2020,2025
late-cambrian-and-ordovician-alkalic-magmatism-along-the-dawson-fault-yukon-evidence-for-multip,"Late Cambrian and Ordovician Alkalic Magmatism Along the Dawson Fault, Yukon: Evidence for Multiple Reactivations of a Rift‐Transfer Fault in the Northern Canadian Cordillera",0,0,0,0,2,information,yukon-geological-survey,2025-05-16T10:05:29,2025-05-16T01:05:04,2025,2025
bedrock-geology-map-of-the-mcquesten-lake-area-central-yukon-parts-of-nts-106d-2-3-6-and-7,"Bedrock geology map of the McQuesten Lake area, central Yukon (parts of NTS 106D/2, 3, 6 & 7)",0,0,0,0,2,information,yukon-geological-survey,2024-07-15T02:07:54,2025-05-14T07:05:58,2024,2025
department-of-education-responsibilities-and-functions,Department of Education Responsibilities and Functions,0,0,0,0,15,information,education,2025-04-30T12:41:44,2025-04-30T13:29:29,2025,2025
department-of-education-covid-19-guidelines-for-schools,Department of Education COVID-19 Guidelines for Schools,0,0,0,0,4,information,education,2025-04-30T12:41:44,2025-04-30T13:26:41,2025,2025
jurisdictional-scan-public-emergency-communications,Jurisdictional Scan: Public Emergency Communications,0,0,0,0,2,information,community-services,2025-04-29T11:28:42,2025-04-29T15:34:04,2025,2025
geochemistry-and-geochronology-of-cambrian-and-upper-ordovician-mafic-igneous-rocks-along-the-d,"Geochemistry and geochronology of Cambrian and Upper Ordovician mafic igneous rocks along the Dawson fault zone, Yukon",0,0,0,0,3,information,yukon-geological-survey,2025-01-28T12:01:47,2025-04-17T11:04:29,2025,2025
adult-protection-aps-case-type,Adult Protection (APS) case type,0,0,0,0,0,pia-summaries,health-and-social-services,2025-04-03T14:29:08,2025-04-03T14:29:08,2025,2025
cenozoic-faulting-in-the-upper-hyland-river-valley-southeastern-yukon-a-thermochronological-per,"Cenozoic faulting in the Upper Hyland River Valley, Southeastern Yukon: A thermochronological perspective",0,0,0,0,2,information,yukon-geological-survey,2025-04-03T09:04:43,2025-04-03T09:04:19,2025,2025
geology-petrology-and-geochronology-of-the-late-cretaceous-klaza-epithermal-deposit-a-window-in,"Geology, Petrology and Geochronology of the Late Cretaceous Klaza Epithermal Deposit: A Window into the Petrogenesis of an Emerging Porphyry Belt in the Dawson Range, Yukon, Canada",0,0,0,0,2,information,yukon-geological-survey,2025-04-03T08:04:54,2025-04-03T08:04:16,2025,2025
crustal-stress-near-the-yakutat-microplate-collision-from-probabilistic-earthquake-focal-mechan,Crustal stress near the Yakutat microplate collision from probabilistic earthquake focal mechanisms,0,0,0,0,2,information,yukon-geological-survey,2025-04-03T04:04:53,2025-04-03T04:04:41,2025,2025
envoke-email-communication-distribution,Envoke - Email Communication Distribution,0,0,0,0,0,pia-summaries,health-and-social-services,2025-04-01T13:22:52,2025-04-01T13:22:52,2025,2025
surficial-geology-of-the-central-kluane-ranges-parts-of-nts-115b-15-16-and-115g-1-2-3-6-and-7,"Surficial Geology of the Central Kluane Ranges (parts of NTS 115B/15, 16 and 115G /1, 2, 3, 6 and 7)",0,0,0,0,3,information,yukon-geological-survey,2025-03-27T11:03:26,2025-04-01T11:04:05,2025,2025
department-of-education-organizational-structure,Department of Education Organizational Structure,0,0,0,0,13,information,education,2025-03-19T15:29:01,2025-03-21T10:20:09,2025,2025
wildlife-viewing-newsletter,Wildlife Viewing Newsletter,0,0,0,0,0,pia-summaries,environment,2025-03-17T09:14:32,2025-03-17T09:17:35,2025,2025
electric-vehicles-charging-stations,Electric Vehicles Charging Stations,0,0,0,0,0,pia-summaries,energy-mines-and-resources,2025-03-06T08:53:54,2025-03-14T15:44:55,2025,2025
mining-sector-greenhouse-gas-reduction-targets,Mining Sector Greenhouse Gas Reduction Targets,0,0,0,0,0,pia-summaries,energy-mines-and-resources,2025-02-26T12:21:12,2025-03-14T15:15:02,2025,2025
smartsheet-project-management-platform,Smartsheet Project Management Platform,0,0,0,0,0,pia-summaries,highways-and-public-works,2025-03-14T14:45:06,2025-03-14T14:45:06,2025,2025
2024-25-budget,2024–25 Budget,0,0,0,0,6,information,finance,2025-03-07T10:18:09,2025-03-11T07:09:47,2025,2025
2024-25-additional-information-and-statistics,2024–25 Additional information and statistics,0,0,0,0,8,information,finance,2025-03-07T11:38:42,2025-03-07T11:44:49,2025,2025
2024-25-supplementary-estimates-no-2,2024–25 Supplementary estimates no. 2,0,0,0,0,24,information,finance,2025-03-07T11:21:00,2025-03-07T11:36:19,2025,2025
2024-25-supplementary-estimates-no-1,2024–25 Supplementary estimates no. 1,0,0,0,0,23,information,finance,2025-03-07T10:43:08,2025-03-07T11:06:10,2025,2025
2024-25-operation-and-maintenance-and-capital-estimates,2024–25 Operation and maintenance and capital estimates,0,0,0,0,35,information,finance,2025-03-07T08:39:36,2025-03-07T10:16:02,2025,2025
2023-24-operation-and-maintenance-and-capital-estimates,2023–24 Operation and maintenance and capital estimates,0,8,0,0,35,information,finance,2024-03-05T09:56:25,2025-03-07T08:35:42,2024,2025
24-0230,24-0230,0,0,0,0,1,access-requests,highways-and-public-works,2025-02-27T20:48:15,2025-02-27T20:48:15,2025,2025
24-0229,24-0229,0,0,0,0,1,access-requests,health-and-social-services,2025-02-27T20:46:11,2025-02-27T20:46:11,2025,2025
24-0231,24-0231,0,1,0,0,2,access-requests,executive-council-office,2025-02-27T20:38:07,2025-02-27T20:38:07,2025,2025
24-0223,24-0223,0,0,0,0,2,access-requests,highways-and-public-works,2025-02-27T20:33:35,2025-02-27T20:33:35,2025,2025
24-0214,24-0214,0,0,0,0,2,access-requests,yukon-housing-corporation,2025-02-26T11:46:21,2025-02-26T11:46:21,2025,2025
24-0192,24-0192,0,0,0,0,2,access-requests,energy-mines-and-resources,2025-02-25T20:28:04,2025-02-25T20:28:04,2025,2025
24-0191,24-0191,0,0,0,0,1,access-requests,executive-council-office,2025-02-25T20:25:21,2025-02-25T20:25:21,2025,2025
24-0190,24-0190,0,0,0,0,1,access-requests,energy-mines-and-resources,2025-02-16T20:41:13,2025-02-16T20:41:13,2025,2025
24-0122,24-0122,0,0,0,0,1,access-requests,health-and-social-services,2025-02-16T20:39:14,2025-02-16T20:39:14,2025,2025
radon-data-management,Radon Data Management,0,0,0,0,0,pia-summaries,health-and-social-services,2025-02-10T12:24:59,2025-02-10T12:24:59,2025,2025
24-0209,24-0209,0,0,0,0,2,access-requests,economic-development-tourism-and-culture,2025-02-06T20:45:29,2025-02-06T20:45:29,2025,2025
24-0208,24-0208,0,0,0,0,2,access-requests,executive-council-office,2025-02-06T20:42:00,2025-02-06T20:42:00,2025,2025
24-0194,24-0194,0,0,0,0,2,access-requests,economic-development-tourism-and-culture,2025-02-06T20:03:32,2025-02-06T20:07:14,2025,2025
24-0211,24-0211,0,0,0,0,2,access-requests,health-and-social-services,2025-02-02T20:45:33,2025-02-02T20:45:33,2025,2025
24-0210,24-0210,0,0,0,0,2,access-requests,highways-and-public-works,2025-02-02T20:43:57,2025-02-02T20:43:57,2025,2025
24-0202,24-0202,0,0,0,0,2,access-requests,yukon-housing-corporation,2025-02-02T20:42:06,2025-02-02T20:42:06,2025,2025
24-0201,24-0201,0,0,0,0,2,access-requests,yukon-development-corporation,2025-02-02T20:40:23,2025-02-02T20:40:23,2025,2025
24-0199,24-0199,0,0,0,0,2,access-requests,highways-and-public-works,2025-02-02T20:38:14,2025-02-02T20:38:14,2025,2025
24-0206,24-0206,0,0,0,0,1,access-requests,women-and-gender-equity-directorate,2025-02-02T20:27:50,2025-02-02T20:27:50,2025,2025
24-0204,24-0204,0,0,0,0,1,access-requests,public-service-commission,2025-02-02T20:24:01,2025-02-02T20:24:01,2025,2025
24-0203,24-0203,0,1,0,0,1,access-requests,executive-council-office,2025-02-02T20:22:04,2025-02-02T20:22:04,2025,2025
24-0200,24-0200,0,0,0,0,1,access-requests,energy-mines-and-resources,2025-02-02T20:20:28,2025-02-02T20:20:28,2025,2025
24-0198,24-0198,0,0,0,0,1,access-requests,health-and-social-services,2025-02-02T20:18:53,2025-02-02T20:18:53,2025,2025
24-0196,24-0196,0,3,0,0,1,access-requests,education,2025-02-02T20:14:39,2025-02-02T20:14:39,2025,2025
24-0184,24-0184,0,0,0,0,2,access-requests,yukon-university,2025-02-02T20:12:32,2025-02-02T20:12:32,2025,2025
24-0187,24-0187,0,0,0,0,2,access-requests,economic-development-tourism-and-culture,2025-02-02T19:50:58,2025-02-02T19:50:58,2025,2025
24-0183,24-0183,0,0,0,0,2,access-requests,yukon-housing-corporation,2025-02-02T19:48:39,2025-02-02T19:48:39,2025,2025
24-0181,24-0181,0,0,0,0,2,access-requests,yukon-hospital-corporation,2025-02-02T19:46:03,2025-02-02T19:46:03,2025,2025
24-0178,24-0178,0,0,0,0,2,access-requests,health-and-social-services,2025-02-02T19:39:56,2025-02-02T19:39:56,2025,2025
economic-development-fund-management-system-replacement,Economic Development Fund Management System Replacement,0,1,0,0,0,pia-summaries,economic-development-tourism-and-culture,2025-01-31T10:10:33,2025-01-31T10:10:33,2025,2025
24-0177,24-0177,0,0,0,0,2,access-requests,justice,2025-01-28T20:45:42,2025-01-28T20:45:42,2025,2025
24-0152,24-0152,0,0,0,0,1,access-requests,economic-development-tourism-and-culture,2025-01-28T20:35:28,2025-01-28T20:35:28,2025,2025
yukon-health-care-insurance-plan-card-vendor-for-central-issuance,Yukon Health Care Insurance Plan Card - Vendor for Central Issuance,0,0,0,0,0,pia-summaries,health-and-social-services,2025-01-28T12:43:25,2025-01-28T12:46:13,2025,2025
24-0133,24-0133,0,0,0,0,1,access-requests,highways-and-public-works,2025-01-23T20:50:43,2025-01-23T20:50:43,2025,2025
24-0132,24-0132,0,0,0,0,1,access-requests,education,2025-01-23T20:48:29,2025-01-23T20:48:29,2025,2025
23-0628,23-0628,0,0,0,0,1,access-requests,health-and-social-services,2025-01-23T20:39:09,2025-01-23T20:39:09,2025,2025
environment-trivia-games-kahoot,Environment Trivia Games (Kahoot),0,1,0,0,0,pia-summaries,environment,2025-01-23T14:36:20,2025-01-23T14:36:20,2025,2025
western-arctic-regional-network-of-seismographs-warns-history-challenges-and-improvements-in-co,"Western Arctic Regional Network of Seismographs (WARNS): History, challenges and improvements in continuous broadband seismic data recordings in northwestern Canada",0,0,0,0,2,information,yukon-geological-survey,2025-01-18T03:01:15,2025-01-23T10:01:58,2025,2025
yukon-exploration-and-geology-overview-2024,Yukon Exploration and Geology Overview 2024,0,0,0,0,2,information,yukon-geological-survey,2025-01-17T05:01:35,2025-01-23T10:01:51,2025,2025
thermal-imagery-and-lidar-monitoring-of-ground-instability-on-the-alaska-highway-southwestern-y,"Thermal imagery and lidar monitoring of ground instability on the Alaska Highway, southwestern Yukon",0,0,0,2,2,information,yukon-geological-survey,2025-01-18T03:01:18,2025-01-23T10:01:09,2025,2025
stratigraphic-context-for-reef-building-microbialites-in-the-tonian-reefal-assemblage-fifteenmi,Stratigraphic context for reef-building microbialites in the Tonian Reefal assemblage (Fifteenmile Group) of the Yukon,0,0,0,1,2,information,yukon-geological-survey,2025-01-18T03:01:03,2025-01-23T10:01:02,2025,2025
yukon-geological-surveys-outreach-program-2024-highlights,Yukon Geological Survey’s outreach  program: 2024 highlights,0,0,0,0,2,information,yukon-geological-survey,2025-01-18T02:01:48,2025-01-20T07:01:54,2025,2025
geology-of-mid-cretaceous-volcanic-rocks-at-mount-nansen-central-yukon-and-their-relationship-t,"Geology of mid-Cretaceous volcanic rocks at Mount Nansen, central Yukon, and their relationship to the Dawson Range batholith",0,0,0,0,3,information,yukon-geological-survey,2016-11-25T01:11:11,2025-01-17T02:01:42,2016,2025
24-0155,24-0155,0,0,0,0,1,access-requests,economic-development-tourism-and-culture,2025-01-14T20:45:45,2025-01-14T20:45:45,2025,2025
24-0141,24-0141,0,0,0,0,2,access-requests,yukon-liquor-corporation,2025-01-14T20:44:00,2025-01-14T20:44:00,2025,2025
24-0115,24-0115,0,0,0,0,1,access-requests,energy-mines-and-resources,2025-01-14T20:42:17,2025-01-14T20:42:17,2025,2025
24-0112,24-0112,0,0,0,0,1,access-requests,highways-and-public-works,2025-01-14T20:39:49,2025-01-14T20:39:49,2025,2025
24-0043,24-0043,0,2,0,2,1,access-requests,education,2025-01-14T20:10:16,2025-01-14T20:10:16,2025,2025
24-0007,24-0007,0,0,0,0,1,access-requests,executive-council-office,2025-01-14T20:05:52,2025-01-14T20:05:52,2025,2025
2023-24-public-accounts,2023–24 Public Accounts,0,0,0,0,23,information,finance,2024-10-24T14:04:58,2025-01-13T09:50:20,2024,2025
23-0682,23-0682,0,0,0,0,1,access-requests,energy-mines-and-resources,2025-01-07T20:54:37,2025-01-07T20:54:37,2025,2025
23-0680,23-0680,0,0,0,0,1,access-requests,yukon-hospital-corporation,2025-01-07T20:49:49,2025-01-07T20:50:11,2025,2025
23-0674,23-0674,0,0,0,0,1,access-requests,executive-council-office,2025-01-07T20:47:41,2025-01-07T20:47:41,2025,2025
23-0671,23-0671,0,0,0,0,1,access-requests,executive-council-office,2025-01-07T20:45:43,2025-01-07T20:45:43,2025,2025
23-0646,23-0646,0,0,0,0,2,access-requests,health-and-social-services,2025-01-07T20:43:27,2025-01-07T20:43:27,2025,2025
23-0640,23-0640,0,0,0,0,1,access-requests,highways-and-public-works,2025-01-07T20:40:18,2025-01-07T20:40:18,2025,2025
23-0629,23-0629,0,1,0,0,1,access-requests,yukon-housing-corporation,2025-01-07T20:36:02,2025-01-07T20:36:02,2025,2025
23-0613,23-0613,0,0,0,0,1,access-requests,yukon-hospital-corporation,2025-01-07T20:33:03,2025-01-07T20:33:03,2025,2025
23-0607,23-0607,0,0,0,0,1,access-requests,justice,2025-01-07T20:29:07,2025-01-07T20:29:07,2025,2025
23-0602,23-0602,0,0,0,0,1,access-requests,health-and-social-services,2025-01-07T20:23:40,2025-01-07T20:23:40,2025,2025
22-0520,22-0520,0,0,0,0,2,access-requests,yukon-liquor-corporation,2023-04-06T14:11:22,2024-12-31T16:19:36,2023,2024
21-0397,21-0397,0,0,0,0,2,access-requests,justice,2022-01-04T11:07:43,2024-12-31T16:18:28,2022,2024
21-0358,21-0358,0,0,0,0,2,access-requests,public-service-commission,2021-12-20T11:27:28,2024-12-31T16:16:54,2021,2024
21-0335,21-0335,0,0,0,0,2,access-requests,highways-and-public-works,2021-11-30T09:27:49,2024-12-31T16:13:52,2021,2024
21-0322,21-0322,0,0,0,0,2,access-requests,highways-and-public-works,2021-11-30T09:35:09,2024-12-31T16:12:53,2021,2024
21-0319,21-0319,0,0,0,0,2,access-requests,executive-council-office,2021-12-08T11:29:33,2024-12-31T16:11:37,2021,2024
21-0257,21-0257,0,0,0,0,2,access-requests,executive-council-office,2021-10-06T11:39:59,2024-12-31T16:09:22,2021,2024
21-0251,21-0251,0,1,0,0,2,access-requests,justice,2021-10-12T10:24:09,2024-12-31T16:08:25,2021,2024
21-0238,21-0238,0,0,0,0,2,access-requests,justice,2021-09-07T13:19:50,2024-12-31T16:05:58,2021,2024
21-0235,21-0235,0,0,0,0,2,access-requests,yukon-liquor-corporation,2021-09-13T19:23:11,2024-12-31T16:04:59,2021,2024
agriculture-branch-research,Agriculture Branch Research,0,0,0,0,3,information,energy-mines-and-resources,2024-07-11T14:56:07,2024-12-31T13:26:49,2024,2024
2024-spring-sitting-briefing-note-binders,2024 Spring Sitting - Briefing Note Binders,0,0,0,0,18,information,executive-council-office,2024-05-28T16:19:51,2024-12-31T13:03:36,2024,2024
22-0635,22-0635,0,0,0,0,2,access-requests,justice,2023-02-22T13:19:26,2024-12-23T18:23:04,2023,2024
22-0638,22-0638,0,0,0,0,2,access-requests,health-and-social-services,2023-03-20T15:02:27,2024-12-23T18:22:02,2023,2024
22-0656,22-0656,0,1,0,0,2,access-requests,environment,2023-02-22T14:11:06,2024-12-23T18:20:33,2023,2024
22-0692,22-0692,0,0,0,0,2,access-requests,yukon-housing-corporation,2023-04-21T13:35:24,2024-12-23T18:18:08,2023,2024
22-0717,22-0717,0,0,0,0,2,access-requests,highways-and-public-works,2023-05-09T09:51:24,2024-12-23T18:10:23,2023,2024
22-0728,22-0728,0,0,0,0,2,access-requests,highways-and-public-works,2023-05-10T09:14:28,2024-12-23T18:09:04,2023,2024
student-safety-program,Student Safety Program,0,0,0,0,0,pia-summaries,education,2024-12-20T15:51:41,2024-12-20T15:51:41,2024,2024
the-cordillera-of-british-columbia-yukon-and-alaska-tectonics-and-metallogeny,"The Cordillera of British Columbia, Yukon, and Alaska: Tectonics and Metallogeny",0,0,0,0,1,information,yukon-geological-survey,2014-02-04T11:02:45,2024-12-16T06:12:50,2014,2024
atipp-request-access-requests-privacy-2020,"ATIPP request, Access Requests, Privacy 2020",0,0,0,0,12,information,atipp-office,2021-03-05T14:35:58,2024-12-14T19:00:19,2021,2024
teslin-flood-hazard-maps,Teslin flood hazard maps,0,0,0,0,36,data,geomatics-yukon,2024-12-12T09:55:51,2024-12-12T09:58:53,2024,2024
carmacks-flood-hazard-maps,Carmacks flood hazard maps,0,0,0,0,11,data,geomatics-yukon,2024-12-12T09:55:51,2024-12-12T09:58:01,2024,2024
utilizing-spectral-induced-polarization-to-identify-the-ice-core-of-a-pingo-a-case-study-in-hai,"Utilizing spectral induced polarization to identify the ice core of a pingo: A case study in Haines Junction, Yukon, Canada",0,0,0,0,2,information,yukon-geological-survey,2024-12-11T03:12:54,2024-12-11T03:12:07,2024,2024
regional-scale-3d-modelling-of-magnetic-data-to-assess-carbon-mineralization-potential-of-serpe,Regional scale 3D modelling of magnetic data to assess carbon mineralization potential of serpentenized ultramafic rocks in the Yukon,0,0,0,0,3,information,yukon-geological-survey,2024-12-03T04:12:57,2024-12-04T08:12:50,2024,2024
22-0622,22-0622,0,0,0,0,2,access-requests,highways-and-public-works,2023-02-07T14:28:47,2024-11-24T20:49:41,2023,2024
22-0601,22-0601,0,0,0,0,2,access-requests,health-and-social-services,2023-02-22T11:20:32,2024-11-24T20:46:25,2023,2024
22-0592,22-0592,0,2,0,2,2,access-requests,education,2023-02-22T13:23:19,2024-11-24T20:42:51,2023,2024
22-0568,22-0568,0,1,0,0,2,access-requests,justice,2023-02-07T14:15:08,2024-11-24T20:41:38,2023,2024
22-0545,22-0545,0,0,0,0,2,access-requests,yukon-liquor-corporation,2023-01-12T16:04:31,2024-11-24T20:40:09,2023,2024
22-0527,22-0527,0,0,0,0,2,access-requests,highways-and-public-works,2022-12-28T11:13:38,2024-11-24T20:39:03,2022,2024
22-0492,22-0492,0,0,0,0,2,access-requests,yukon-liquor-corporation,2022-12-02T14:33:35,2024-11-24T20:37:35,2022,2024
22-0486,22-0486,0,0,0,0,2,access-requests,public-service-commission,2022-12-02T14:31:01,2024-11-24T20:36:24,2022,2024
22-0485,22-0485,0,0,0,0,2,access-requests,justice,2022-11-30T11:45:32,2024-11-24T20:35:14,2022,2024
22-0465,22-0465,0,0,0,0,2,access-requests,yukon-housing-corporation,2022-12-07T16:13:39,2024-11-24T20:34:09,2022,2024
22-0456,22-0456,0,0,0,0,2,access-requests,highways-and-public-works,2022-11-30T13:24:24,2024-11-24T20:32:19,2022,2024
nav-care,Nav-CARE,0,0,0,0,0,pia-summaries,health-and-social-services,2024-11-21T08:23:22,2024-11-21T08:23:22,2024,2024
22-0712,22-0712,0,0,0,0,2,access-requests,health-and-social-services,2023-05-01T14:06:23,2024-11-14T20:45:37,2023,2024
22-0710,22-0710,0,0,0,0,2,access-requests,environment,2023-04-24T15:09:16,2024-11-14T20:44:29,2023,2024
22-0436,22-0436,0,0,0,0,2,access-requests,public-service-commission,2022-11-08T10:24:03,2024-11-14T20:41:36,2022,2024
22-0430,22-0430,0,0,0,0,2,access-requests,public-service-commission,2022-12-05T09:59:33,2024-11-14T20:40:30,2022,2024
22-0366,22-0366,0,0,0,0,2,access-requests,highways-and-public-works,2022-10-27T14:28:14,2024-11-14T20:39:28,2022,2024
22-0336,22-0336,0,0,0,0,2,access-requests,yukon-housing-corporation,2022-08-30T10:59:26,2024-11-14T20:36:55,2022,2024
22-0179,22-0179,0,0,0,0,2,access-requests,public-service-commission,2022-06-13T09:24:47,2024-11-14T20:34:26,2022,2024
surficial-geology-of-greater-haines-junction-area-yukon-parts-of-nts-115a-11-12-13-and-14-1-15-,"Surficial geology of greater Haines Junction area, Yukon; parts of NTS 115A/11, 12, 13 & 14, 1:15 000 scale.",0,0,0,0,4,information,yukon-geological-survey,2024-08-06T10:08:12,2024-11-11T08:11:45,2024,2024
yukon-planning-regions-250k,Yukon Planning Regions - 250k,0,3,0,0,3,data,geomatics-yukon,2016-06-10T20:49:13,2024-11-05T19:14:25,2016,2024
landscape-management-units-north-yukon-land-use-plan-250k,Landscape Management Units - North Yukon Land Use Plan - 250k,0,0,0,0,3,data,geomatics-yukon,2016-06-10T20:51:35,2024-11-05T19:11:30,2016,2024
designated-historic-sites,Designated Historic Sites,0,5,0,0,3,data,geomatics-yukon,2016-06-09T18:17:35,2024-10-17T21:53:14,2016,2024
22-0178,22-0178,0,0,0,0,2,access-requests,justice,2022-07-05T13:57:30,2024-10-15T20:54:39,2022,2024
22-0177,22-0177,0,0,0,0,2,access-requests,highways-and-public-works,2022-07-05T10:42:22,2024-10-15T20:53:36,2022,2024
22-0173,22-0173,0,0,0,0,2,access-requests,executive-council-office,2022-06-13T09:17:07,2024-10-15T20:52:26,2022,2024
22-0164,22-0164,0,0,0,0,2,access-requests,highways-and-public-works,2022-07-05T13:40:28,2024-10-15T20:51:07,2022,2024
22-0150,22-0150,0,1,0,0,2,access-requests,yukon-housing-corporation,2022-05-18T08:48:30,2024-10-15T20:49:59,2022,2024
22-0104,22-0104,0,0,0,0,2,access-requests,justice,2022-05-18T08:46:15,2024-10-15T20:49:09,2022,2024
22-0084,22-0084,0,0,0,0,2,access-requests,justice,2022-04-28T12:19:41,2024-10-15T20:48:06,2022,2024
22-0055,22-0055,0,0,0,0,2,access-requests,justice,2022-03-14T09:24:51,2024-10-15T20:46:49,2022,2024
22-0048,22-0048,0,0,0,0,2,access-requests,justice,2022-03-07T09:17:33,2024-10-15T20:45:16,2022,2024
2019-yukon-jcc-joint-submissions,2019 Yukon JCC - Joint Submissions,0,0,0,0,2,information,justice,2020-11-10T13:36:41,2024-10-15T14:23:27,2020,2024
2019-yukon-jcc-territorial-court-submissions,2019 Yukon JCC - Territorial Court submissions,0,0,0,0,21,information,justice,2020-11-06T15:54:51,2024-10-15T14:22:45,2020,2024
2019-yukon-jcc-government-of-yukon-submissions,2019 Yukon JCC - Government of Yukon submissions,0,0,0,0,41,information,justice,2020-11-06T15:53:59,2024-10-15T14:22:30,2020,2024
yukon-community-recreation-planning-toolkit,Yukon Community Recreation Planning Toolkit,0,0,0,0,1,information,community-services,2022-01-24T10:24:26,2024-10-15T14:21:35,2022,2024
21-0233,21-0233,0,0,0,0,2,access-requests,yukon-liquor-corporation,2021-10-04T13:27:16,2024-10-15T10:18:44,2021,2024
22-0025,22-0025,0,1,0,0,2,access-requests,justice,2022-03-07T09:07:22,2024-10-15T10:17:13,2022,2024
22-0650,22-0650,0,0,0,0,1,access-requests,highways-and-public-works,2024-10-15T10:14:15,2024-10-15T10:14:15,2024,2024
24-0070,24-0070,0,0,0,0,2,access-requests,yukon-hospital-corporation,2024-10-06T20:11:32,2024-10-06T20:11:32,2024,2024
24-0057,24-0057,0,0,0,0,2,access-requests,highways-and-public-works,2024-10-06T20:09:29,2024-10-06T20:09:29,2024,2024
24-0053,24-0053,0,0,0,0,2,access-requests,yukon-hospital-corporation,2024-10-06T20:07:14,2024-10-06T20:07:14,2024,2024
24-0048,24-0048,0,0,0,0,1,access-requests,energy-mines-and-resources,2024-10-06T20:04:15,2024-10-06T20:04:15,2024,2024
24-0042,24-0042,0,4,0,0,1,access-requests,education,2024-10-06T20:02:06,2024-10-06T20:02:06,2024,2024
24-0026,24-0026,0,0,0,0,1,access-requests,energy-mines-and-resources,2024-10-06T19:59:35,2024-10-06T19:59:35,2024,2024
24-0016,24-0016,0,1,0,0,2,access-requests,health-and-social-services,2024-10-06T19:57:05,2024-10-06T19:57:05,2024,2024
24-0013,24-0013,0,0,0,0,2,access-requests,health-and-social-services,2024-10-06T19:54:47,2024-10-06T19:54:47,2024,2024
24-0008,24-0008,0,0,0,0,1,access-requests,energy-mines-and-resources,2024-10-06T19:52:25,2024-10-06T19:52:25,2024,2024
24-0005,24-0005,0,0,0,0,2,access-requests,yukon-university,2024-10-06T19:48:23,2024-10-06T19:48:23,2024,2024
23-0677,23-0677,0,0,0,0,2,access-requests,yukon-hospital-corporation,2024-10-06T19:44:25,2024-10-06T19:44:47,2024,2024
docuphase,DocuPhase,0,0,0,0,0,pia-summaries,highways-and-public-works,2024-10-04T10:18:26,2024-10-04T10:18:26,2024,2024
surficial-geology-of-granite-creek-part-of-nts-105m-14-and-105m-15,Surficial Geology of Granite Creek (part of NTS 105M/14 and 105M/15),0,0,0,0,3,information,yukon-geological-survey,2023-06-30T09:06:27,2024-10-04T02:10:22,2023,2024
2022-yukon-jcc-territorial-court-submissions,2022 Yukon JCC - Territorial Court submissions,0,0,0,0,4,information,justice,2024-10-01T15:04:57,2024-10-01T15:56:22,2024,2024
23-0197,23-0197,0,0,0,0,1,access-requests,highways-and-public-works,2023-10-20T16:05:29,2024-09-29T21:07:49,2023,2024
23-0143,23-0143,0,0,0,0,2,access-requests,yukon-hospital-corporation,2023-08-18T10:29:04,2024-09-29T20:37:02,2023,2024
23-0140,23-0140,0,0,0,0,2,access-requests,yukon-police-council,2023-08-31T15:40:24,2024-09-29T20:36:07,2023,2024
23-0135,23-0135,0,0,0,0,2,access-requests,energy-mines-and-resources,2023-08-30T10:29:08,2024-09-29T20:34:54,2023,2024
23-0134,23-0134,0,0,0,0,2,access-requests,education,2023-08-16T10:14:05,2024-09-29T20:33:58,2023,2024
23-0119,23-0119,0,0,0,0,2,access-requests,energy-mines-and-resources,2023-08-01T15:10:17,2024-09-29T20:32:41,2023,2024
23-0112,23-0112,0,2,0,2,1,access-requests,education,2023-07-31T14:22:30,2024-09-29T20:30:39,2023,2024
23-0109,23-0109,0,0,0,0,2,access-requests,environment,2023-07-25T10:11:19,2024-09-29T20:28:55,2023,2024
23-0096,23-0096,0,0,0,0,3,access-requests,environment,2023-07-24T16:03:55,2024-09-29T20:27:15,2023,2024
23-0089,23-0089,0,0,0,0,2,access-requests,yukon-police-council,2023-07-24T15:58:57,2024-09-29T20:25:21,2023,2024
23-0079,23-0079,0,0,0,0,2,access-requests,health-and-social-services,2023-07-24T15:56:16,2024-09-29T20:24:18,2023,2024
23-0076,23-0076,0,0,0,0,2,access-requests,yukon-housing-corporation,2023-06-12T15:54:26,2024-09-29T20:20:24,2023,2024
23-0075,23-0075,0,0,0,0,2,access-requests,yukon-liquor-corporation,2023-06-12T15:52:09,2024-09-29T20:19:17,2023,2024
23-0074,23-0074,0,0,0,0,2,access-requests,yukon-workers-compensation-health-and-safety-board,2023-06-13T14:54:54,2024-09-29T20:18:02,2023,2024
23-0072,23-0072,0,0,0,0,2,access-requests,public-service-commission,2023-06-13T14:52:41,2024-09-22T20:57:31,2023,2024
23-0070,23-0070,0,0,0,0,2,access-requests,justice,2023-06-09T12:54:21,2024-09-22T20:56:29,2023,2024
23-0166,23-0166,0,0,0,0,2,access-requests,health-and-social-services,2023-12-01T11:47:23,2024-09-22T20:28:52,2023,2024
23-0179,23-0179,0,0,0,0,2,access-requests,environment,2023-08-23T10:48:53,2024-09-22T20:26:11,2023,2024
23-0182,23-0182,0,0,0,0,2,access-requests,executive-council-office,2023-10-17T10:41:32,2024-09-22T20:24:15,2023,2024
23-0196,23-0196,0,0,0,0,2,access-requests,economic-development-tourism-and-culture,2023-10-03T11:35:11,2024-09-22T20:22:48,2023,2024
23-0198,23-0198,0,0,0,0,2,access-requests,justice,2023-09-15T15:03:07,2024-09-22T20:21:06,2023,2024
23-0676,23-0676,0,0,0,0,1,access-requests,health-and-social-services,2024-09-15T20:57:06,2024-09-15T20:57:06,2024,2024
23-0673,23-0673,0,0,0,0,1,access-requests,highways-and-public-works,2024-09-15T20:54:08,2024-09-15T20:54:08,2024,2024
23-0069,23-0069,0,0,0,0,2,access-requests,highways-and-public-works,2023-06-09T12:51:39,2024-09-15T20:46:42,2023,2024
23-0068,23-0068,0,0,0,0,2,access-requests,french-language-services-directorate,2023-06-07T14:28:17,2024-09-15T20:45:56,2023,2024
23-0067,23-0067,0,0,0,0,2,access-requests,finance,2023-06-22T15:47:34,2024-09-15T20:45:06,2023,2024
23-0066,23-0066,0,0,0,0,2,access-requests,environment,2023-06-07T14:25:39,2024-09-15T20:44:12,2023,2024
23-0065,23-0065,0,0,0,0,2,access-requests,energy-mines-and-resources,2023-06-22T15:43:44,2024-09-15T20:42:50,2023,2024
23-0064,23-0064,0,0,0,0,2,access-requests,executive-council-office,2023-06-22T15:41:47,2024-09-15T20:41:32,2023,2024
23-0062,23-0062,0,1,0,0,2,access-requests,education,2023-06-14T14:48:42,2024-09-15T20:40:32,2023,2024
23-0038,23-0038,0,0,0,0,2,access-requests,yukon-university,2023-05-24T15:38:21,2024-09-15T20:39:29,2023,2024
23-0029,23-0029,0,0,0,0,2,access-requests,justice,2023-06-22T15:39:52,2024-09-15T20:37:33,2023,2024
23-0020-1,23-0020,0,0,0,0,2,access-requests,health-and-social-services,2023-06-15T14:10:28,2024-09-15T20:35:00,2023,2024
23-0019,23-0019,0,0,0,0,2,access-requests,health-and-social-services,2024-09-15T20:31:41,2024-09-15T20:31:41,2024,2024
23-0684,23-0684,0,0,0,0,2,access-requests,justice,2024-09-12T20:58:22,2024-09-12T20:58:22,2024,2024
23-0669,23-0669,0,1,0,0,1,access-requests,energy-mines-and-resources,2024-09-12T20:56:12,2024-09-12T20:56:12,2024,2024
23-0668,23-0668,0,0,0,0,2,access-requests,yukon-university,2024-09-12T20:53:36,2024-09-12T20:53:36,2024,2024
23-0589,23-0589,0,0,0,0,1,access-requests,energy-mines-and-resources,2024-09-12T20:48:57,2024-09-12T20:48:57,2024,2024
23-0583,23-0583,0,0,0,0,2,access-requests,highways-and-public-works,2024-09-12T20:46:06,2024-09-12T20:46:06,2024,2024
23-0582,23-0582,0,0,0,0,2,access-requests,executive-council-office,2024-09-12T20:44:08,2024-09-12T20:44:08,2024,2024
23-0580,23-0580,0,0,0,0,1,access-requests,economic-development-tourism-and-culture,2024-09-12T20:41:58,2024-09-12T20:41:58,2024,2024
23-0574,23-0574,0,0,0,0,1,access-requests,finance,2024-09-12T20:39:49,2024-09-12T20:39:49,2024,2024
23-0567,23-0567,0,0,0,0,1,access-requests,yukon-hospital-corporation,2024-09-12T20:36:58,2024-09-12T20:36:58,2024,2024
23-0203-1,23-0203,0,0,0,0,2,access-requests,public-service-commission,2024-09-12T20:34:09,2024-09-12T20:34:09,2024,2024
23-0566,23-0566,0,0,0,0,1,access-requests,yukon-hospital-corporation,2024-09-12T20:28:56,2024-09-12T20:28:56,2024,2024
analysis-of-geoscience-data-for-geothermal-exploration-in-the-dakwakada-haines-junction-area-yu,"Analysis of geoscience data for geothermal exploration in the Dakwäkäda (Haines Junction) area, Yukon",0,0,0,0,3,information,yukon-geological-survey,2024-07-15T03:07:37,2024-09-12T01:09:48,2024,2024
23-0562,23-0562,0,0,0,0,1,access-requests,highways-and-public-works,2024-08-23T17:41:08,2024-08-23T17:41:08,2024,2024
23-0204,23-0204,0,0,0,0,2,access-requests,finance,2023-09-11T11:37:27,2024-08-23T14:46:39,2023,2024
23-0221,23-0221,0,0,0,0,3,access-requests,yukon-energy-corporation,2023-10-23T14:59:31,2024-08-23T14:17:45,2023,2024
23-0528-1,23-0528,0,0,0,0,1,access-requests,yukon-energy-corporation,2024-08-22T16:31:52,2024-08-22T16:31:52,2024,2024
23-0519-1,23-0519,0,0,0,0,2,access-requests,environment,2024-08-22T16:28:29,2024-08-22T16:28:29,2024,2024
23-0557,23-0557,0,0,0,0,2,access-requests,yukon-liquor-corporation,2024-08-22T09:23:12,2024-08-22T09:23:12,2024,2024
23-0546,23-0546,0,0,0,0,1,access-requests,justice,2024-08-21T17:25:38,2024-08-21T17:25:38,2024,2024
23-0223,23-0223,0,0,0,0,2,access-requests,executive-council-office,2023-10-11T13:21:18,2024-08-21T17:19:04,2023,2024
23-0527,23-0527,0,0,0,0,2,access-requests,environment,2024-08-21T17:10:54,2024-08-21T17:10:54,2024,2024
23-0526,23-0526,0,0,0,0,2,access-requests,yukon-energy-corporation,2024-08-21T17:07:04,2024-08-21T17:08:47,2024,2024
23-0514,23-0514,0,0,0,0,2,access-requests,yukon-energy-corporation,2024-08-21T17:04:23,2024-08-21T17:04:23,2024,2024
23-0519,23-0519,0,0,0,0,2,access-requests,environment,2024-08-21T16:46:47,2024-08-21T16:46:47,2024,2024
23-0528,23-0528,0,0,0,0,1,access-requests,yukon-energy-corporation,2024-08-21T16:41:22,2024-08-21T16:41:22,2024,2024
23-0520,23-0520,0,0,0,0,2,access-requests,yukon-energy-corporation,2024-08-21T16:38:16,2024-08-21T16:38:16,2024,2024
23-0518,23-0518,0,0,0,0,2,access-requests,environment,2024-08-21T16:31:51,2024-08-21T16:31:51,2024,2024
23-0517,23-0517,0,0,0,0,2,access-requests,yukon-energy-corporation,2024-08-21T16:14:02,2024-08-21T16:14:02,2024,2024
23-0516,23-0516,0,0,0,0,2,access-requests,environment,2024-08-21T16:10:40,2024-08-21T16:10:40,2024,2024
23-0515,23-0515,0,0,0,0,2,access-requests,environment,2024-08-21T16:04:53,2024-08-21T16:04:53,2024,2024
2019-20-operation-and-maintenance-and-capital-estimates,2019–20 Operation and maintenance and capital estimates,0,0,0,0,37,information,finance,2022-03-30T16:47:17,2024-08-12T13:06:28,2022,2024
2020-21-operation-and-maintenance-and-capital-estimates,2020–21 Operation and maintenance and capital estimates,0,0,0,0,35,information,finance,2022-03-23T13:59:29,2024-08-12T13:03:15,2022,2024
envoke-email-communication-platform,Envoke - Email Communication Platform,0,0,0,0,0,pia-summaries,highways-and-public-works,2024-07-26T14:36:25,2024-08-07T07:56:32,2024,2024
envoke-email-communication-distribution-client,Envoke - Email Communication Distribution Client,0,0,0,0,0,pia-summaries,community-services,2024-07-26T14:42:03,2024-08-07T07:56:20,2024,2024
2023-spring-sitting-of-the-first-session-briefing-note-binders,2023 Spring Sitting of the First Session - Briefing Note Binders,0,0,0,0,19,information,executive-council-office,2023-07-07T12:01:52,2024-07-30T13:12:08,2023,2024
yg-dental-program-addendum-pharmacare,YG Dental Program Addendum Pharmacare,0,0,0,0,0,pia-summaries,health-and-social-services,2024-07-23T08:16:57,2024-07-23T08:16:57,2024,2024
hanger-d-video-surveillance-camera-system,Hanger D Video Surveillance Camera System,0,0,0,0,0,pia-summaries,community-services,2024-07-09T10:35:51,2024-07-09T10:35:51,2024,2024
surficial-geology-of-the-beaver-creek-area-yukon,"Surficial Geology of the Beaver Creek Area, Yukon",0,0,0,0,3,information,yukon-geological-survey,2024-02-28T01:02:58,2024-07-02T10:07:55,2024,2024
fuel-oil-tax-act-amendment-to-join-international-fuel-tax-agreement,Fuel Oil Tax Act Amendment To Join International Fuel Tax Agreement,0,0,0,0,0,pia-summaries,finance,2024-06-26T09:53:52,2024-06-26T09:53:52,2024,2024
canada-yukon-housing-homeowner-benefit,Canada-Yukon Housing Homeowner Benefit,0,0,0,0,0,pia-summaries,yukon-housing-corporation,2024-03-19T08:44:13,2024-06-24T14:27:55,2024,2024
hpw-ttc-participation-plan-monitoring-agreement,"HPW-TTC, Participation Plan Monitoring Agreement",0,0,0,0,0,pia-summaries,highways-and-public-works,2024-01-17T09:37:44,2024-06-24T12:04:07,2024,2024
yukon-government-spatial-data-information-platform,Yukon Government Spatial Data Information Platform,0,0,0,0,0,pia-summaries,highways-and-public-works,2023-12-12T13:16:17,2024-06-24T12:03:52,2023,2024
workhub-software-use,WorkHub Software Use,0,0,0,0,0,pia-summaries,highways-and-public-works,2023-12-08T11:33:53,2024-06-24T12:03:28,2023,2024
hpw-automatic-vehicle-locators-avl,HPW - Automatic Vehicle Locators (AVL),0,0,0,0,0,pia-summaries,highways-and-public-works,2023-11-21T14:46:39,2024-06-24T12:02:01,2023,2024
student-financial-assistance-system-sfas,Student Financial Assistance System (SFAS),0,0,0,0,0,pia-summaries,highways-and-public-works,2023-10-12T10:48:39,2024-06-24T12:01:50,2023,2024
auth0,Auth0,0,0,0,0,0,pia-summaries,highways-and-public-works,2022-05-11T12:45:54,2024-06-24T11:04:01,2022,2024
traffic-classifiers,Traffic Classifiers,0,0,0,0,0,pia-summaries,highways-and-public-works,2022-04-20T09:34:43,2024-06-24T11:03:30,2022,2024
yukon-511-project,Yukon 511  Project,0,0,0,0,0,pia-summaries,highways-and-public-works,2022-08-02T09:06:11,2024-06-24T11:03:13,2022,2024
yukon-indigenous-led-conservation-capacity-fund-iccf,Yukon Indigenous-led Conservation Capacity Fund (ICCF),0,0,0,0,0,pia-summaries,environment,2024-06-19T14:15:46,2024-06-19T14:15:46,2024,2024
yukon-mineral-deposits-2007,Yukon Mineral Deposits 2007,0,0,0,0,2,information,yukon-geological-survey,2011-04-04T03:04:29,2024-06-13T10:06:43,2011,2024
yukon-mineral-deposits-2004,Yukon Mineral Deposits 2004,0,0,0,0,2,information,yukon-geological-survey,2016-04-29T08:04:11,2024-06-13T10:06:09,2016,2024
placespeak-update-inclusion-of-placeit-function,PlaceSpeak Update - Inclusion of PlaceIt function,0,0,0,0,0,pia-summaries,highways-and-public-works,2023-10-24T12:49:07,2024-06-06T11:58:11,2023,2024
geothermal-exploration-in-the-burwash-landing-region-canada-using-three-dimensional-inversion-o,"Geothermal Exploration in the Burwash Landing Region, Canada, Using Three-Dimensional Inversion of Passive Electromagnetic Data",0,0,0,0,2,information,yukon-geological-survey,2022-11-25T10:11:46,2024-05-29T10:05:44,2022,2024
exploring-the-link-between-organic-matter-and-carlin-type-gold-mineralization-new-insights-from,Exploring the link between organic matter and Carlin-type gold mineralization: new insights from Yukon deposits,0,0,0,0,2,information,yukon-geological-survey,2024-05-29T10:05:06,2024-05-29T10:05:24,2024,2024
detrital-zircon-u-pb-and-hf-isotope-signature-of-carboniferous-and-older-strata-of-the-yukon-ta,"Detrital zircon U-Pb and Hf isotope signature of Carboniferous and older strata of the Yukon-Tanana terrane in Yukon, Canadian Cordillera: Implications for terrane correlations and the onset of Late Devonian arc magmatism",0,0,0,0,2,information,yukon-geological-survey,2023-11-14T03:11:52,2024-05-29T09:05:56,2023,2024
earthquake-relocations-delineate-a-discrete-fault-network-and-deformation-corridor-throughout-s,Earthquake Relocations Delineate a Discrete Fault Network and Deformation Corridor Throughout Southeast Alaska and Southwest Yukon,0,0,0,0,2,information,yukon-geological-survey,2024-05-27T08:05:40,2024-05-29T09:05:55,2024,2024
early-ordovician-seamounts-preserved-in-the-canadian-cordillera-implications-for-the-rift-histo,Early Ordovician seamounts preserved in the Canadian Cordillera: Implications for the rift history of western Laurentia,0,0,0,0,2,information,yukon-geological-survey,2023-11-14T03:11:44,2024-05-29T09:05:35,2023,2024
thermal-history-of-carlin-type-gold-deposits-in-yukon-canada-as-revealed-by-organic-matter-geot,"Thermal history of Carlin-type gold deposits in Yukon (Canada) as revealed by organic matter geothermometry, clumped isotope data, fluid inclusion microthermometry, and apatite fission-track analyses",0,0,0,0,1,information,yukon-geological-survey,2024-05-29T04:05:05,2024-05-29T04:05:25,2024,2024
pan-canadian-geoscience-strategy-enhancing-geoscience-data-knowledge-and-access-for-a-stronger-,"Pan-Canadian Geoscience Strategy: enhancing geoscience data, knowledge and access for a stronger future",0,0,0,0,2,information,yukon-geological-survey,2024-05-29T04:05:01,2024-05-29T04:05:08,2024,2024
the-july-2007-rock-and-ice-avalanches-at-mount-steele-st-elias-mountains-yukon-canada,"The July 2007 rock and ice avalanches at Mount Steele, St. Elias Mountains, Yukon, Canada",0,0,0,0,2,information,yukon-geological-survey,2024-05-29T03:05:01,2024-05-29T03:05:20,2024,2024
retrogressive-thaw-slump-susceptibility-in-the-northern-hemisphere-permafrost-region,Retrogressive thaw slump susceptibility in the northern hemisphere permafrost region,0,0,0,0,2,information,yukon-geological-survey,2024-05-29T02:05:41,2024-05-29T02:05:54,2024,2024
23-0531,23-0531,0,0,0,0,1,access-requests,health-and-social-services,2024-05-26T20:27:58,2024-05-26T20:27:58,2024,2024
23-0530,23-0530,0,0,0,0,1,access-requests,yukon-hospital-corporation,2024-05-26T20:23:56,2024-05-26T20:23:56,2024,2024
23-0525,23-0525,0,0,0,0,1,access-requests,environment,2024-05-26T20:20:43,2024-05-26T20:20:43,2024,2024
23-0513,23-0513,0,0,0,0,1,access-requests,yukon-hospital-corporation,2024-05-26T20:00:11,2024-05-26T20:00:11,2024,2024
23-0512,23-0512,0,0,0,0,1,access-requests,yukon-hospital-corporation,2024-05-26T19:58:49,2024-05-26T19:58:49,2024,2024
23-0511,23-0511,0,0,0,0,2,access-requests,yukon-hospital-corporation,2024-05-26T19:56:19,2024-05-26T19:56:58,2024,2024
23-0509,23-0509,0,0,0,0,2,access-requests,health-and-social-services,2024-05-26T19:54:39,2024-05-26T19:54:39,2024,2024
23-0507,23-0507,0,0,0,0,2,access-requests,highways-and-public-works,2024-05-26T19:52:57,2024-05-26T19:52:57,2024,2024
23-0506,23-0506,0,0,0,0,2,access-requests,environment,2024-05-26T19:49:38,2024-05-26T19:49:38,2024,2024
23-0497,23-0497,0,0,0,0,2,access-requests,health-and-social-services,2024-05-21T17:20:01,2024-05-21T17:20:01,2024,2024
23-0496,23-0496,0,0,0,0,1,access-requests,energy-mines-and-resources,2024-05-21T17:11:51,2024-05-21T17:11:51,2024,2024
23-0495,23-0495,0,2,0,0,1,access-requests,education,2024-05-21T17:07:55,2024-05-21T17:07:55,2024,2024
wills-act-fact-sheet-for-legal-community,Wills Act Fact Sheet for Legal Community,0,0,0,0,1,information,justice,2021-03-12T17:57:58,2024-05-16T11:53:41,2021,2024
new-minerals-legislation-engagement-materials,New minerals legislation – engagement materials,0,0,0,0,56,information,environment,2023-02-07T16:20:08,2024-05-16T10:52:12,2023,2024
23-0230,23-0230,0,1,0,0,2,access-requests,education,2023-10-03T11:38:41,2024-05-12T20:28:02,2023,2024
23-0489,23-0489,0,0,0,0,2,access-requests,community-services,2024-05-12T20:18:49,2024-05-12T20:18:49,2024,2024
23-0472,23-0472,0,0,0,0,2,access-requests,highways-and-public-works,2024-05-12T20:12:19,2024-05-12T20:12:19,2024,2024
23-0487,23-0487,0,0,0,0,1,access-requests,energy-mines-and-resources,2024-05-12T19:59:54,2024-05-12T19:59:54,2024,2024
23-0484,23-0484,0,0,0,0,2,access-requests,energy-mines-and-resources,2024-05-12T19:57:53,2024-05-12T19:57:53,2024,2024
23-0481,23-0481,0,0,0,0,2,access-requests,community-services,2024-05-12T19:54:55,2024-05-12T19:54:55,2024,2024
23-0478,23-0478,0,0,0,0,2,access-requests,yukon-hospital-corporation,2024-05-12T19:50:59,2024-05-12T19:50:59,2024,2024
23-0477,23-0477,0,0,0,0,2,access-requests,yukon-hospital-corporation,2024-05-12T19:48:24,2024-05-12T19:48:24,2024,2024
seesaw-for-schools,Seesaw for Schools,0,0,0,0,0,pia-summaries,education,2024-05-08T09:37:49,2024-05-08T09:37:49,2024,2024
23-0476,23-0476,0,0,0,0,2,access-requests,health-and-social-services,2024-05-07T20:54:59,2024-05-07T20:54:59,2024,2024
23-0475,23-0475,0,0,0,0,1,access-requests,health-and-social-services,2024-05-07T20:50:19,2024-05-07T20:50:19,2024,2024
23-0474,23-0474,0,0,0,0,1,access-requests,public-service-commission,2024-05-07T20:46:07,2024-05-07T20:46:07,2024,2024
23-0471,23-0471,0,0,0,0,1,access-requests,energy-mines-and-resources,2024-05-07T20:31:32,2024-05-07T20:31:32,2024,2024
23-0470,23-0470,0,0,0,0,2,access-requests,environment,2024-05-05T20:25:57,2024-05-05T20:25:57,2024,2024
23-0469,23-0469,0,0,0,0,1,access-requests,community-services,2024-05-05T20:20:57,2024-05-05T20:20:57,2024,2024
23-0466,23-0466,0,0,0,0,2,access-requests,highways-and-public-works,2024-05-05T20:17:50,2024-05-05T20:17:50,2024,2024
23-0465,23-0465,0,1,0,0,1,access-requests,education,2024-05-05T20:14:16,2024-05-05T20:14:16,2024,2024
23-0464,23-0464,0,0,0,0,2,access-requests,public-service-commission,2024-05-05T20:11:13,2024-05-05T20:11:13,2024,2024
23-0461,23-0461,0,0,0,0,2,access-requests,environment,2024-05-05T20:05:51,2024-05-05T20:05:51,2024,2024
23-0457,23-0457,0,0,0,0,1,access-requests,economic-development-tourism-and-culture,2024-05-05T19:59:30,2024-05-05T19:59:30,2024,2024
23-0456,23-0456,0,0,0,0,1,access-requests,environment,2024-05-05T19:56:33,2024-05-05T19:56:33,2024,2024
23-0453,23-0453,0,0,0,0,1,access-requests,health-and-social-services,2024-05-05T19:53:19,2024-05-05T19:53:19,2024,2024
23-0448,23-0448,0,0,0,0,1,access-requests,economic-development-tourism-and-culture,2024-05-05T19:51:03,2024-05-05T19:51:03,2024,2024
23-0440,23-0440,0,0,0,0,1,access-requests,energy-mines-and-resources,2024-05-05T19:48:24,2024-05-05T19:48:24,2024,2024
23-0439,23-0439,0,0,0,0,1,access-requests,finance,2024-05-05T19:44:53,2024-05-05T19:44:53,2024,2024
23-0434,23-0434,0,0,0,0,1,access-requests,health-and-social-services,2024-05-05T19:40:17,2024-05-05T19:40:17,2024,2024
23-0417,23-0417,0,3,0,4,1,access-requests,education,2024-05-05T19:37:33,2024-05-05T19:37:33,2024,2024
23-0416,23-0416,0,0,0,0,2,access-requests,yukon-development-corporation,2024-05-05T19:32:08,2024-05-05T19:32:08,2024,2024
23-0407,23-0407,0,2,0,0,1,access-requests,education,2024-05-05T19:24:18,2024-05-05T19:24:18,2024,2024
23-0390,23-0390,0,0,0,0,1,access-requests,education,2024-05-05T19:18:07,2024-05-05T19:18:07,2024,2024
dragon-medical-one,Dragon Medical One,0,0,0,0,0,pia-summaries,health-and-social-services,2024-05-02T15:30:38,2024-05-02T15:30:38,2024,2024
sport-and-recreation-use-of-checkbox,Sport & Recreation Use of Checkbox,0,0,0,0,0,pia-summaries,community-services,2024-05-01T10:09:04,2024-05-01T10:09:04,2024,2024
23-0386,23-0386,0,3,0,0,1,access-requests,education,2024-04-30T20:34:56,2024-04-30T20:34:56,2024,2024
23-0444,23-0444,0,0,0,0,2,access-requests,health-and-social-services,2024-04-30T20:28:15,2024-04-30T20:28:15,2024,2024
yg-immigration-yukon-nominee-program,YG Immigration - Yukon Nominee Program,0,0,0,0,0,pia-summaries,economic-development-tourism-and-culture,2023-09-07T15:59:18,2024-04-30T15:11:09,2023,2024
media-development-film-fund,Media Development - Film Fund,0,0,0,0,0,pia-summaries,economic-development-tourism-and-culture,2023-09-07T16:02:44,2024-04-30T15:10:50,2023,2024
vaccine-verification-rebate,Vaccine Verification Rebate,0,0,0,0,0,pia-summaries,economic-development-tourism-and-culture,2023-09-07T15:55:03,2024-04-30T15:10:31,2023,2024
economic-development-fund,Economic Development Fund,0,0,0,0,0,pia-summaries,economic-development-tourism-and-culture,2023-09-07T14:45:33,2024-04-30T15:10:01,2023,2024
media-development-performing-musicians-fund,Media Development – Performing Musicians Fund,0,0,0,0,0,pia-summaries,economic-development-tourism-and-culture,2023-09-07T15:48:05,2024-04-30T15:09:46,2023,2024
better-buildings-program,Better Buildings Program,0,0,0,0,0,pia-summaries,community-services,2022-11-02T15:24:58,2024-04-30T13:20:24,2022,2024
in1touch-licensing-online-system,in1Touch Licensing Online System,0,0,0,0,0,pia-summaries,community-services,2022-10-11T15:07:38,2024-04-30T13:20:16,2022,2024
23-0395,23-0395,0,0,0,0,2,access-requests,education,2024-04-23T20:54:31,2024-04-23T20:54:31,2024,2024
23-0382,23-0382,0,3,0,0,1,access-requests,education,2024-04-23T20:49:08,2024-04-23T20:49:08,2024,2024
23-0254,23-0254,0,0,0,0,2,access-requests,finance,2023-11-02T13:41:40,2024-04-22T17:21:53,2023,2024
23-0438,23-0438,0,0,0,0,0,access-requests,health-and-social-services,2024-04-22T17:04:00,2024-04-22T17:04:00,2024,2024
23-0265,23-0265,0,0,0,0,2,access-requests,health-and-social-services,2023-11-16T13:15:12,2024-04-22T16:44:22,2023,2024
23-0605,23-0605,0,0,0,0,2,access-requests,health-and-social-services,2024-04-22T16:39:00,2024-04-22T16:39:00,2024,2024
yukon-government-spatial-data-information-platform-update,Yukon Government Spatial Data Information Platform (Update),0,0,0,0,0,pia-summaries,highways-and-public-works,2024-04-03T15:31:25,2024-04-03T15:32:24,2024,2024
remote-travel-program-garmin-in-reach-device,Remote Travel Program (Garmin in Reach Device),0,0,0,0,0,pia-summaries,highways-and-public-works,2024-04-03T09:29:22,2024-04-03T15:22:47,2024,2024
safetyline,SafetyLine,0,1,0,0,0,pia-summaries,health-and-social-services,2024-04-03T08:42:20,2024-04-03T08:47:49,2024,2024
property-assessment-and-tax-solution-system-atent,Property Assessment and Tax Solution System (AtENT),0,0,0,0,0,pia-summaries,community-services,2024-03-27T13:28:20,2024-03-27T13:28:20,2024,2024
training-programs-federal-international-student-program-implementing-federal-minister-instructi,Training Programs - Federal International Student Program - Implementing Federal Minister Instructions for Provincial Attestation Letter,0,0,0,0,0,pia-summaries,education,2024-03-25T09:44:13,2024-03-25T09:44:13,2024,2024
2019-20-supplementary-estimates-no-3,2019–20 Supplementary estimates no. 3,0,0,0,0,11,information,finance,2022-03-29T13:20:40,2024-03-22T14:23:37,2022,2024
tsb-central-issuance-veridos,TSB Central Issuance (Veridos),0,0,0,0,0,pia-summaries,highways-and-public-works,2024-03-15T08:29:12,2024-03-15T08:29:12,2024,2024
seismicity-near-the-eastern-denali-fault-from-temporary-and-long-term-seismic-recordings,Seismicity near the eastern Denali fault from temporary and long-term seismic recordings,0,0,0,0,2,information,yukon-geological-survey,2024-01-19T01:01:13,2024-03-13T02:03:22,2024,2024
news-releases-2009,News releases 2009,0,0,0,0,290,information,executive-council-office,2020-03-27T16:32:37,2024-03-12T12:24:08,2020,2024
2023-24-supplementary-estimates-no-2,2023–24 Supplementary estimates no. 2,0,0,0,0,24,information,finance,2024-03-08T09:15:12,2024-03-08T09:39:42,2024,2024
yukon-parks-online-reservation-system-project,Yukon Parks Online Reservation System Project,0,0,0,0,0,pia-summaries,environment,2024-03-06T15:37:31,2024-03-06T15:37:31,2024,2024
2023-24-supplementary-estimates-no-1,2023–24 Supplementary estimates no. 1,0,0,0,0,29,information,finance,2024-03-05T13:07:10,2024-03-05T13:55:41,2024,2024
2023-24-budget,2023–24 Budget,0,4,0,0,6,information,finance,2024-03-05T09:16:31,2024-03-05T11:41:31,2024,2024
2023-24-additional-information-and-statistics,2023–24 Additional information and statistics,0,0,0,0,8,information,finance,2024-03-05T10:53:00,2024-03-05T11:00:22,2024,2024
public-health-information-exchange-phix-application,Public Health Information Exchange (“PHIX”) Application,0,0,0,0,0,pia-summaries,health-and-social-services,2024-02-29T10:32:34,2024-02-29T10:32:34,2024,2024
23-0343,23-0343,0,0,0,0,2,access-requests,community-services,2024-02-15T16:30:37,2024-02-15T16:30:37,2024,2024
23-0341,23-0341,0,0,0,0,1,access-requests,environment,2024-02-15T16:24:51,2024-02-15T16:24:51,2024,2024
23-0266,23-0266,0,0,0,0,2,access-requests,community-services,2023-11-30T16:29:32,2024-02-13T16:33:06,2023,2024
23-0300,23-0300,0,0,0,0,2,access-requests,health-and-social-services,2023-12-01T11:43:50,2024-02-13T16:32:25,2023,2024
23-0312,23-0312,0,0,0,0,2,access-requests,highways-and-public-works,2023-11-22T10:49:52,2024-02-13T16:01:49,2023,2024
23-0355,23-0355,0,0,0,0,2,access-requests,health-and-social-services,2023-12-22T09:36:37,2024-02-13T15:59:53,2023,2024
23-0372,23-0372,0,1,0,0,2,access-requests,education,2023-12-01T11:37:11,2024-02-13T15:57:54,2023,2024
geothermal-thermal-springs,Geothermal Thermal Springs,0,0,0,0,3,data,geomatics-yukon,2024-02-01T18:33:43,2024-02-13T01:03:05,2024,2024
23-0377,23-0377,0,0,0,0,4,access-requests,highways-and-public-works,2024-01-03T14:46:28,2024-02-12T16:45:28,2024,2024
23-0411,23-0411,0,0,0,0,2,access-requests,executive-council-office,2023-12-19T10:56:02,2024-02-12T16:32:06,2023,2024
22-0602,22-0602,0,0,0,0,2,access-requests,health-and-social-services,2023-03-20T14:57:53,2024-02-08T20:05:09,2023,2024
22-0507,22-0507,0,0,0,0,14,access-requests,environment,2023-02-22T14:05:09,2024-02-08T20:04:28,2023,2024
22-0506,22-0506,0,0,0,0,2,access-requests,environment,2022-12-08T08:54:41,2024-02-08T20:01:42,2022,2024
22-0505,22-0505,0,0,0,0,2,access-requests,environment,2022-12-08T08:51:25,2024-02-08T20:00:52,2022,2024
22-0503,22-0503,0,0,0,0,2,access-requests,environment,2022-12-08T09:12:38,2024-02-08T20:00:03,2022,2024
22-0499,22-0499,0,0,0,0,2,access-requests,environment,2022-12-08T08:57:50,2024-02-08T19:59:18,2022,2024
22-0479,22-0479,0,0,0,0,2,access-requests,environment,2022-12-08T08:39:53,2024-02-08T19:58:10,2022,2024
22-0476,22-0476,0,0,0,0,2,access-requests,economic-development-tourism-and-culture,2023-04-11T11:21:45,2024-02-08T16:42:24,2023,2024
22-0348,22-0348,0,0,0,0,2,access-requests,health-and-social-services,2022-10-06T13:33:18,2024-02-08T16:41:39,2022,2024
22-0206,22-0206,0,0,0,0,2,access-requests,environment,2022-08-04T15:43:21,2024-02-08T16:40:54,2022,2024
21-0458,21-0458,0,0,0,0,8,access-requests,health-and-social-services,2022-01-31T08:11:38,2024-02-08T16:38:45,2022,2024
22-0172,22-0172,0,0,0,0,2,access-requests,environment,2022-08-04T15:26:42,2024-02-06T20:47:47,2022,2024
22-0145,22-0145,0,0,0,0,2,access-requests,environment,2022-05-24T13:21:45,2024-02-06T20:47:06,2022,2024
22-0097,22-0097,0,0,0,0,2,access-requests,health-and-social-services,2022-05-03T07:42:42,2024-02-06T20:46:30,2022,2024
22-0047,22-0047,0,0,0,0,2,access-requests,health-and-social-services,2022-03-17T12:55:17,2024-02-06T20:45:50,2022,2024
22-0031,22-0031,0,0,0,0,1,access-requests,economic-development-tourism-and-culture,2023-04-11T14:53:04,2024-02-06T20:28:26,2023,2024
21-0488,21-0488,0,0,0,0,2,access-requests,community-services,2022-03-09T10:43:54,2024-02-06T20:20:32,2022,2024
21-0467,21-0467,0,0,0,0,3,access-requests,environment,2022-02-10T11:34:18,2024-02-06T20:17:47,2022,2024
21-0457,21-0457,0,0,0,0,2,access-requests,health-and-social-services,2022-02-02T12:18:38,2024-02-06T20:16:53,2022,2024
21-0456,21-0456,0,0,0,0,2,access-requests,health-and-social-services,2022-02-23T16:12:51,2024-02-06T20:16:07,2022,2024
21-0446,21-0446,0,0,0,0,2,access-requests,health-and-social-services,2022-02-07T09:41:02,2024-02-06T20:14:50,2022,2024
21-0411,21-0411,0,0,0,0,2,access-requests,health-and-social-services,2022-01-31T14:15:48,2024-02-06T19:46:50,2022,2024
21-0374,21-0374,0,0,0,0,2,access-requests,energy-mines-and-resources,2022-01-27T14:59:58,2024-02-06T19:45:45,2022,2024
21-0346,21-0346,0,0,0,0,2,access-requests,health-and-social-services,2021-12-08T11:06:25,2024-02-06T19:45:00,2021,2024
21-0239,21-0239,0,0,0,0,4,access-requests,yukon-energy-corporation,2021-09-29T13:25:27,2024-02-06T19:43:14,2021,2024
21-0227,21-0227,0,0,0,0,1,access-requests,health-and-social-services,2021-10-12T09:49:59,2024-02-06T19:41:25,2021,2024
2016-17-main-estimates,2016–17 Main estimates,0,0,0,0,35,information,finance,2020-03-30T21:03:13,2024-02-01T07:14:02,2020,2024
21-0256,21-0256,0,1,0,0,5,access-requests,education,2021-10-25T14:06:29,2024-01-30T20:22:39,2021,2024
21-0255,21-0255,0,0,0,0,3,access-requests,health-and-social-services,2021-10-07T14:51:35,2024-01-30T20:19:59,2021,2024
21-0241,21-0241,0,0,0,0,2,access-requests,yukon-energy-corporation,2021-09-29T13:30:30,2024-01-30T20:16:27,2021,2024
21-0240,21-0240,0,0,0,0,2,access-requests,yukon-energy-corporation,2021-09-29T13:27:52,2024-01-30T20:15:38,2021,2024
jira-service-management,Jira Service Management,0,0,0,0,0,pia-summaries,highways-and-public-works,2024-01-30T12:31:17,2024-01-30T12:31:17,2024,2024
stream-sediment-basins-rgs,Stream Sediment Basins (RGS),0,0,0,0,1,data,yukon-geological-survey,2023-11-15T10:11:39,2024-01-30T10:01:34,2023,2024
preliminary-report-on-the-bedrock-geology-southwest-of-big-salmon-lake-parts-of-nts-105f-3-4-5-,"Preliminary report on the bedrock geology southwest of Big Salmon Lake (parts of NTS 105F/3, 4, 5, 6), south-central Yukon",0,0,0,0,2,information,yukon-geological-survey,2024-01-19T01:01:41,2024-01-30T10:01:22,2024,2024
mineral-deposits-by-zone,Mineral Deposits by Zone,0,0,0,0,3,data,geomatics-yukon,2023-10-19T23:38:34,2024-01-26T16:49:51,2023,2024
mineral-deposits-by-property,Mineral Deposits by Property,0,0,0,0,3,data,geomatics-yukon,2023-10-19T23:02:31,2024-01-26T16:48:58,2023,2024
23-0441,23-0441,0,0,0,0,2,access-requests,yukon-hospital-corporation,2023-12-22T09:41:03,2024-01-26T12:59:53,2023,2024
22-0127,22-0127,0,0,0,0,2,access-requests,environment,2022-05-10T10:14:49,2024-01-24T15:41:06,2022,2024
22-0064,22-0064,0,0,0,0,2,access-requests,environment,2022-03-25T14:46:53,2024-01-24T15:40:12,2022,2024
22-0061,22-0061,0,0,0,0,2,access-requests,environment,2022-04-05T10:45:19,2024-01-24T15:39:10,2022,2024
21-0302,21-0302,0,0,0,0,2,access-requests,environment,2021-11-05T15:10:22,2024-01-24T15:38:00,2021,2024
canto-cumulus-system-service-expansion,Canto Cumulus System Service Expansion,0,0,0,0,0,pia-summaries,executive-council-office,2024-01-24T10:27:41,2024-01-24T10:27:41,2024,2024
23-0415,23-0415,0,0,0,0,2,access-requests,energy-mines-and-resources,2024-01-24T10:12:29,2024-01-24T10:12:29,2024,2024
23-0420,23-0420,0,0,0,0,1,access-requests,health-and-social-services,2024-01-24T10:00:16,2024-01-24T10:00:16,2024,2024
23-0406,23-0406,0,0,0,0,2,access-requests,health-and-social-services,2024-01-23T14:58:37,2024-01-23T14:58:37,2024,2024
23-0412,23-0412,0,0,0,0,2,access-requests,yukon-hospital-corporation,2023-12-20T11:43:02,2024-01-22T16:33:58,2023,2024
23-0385,23-0385,0,0,0,0,2,access-requests,education,2024-01-22T16:30:06,2024-01-22T16:30:06,2024,2024
yukon-placer-mining-2023-development-and-exploration-overview,Yukon placer mining 2023 development and exploration overview,0,0,0,0,2,information,yukon-geological-survey,2024-01-11T01:01:17,2024-01-19T01:01:56,2024,2024
surficial-geochemical-data-extracted-from-assessment-reports-development-and-initial-release-of,Surficial geochemical data extracted from assessment reports: Development and initial release of the database,0,0,0,0,2,information,yukon-geological-survey,2024-01-19T01:01:24,2024-01-19T01:01:54,2024,2024
yukon-geological-survey-2023-overview,Yukon Geological Survey 2023 overview,0,0,0,0,2,information,yukon-geological-survey,2024-01-11T01:01:20,2024-01-19T01:01:52,2024,2024
yukon-exploration-and-geology-overview-2023,Yukon Exploration and Geology Overview 2023,0,0,0,0,2,information,yukon-geological-survey,2024-01-11T01:01:23,2024-01-19T01:01:47,2024,2024
yukon-exploration-and-geology-2023,Yukon Exploration and Geology 2023,0,0,0,0,2,information,yukon-geological-survey,2024-01-19T01:01:38,2024-01-19T01:01:38,2024,2024
shear-wave-velocities-from-broadband-hvsr-measurements-for-geothermal-resource-assessment-near-,"Shear-wave velocities from broadband HVSR measurements for geothermal resource assessment near Burwash Landing, Yukon",0,0,0,0,2,information,yukon-geological-survey,2024-01-19T01:01:15,2024-01-19T01:01:37,2024,2024
hydrothermal-modelling-of-takhini-hot-springs-nts-105d-14,Hydrothermal modelling of Takhini Hot Springs (NTS 105D/14),0,0,0,0,2,information,yukon-geological-survey,2024-01-19T01:01:43,2024-01-19T01:01:18,2024,2024
preliminary-observations-of-the-mesoproterozoic-pinguicula-group-in-the-coal-creek-inlier-11-14,"Preliminary observations of the Mesoproterozoic Pinguicula Group in the Coal Creek inlier, Yukon (parts of NTS 116B/11, 14)",0,0,0,0,2,information,yukon-geological-survey,2024-01-19T01:01:43,2024-01-19T01:01:15,2024,2024
preliminary-site-characterization-for-earthquake-hazard-assessment-using-ambient-vibratio-13-14,"Preliminary site characterization for earthquake hazard assessment using ambient vibration techniques in Haines Junction, Yukon (parts of NTS115A/11, 12, 13, 14)",0,0,0,0,2,information,yukon-geological-survey,2024-01-19T01:01:26,2024-01-19T01:01:10,2024,2024
yukon-geological-surveys-outreach-program-2023-highlights,Yukon Geological Survey’s Outreach Program: 2023 highlights,0,0,0,0,2,information,yukon-geological-survey,2024-01-11T01:01:05,2024-01-19T01:01:06,2024,2024
permafrost-related-landslides-following-a-2017-wildfire-dempster-highway-yukon-parts-of-nts--12,"Permafrost-related landslides following a 2017 wildfire, Dempster Highway, Yukon (parts of NTS 116G/9 and 116H/12)",0,0,0,0,2,information,yukon-geological-survey,2024-01-19T01:01:02,2024-01-19T01:01:02,2024,2024
yukon-hardrock-mining-development-and-exploration-overview-2023,"Yukon hardrock mining, development and exploration overview 2023",0,0,0,0,2,information,yukon-geological-survey,2024-01-11T01:01:11,2024-01-19T01:01:01,2024,2024
temporary-landlord-assistance-program,Temporary Landlord Assistance Program,0,0,0,0,0,pia-summaries,economic-development-tourism-and-culture,2024-01-18T07:18:01,2024-01-18T07:18:01,2024,2024
23-0203,23-0203,0,0,0,0,1,access-requests,public-service-commission,2023-09-05T13:24:53,2024-01-17T13:12:29,2023,2024
23-0020,23-0020,0,0,0,0,1,access-requests,health-and-social-services,2023-06-13T14:49:05,2024-01-17T12:23:06,2023,2024
22-0659,22-0659,0,0,0,0,1,access-requests,economic-development-tourism-and-culture,2023-04-05T15:53:18,2024-01-17T12:06:32,2023,2024
22-0649,22-0649,0,0,0,0,1,access-requests,environment,2023-03-17T10:03:49,2024-01-17T12:05:55,2023,2024
22-0629,22-0629,0,1,0,0,1,access-requests,community-services,2023-05-31T15:30:31,2024-01-17T12:04:23,2023,2024
22-0614,22-0614,0,0,0,0,1,access-requests,environment,2023-03-17T10:17:55,2024-01-17T12:00:51,2023,2024
22-0611,22-0611,0,0,0,0,1,access-requests,justice,2023-02-07T14:49:14,2024-01-17T12:00:33,2023,2024
22-0512,22-0512,0,0,0,0,1,access-requests,highways-and-public-works,2023-02-01T10:28:14,2024-01-17T11:54:00,2023,2024
22-0508,22-0508,0,0,0,0,1,access-requests,environment,2022-12-23T12:46:37,2024-01-17T11:53:40,2022,2024
22-0504,22-0504,0,0,0,0,1,access-requests,environment,2022-12-08T08:44:39,2024-01-17T11:52:28,2022,2024
22-0502,22-0502,0,0,0,0,1,access-requests,environment,2022-12-08T09:09:25,2024-01-17T11:51:49,2022,2024
22-0501,22-0501,0,0,0,0,1,access-requests,environment,2022-12-08T09:03:23,2024-01-17T11:51:32,2022,2024
22-0466,22-0466,0,0,0,0,1,access-requests,highways-and-public-works,2022-12-07T16:07:51,2024-01-17T11:41:11,2022,2024
22-0454,22-0454,0,0,0,0,1,access-requests,highways-and-public-works,2022-12-07T15:59:24,2024-01-17T11:35:47,2022,2024
22-0453,22-0453,0,0,0,0,1,access-requests,highways-and-public-works,2022-12-14T11:24:07,2024-01-17T11:35:29,2022,2024
22-0431,22-0431,0,0,0,0,1,access-requests,executive-council-office,2022-12-07T15:52:30,2024-01-17T11:32:26,2022,2024
22-0392,22-0392,0,0,0,0,1,access-requests,health-and-social-services,2022-11-01T10:39:19,2024-01-17T11:30:48,2022,2024
22-0391,22-0391,0,0,0,0,1,access-requests,health-and-social-services,2022-11-01T10:36:20,2024-01-17T11:30:33,2022,2024
22-0381,22-0381,0,0,0,0,1,access-requests,environment,2022-10-06T12:22:25,2024-01-17T11:29:35,2022,2024
22-0370,22-0370,0,0,0,0,1,access-requests,health-and-social-services,2022-09-28T07:59:14,2024-01-17T11:29:18,2022,2024
22-0367,22-0367,0,0,0,0,1,access-requests,highways-and-public-works,2022-09-26T15:56:43,2024-01-17T11:28:57,2022,2024
22-0346,22-0346,0,0,0,0,1,access-requests,yukon-housing-corporation,2022-11-10T14:14:54,2024-01-17T11:27:53,2022,2024
22-0343,22-0343,0,0,0,0,1,access-requests,justice,2022-09-14T15:59:38,2024-01-17T11:27:36,2022,2024
22-0338,22-0338,0,0,0,0,1,access-requests,health-and-social-services,2022-09-15T13:12:32,2024-01-17T11:26:55,2022,2024
22-0337,22-0337,0,0,0,0,1,access-requests,environment,2022-09-20T14:45:17,2024-01-17T11:26:38,2022,2024
22-0333,22-0333,0,0,0,0,1,access-requests,health-and-social-services,2022-09-13T07:17:24,2024-01-17T11:26:01,2022,2024
22-0327,22-0327,0,0,0,0,1,access-requests,yukon-housing-corporation,2022-09-13T09:32:34,2024-01-17T11:25:43,2022,2024
22-0321,22-0321,0,0,0,0,1,access-requests,yukon-liquor-corporation,2022-08-30T11:57:30,2024-01-17T11:25:24,2022,2024
22-0305,22-0305,0,0,0,0,1,access-requests,environment,2022-08-17T11:38:32,2024-01-17T11:25:06,2022,2024
22-0300,22-0300,0,0,0,0,1,access-requests,environment,2022-08-19T10:43:21,2024-01-17T11:24:47,2022,2024
22-0299,22-0299,0,0,0,0,1,access-requests,environment,2022-08-12T13:57:37,2024-01-17T11:24:27,2022,2024
22-0297,22-0297,0,0,0,0,1,access-requests,environment,2022-08-12T14:03:06,2024-01-17T11:23:27,2022,2024
22-0278,22-0278,0,0,0,0,1,access-requests,environment,2022-08-04T15:57:53,2024-01-17T11:23:00,2022,2024
22-0276,22-0276,0,0,0,0,1,access-requests,highways-and-public-works,2022-07-29T11:54:07,2024-01-17T11:21:39,2022,2024
22-0270,22-0270,0,0,0,0,1,access-requests,yukon-housing-corporation,2022-07-25T12:52:46,2024-01-17T11:20:55,2022,2024
22-0222,22-0222,0,1,0,0,1,access-requests,yukon-workers-compensation-health-and-safety-board,2022-07-25T13:21:32,2024-01-17T11:20:30,2022,2024
22-0211,22-0211,0,0,0,0,1,access-requests,energy-mines-and-resources,2022-08-30T14:15:22,2024-01-17T11:18:16,2022,2024
22-0204,22-0204,0,0,0,0,1,access-requests,economic-development-tourism-and-culture,2023-04-11T13:49:30,2024-01-17T11:14:27,2023,2024
22-0171,22-0171,0,0,0,0,1,access-requests,energy-mines-and-resources,2022-08-30T14:01:02,2024-01-17T11:09:52,2022,2024
22-0169,22-0169,0,0,0,0,1,access-requests,economic-development-tourism-and-culture,2023-04-11T13:59:39,2024-01-17T11:07:35,2023,2024
22-0141,22-0141,0,0,0,0,1,access-requests,environment,2022-08-17T11:14:33,2024-01-17T11:03:46,2022,2024
22-0087,22-0087,0,0,0,0,1,access-requests,health-and-social-services,2022-05-03T07:39:27,2024-01-17T10:59:22,2022,2024
22-0082,22-0082,0,0,0,0,1,access-requests,environment,2022-04-22T09:11:23,2024-01-17T10:58:21,2022,2024
22-0073,22-0073,0,0,0,0,1,access-requests,energy-mines-and-resources,2022-08-30T12:07:26,2024-01-17T10:57:07,2022,2024
22-0060,22-0060,0,1,0,0,1,access-requests,yukon-workers-compensation-health-and-safety-board,2022-07-25T11:11:34,2024-01-17T10:56:03,2022,2024
22-0051,22-0051,0,0,0,0,1,access-requests,health-and-social-services,2022-04-04T10:30:04,2024-01-17T10:55:26,2022,2024
22-0045,22-0045,0,0,0,0,1,access-requests,health-and-social-services,2022-03-17T12:49:17,2024-01-17T10:54:32,2022,2024
22-0005,22-0005,0,0,0,0,1,access-requests,energy-mines-and-resources,2022-08-30T10:40:47,2024-01-17T10:48:42,2022,2024
21-0506,21-0506,0,0,0,0,1,access-requests,health-and-social-services,2022-04-01T09:28:41,2024-01-17T10:48:05,2022,2024
21-0492,21-0492,0,0,0,0,1,access-requests,health-and-social-services,2022-02-23T16:36:04,2024-01-17T10:47:26,2022,2024
21-0490,21-0490,0,0,0,0,1,access-requests,health-and-social-services,2022-02-15T07:51:19,2024-01-17T10:47:07,2022,2024
21-0459,21-0459,0,0,0,0,1,access-requests,health-and-social-services,2022-02-02T12:04:19,2024-01-17T10:40:47,2022,2024
21-0450,21-0450,0,0,0,0,1,access-requests,health-and-social-services,2022-02-03T08:52:26,2024-01-17T10:39:29,2022,2024
21-0445,21-0445,0,0,0,0,1,access-requests,health-and-social-services,2022-02-01T07:15:14,2024-01-17T10:38:41,2022,2024
21-0444,21-0444,0,0,0,0,1,access-requests,health-and-social-services,2022-02-01T07:12:41,2024-01-17T10:38:04,2022,2024
21-0442,21-0442,0,0,0,0,1,access-requests,health-and-social-services,2022-02-15T07:47:35,2024-01-17T10:37:44,2022,2024
21-0431,21-0431,0,0,0,0,1,access-requests,health-and-social-services,2022-01-31T14:19:39,2024-01-17T10:37:24,2022,2024
21-0430,21-0430,0,0,0,0,1,access-requests,environment,2022-02-11T11:49:06,2024-01-17T10:37:01,2022,2024
21-0416,21-0416,0,0,0,0,1,access-requests,health-and-social-services,2022-02-23T16:27:33,2024-01-17T10:36:11,2022,2024
21-0414,21-0414,0,0,0,0,1,access-requests,health-and-social-services,2022-01-18T09:08:24,2024-01-17T10:35:12,2022,2024
21-0401,21-0401,0,0,0,0,1,access-requests,health-and-social-services,2022-02-23T16:05:02,2024-01-17T10:34:15,2022,2024
21-0371,21-0371,0,0,0,0,1,access-requests,environment,2021-12-24T09:27:07,2024-01-17T10:30:03,2021,2024
21-0367,21-0367,0,0,0,0,1,access-requests,health-and-social-services,2021-12-29T10:01:42,2024-01-17T10:29:45,2021,2024
21-0339,21-0339,0,0,0,0,1,access-requests,health-and-social-services,2022-02-23T15:54:03,2024-01-17T10:26:55,2022,2024
21-0337,21-0337,0,0,0,0,1,access-requests,health-and-social-services,2021-12-23T07:38:51,2024-01-17T10:26:38,2021,2024
21-0336,21-0336,0,0,0,0,1,access-requests,health-and-social-services,2021-12-23T07:35:44,2024-01-17T10:26:23,2021,2024
21-0317,21-0317,0,0,0,0,1,access-requests,health-and-social-services,2021-11-30T11:19:42,2024-01-17T10:19:23,2021,2024
21-0312,21-0312,0,0,0,0,1,access-requests,health-and-social-services,2021-11-29T07:54:07,2024-01-17T10:18:38,2021,2024
21-0303,21-0303,0,0,0,0,1,access-requests,health-and-social-services,2021-11-19T07:16:18,2024-01-17T10:16:52,2021,2024
21-0286,21-0286,0,0,0,0,1,access-requests,environment,2021-11-15T10:15:19,2024-01-17T10:15:33,2021,2024
21-0284,21-0284,0,0,0,0,1,access-requests,executive-council-office,2022-01-19T11:29:29,2024-01-17T10:15:11,2022,2024
21-0283,21-0283,0,0,0,0,1,access-requests,health-and-social-services,2021-11-02T12:24:19,2024-01-17T10:13:40,2021,2024
21-0282,21-0282,0,0,0,0,1,access-requests,environment,2021-11-01T09:28:09,2024-01-17T10:13:21,2021,2024
21-0262,21-0262,0,0,0,0,1,access-requests,environment,2021-10-14T16:40:23,2024-01-17T10:13:02,2021,2024
21-0258,21-0258,0,1,0,0,1,access-requests,health-and-social-services,2021-10-18T11:47:36,2024-01-17T10:12:35,2021,2024
21-0250,21-0250,0,0,0,0,1,access-requests,education,2021-10-25T14:02:29,2024-01-17T10:10:30,2021,2024
21-0243,21-0243,0,1,0,0,1,access-requests,yukon-workers-compensation-health-and-safety-board,2021-10-15T14:31:00,2024-01-17T10:09:24,2021,2024
21-0223,21-0223,0,0,0,0,1,access-requests,highways-and-public-works,2021-09-29T12:01:09,2024-01-17T09:09:00,2021,2024
yukon-mineral-deposits-summary-2023,Yukon Mineral Deposits Summary 2023,0,0,0,0,2,information,yukon-geological-survey,2024-01-17T01:01:39,2024-01-17T01:01:39,2024,2024
fish-and-wildlife-data-sharing-policy-and-procedures,Fish and Wildlife Data Sharing Policy and Procedures,0,0,0,0,0,pia-summaries,environment,2024-01-15T09:02:23,2024-01-15T09:06:04,2024,2024
small-business-flood-recovery-funding-program,Small Business Flood Recovery Funding Program,0,0,0,0,0,pia-summaries,economic-development-tourism-and-culture,2024-01-15T07:54:00,2024-01-15T07:54:00,2024,2024
22-0216,22-0216,0,0,0,0,1,access-requests,justice,2022-07-29T12:06:14,2024-01-11T16:23:12,2022,2024
22-0205,22-0205,0,0,0,0,1,access-requests,highways-and-public-works,2022-07-25T12:34:29,2024-01-11T16:21:28,2022,2024
22-0163,22-0163,0,0,0,0,1,access-requests,highways-and-public-works,2022-07-05T13:17:52,2024-01-11T16:17:05,2022,2024
22-0162,22-0162,0,0,0,0,1,access-requests,highways-and-public-works,2022-07-05T11:25:43,2024-01-11T16:13:28,2022,2024
22-0142,22-0142,0,0,0,0,1,access-requests,yukon-housing-corporation,2022-07-05T10:49:15,2024-01-11T16:12:16,2022,2024
22-0125,22-0125,0,0,0,0,1,access-requests,highways-and-public-works,2022-05-18T08:38:45,2024-01-11T16:10:45,2022,2024
22-0090,22-0090,0,0,0,0,1,access-requests,executive-council-office,2022-04-20T14:00:56,2024-01-11T16:09:18,2022,2024
22-0085,22-0085,0,0,0,0,1,access-requests,justice,2022-06-06T09:41:10,2024-01-11T16:08:33,2022,2024
22-0081,22-0081,0,0,0,0,1,access-requests,executive-council-office,2022-04-20T10:30:57,2024-01-11T16:07:41,2022,2024
22-0075,22-0075,0,0,0,0,0,access-requests,highways-and-public-works,2022-05-12T13:22:18,2024-01-11T16:07:03,2022,2024
22-0039,22-0039,0,0,0,0,1,access-requests,public-service-commission,2022-04-20T14:04:49,2024-01-11T16:04:13,2022,2024
22-0030,22-0030,0,0,0,0,1,access-requests,highways-and-public-works,2022-03-16T09:26:54,2024-01-11T16:03:14,2022,2024
22-0013,22-0013,0,0,0,0,1,access-requests,public-service-commission,2022-03-09T12:07:46,2024-01-11T16:01:33,2022,2024
22-0011,22-0011,0,0,0,0,1,access-requests,executive-council-office,2022-03-09T12:22:18,2024-01-11T16:00:56,2022,2024
22-0008,22-0008,0,0,0,0,1,access-requests,highways-and-public-works,2022-03-09T12:19:24,2024-01-11T16:00:14,2022,2024
21-0466,21-0466,0,0,0,0,1,access-requests,justice,2022-02-01T15:52:55,2024-01-11T15:53:57,2022,2024
21-0462,21-0462,0,0,0,0,1,access-requests,justice,2022-02-01T15:44:41,2024-01-11T15:53:21,2022,2024
21-0428,21-0428,0,0,0,0,1,access-requests,executive-council-office,2022-04-29T11:23:25,2024-01-11T15:48:44,2022,2024
21-0402,21-0402,0,0,0,0,1,access-requests,public-service-commission,2022-01-13T14:35:18,2024-01-11T15:46:49,2022,2024
21-0349,21-0349,0,0,0,0,1,access-requests,justice,2021-12-20T11:34:45,2024-01-11T15:38:53,2021,2024
21-0334,21-0334,0,0,0,0,1,access-requests,executive-council-office,2021-12-08T11:35:12,2024-01-11T15:36:30,2021,2024
21-0323,21-0323,0,0,0,0,1,access-requests,highways-and-public-works,2021-11-30T09:15:36,2024-01-11T15:35:16,2021,2024
21-0310,21-0310,0,0,0,0,1,access-requests,highways-and-public-works,2021-12-20T11:31:51,2024-01-11T15:33:14,2021,2024
21-0292,21-0292,0,0,0,0,1,access-requests,yukon-police-council,2021-11-08T09:51:31,2024-01-11T15:31:30,2021,2024
21-0219,21-0219,0,0,0,0,1,access-requests,executive-council-office,2021-10-08T10:51:45,2024-01-11T15:09:07,2021,2024
23-0306,23-0306,0,0,0,0,1,access-requests,energy-mines-and-resources,2023-12-01T11:40:57,2024-01-10T10:46:07,2023,2024
23-0305,23-0305,0,0,0,0,1,access-requests,highways-and-public-works,2023-12-08T09:35:16,2024-01-10T10:45:27,2023,2024
23-0401,23-0401,0,0,0,0,1,access-requests,health-and-social-services,2024-01-09T14:37:52,2024-01-09T14:37:52,2024,2024
23-0399,23-0399,0,0,0,0,2,access-requests,public-service-commission,2024-01-09T14:35:34,2024-01-09T14:35:34,2024,2024
23-0367,23-0367,0,0,0,0,1,access-requests,health-and-social-services,2024-01-09T14:32:16,2024-01-09T14:32:16,2024,2024
23-0397,23-0397,0,0,0,0,2,access-requests,health-and-social-services,2024-01-05T13:52:51,2024-01-05T13:52:51,2024,2024
23-0409,23-0409,0,0,0,0,1,access-requests,health-and-social-services,2024-01-05T13:50:11,2024-01-05T13:50:11,2024,2024
23-0446,23-0446,0,1,0,0,2,access-requests,education,2024-01-05T13:48:25,2024-01-05T13:48:25,2024,2024
23-0392,23-0392,0,0,0,0,2,access-requests,education,2024-01-03T14:50:27,2024-01-03T14:50:27,2024,2024
23-0398,23-0398,0,0,0,0,2,access-requests,justice,2023-12-29T10:36:45,2023-12-29T10:36:45,2023,2023
23-0363,23-0363,0,0,0,0,2,access-requests,health-and-social-services,2023-12-29T10:22:05,2023-12-29T10:22:05,2023,2023
23-0396,23-0396,0,0,0,0,2,access-requests,justice,2023-12-28T10:50:36,2023-12-28T10:50:36,2023,2023
23-0359,23-0359,0,0,0,0,1,access-requests,energy-mines-and-resources,2023-12-28T10:48:53,2023-12-28T10:48:53,2023,2023
23-0358,23-0358,0,0,0,0,1,access-requests,health-and-social-services,2023-12-28T10:47:21,2023-12-28T10:47:21,2023,2023
23-0331,23-0331,0,1,0,0,1,access-requests,energy-mines-and-resources,2023-12-20T11:40:20,2023-12-20T11:40:20,2023,2023
23-0404,23-0404,0,0,0,0,1,access-requests,executive-council-office,2023-12-19T10:54:09,2023-12-19T10:54:09,2023,2023
23-0400,23-0400,0,0,0,0,1,access-requests,education,2023-12-19T10:52:14,2023-12-19T10:52:14,2023,2023
23-0349,23-0349,0,0,0,0,5,access-requests,highways-and-public-works,2023-12-19T10:50:12,2023-12-19T10:50:12,2023,2023
23-0391,23-0391,0,0,0,0,1,access-requests,yukon-housing-corporation,2023-12-18T09:27:33,2023-12-18T09:27:33,2023,2023
23-0330,23-0330,0,0,0,0,1,access-requests,energy-mines-and-resources,2023-12-18T09:25:21,2023-12-18T09:25:21,2023,2023
23-0344,23-0344,0,0,0,0,2,access-requests,highways-and-public-works,2023-12-15T14:04:04,2023-12-15T14:04:04,2023,2023
23-0320,23-0320,0,0,0,0,1,access-requests,health-and-social-services,2023-12-15T14:02:20,2023-12-15T14:02:20,2023,2023
23-0388,23-0388,0,0,0,0,2,access-requests,yukon-energy-corporation,2023-12-13T14:10:25,2023-12-13T14:10:25,2023,2023
yg-online-marketplace-vroozi-update,YG Online Marketplace - Vroozi Update,0,0,0,0,0,pia-summaries,highways-and-public-works,2023-08-09T10:53:18,2023-12-12T11:40:05,2023,2023
yukon-critical-minerals-inventory-2021,Yukon critical minerals inventory 2021,0,0,0,0,2,information,yukon-geological-survey,2021-11-18T11:11:08,2023-12-12T10:12:05,2021,2023
23-0297,23-0297,0,0,0,0,2,access-requests,education,2023-12-11T14:51:05,2023-12-11T14:51:05,2023,2023
shiftboard-scheduling-system,Shiftboard Scheduling System,0,0,0,0,0,pia-summaries,health-and-social-services,2023-12-05T14:55:15,2023-12-05T14:58:28,2023,2023
2005-06-public-accounts,2005–06 Public Accounts,0,0,0,0,25,information,finance,2020-03-30T21:30:50,2023-12-01T12:11:12,2020,2023
23-0368,23-0368,0,0,0,0,1,access-requests,yukon-housing-corporation,2023-12-01T11:32:14,2023-12-01T11:32:14,2023,2023
23-0381,23-0381,0,2,0,0,1,access-requests,education,2023-12-01T11:30:19,2023-12-01T11:30:19,2023,2023
2010-11-capital-main-estimates,2010–11 Capital main estimates,0,0,0,0,24,information,finance,2020-03-30T21:42:06,2023-11-29T16:10:04,2020,2023
2020-yukon-non-profit-organization-covid-19-impact-survey-report,2020 Yukon non-profit organization COVID-19 impact survey report,0,0,0,0,1,information,health-and-social-services,2023-11-29T11:52:36,2023-11-29T11:54:01,2023,2023
flood-relief-program,Flood Relief Program,0,0,0,0,0,pia-summaries,yukon-housing-corporation,2023-11-22T10:52:00,2023-11-22T10:52:00,2023,2023
23-0334,23-0334,0,0,0,0,2,access-requests,environment,2023-11-21T11:29:07,2023-11-21T11:29:07,2023,2023
23-0202,23-0202,0,0,0,0,0,access-requests,highways-and-public-works,2023-11-17T15:52:55,2023-11-17T15:52:55,2023,2023
23-0356,23-0356,0,0,0,0,1,access-requests,environment,2023-11-17T11:09:41,2023-11-17T11:09:41,2023,2023
23-0342,23-0342,0,0,0,0,2,access-requests,environment,2023-11-17T11:07:21,2023-11-17T11:07:21,2023,2023
23-0338,23-0338,0,0,0,0,2,access-requests,environment,2023-11-17T11:03:08,2023-11-17T11:03:08,2023,2023
23-0333,23-0333,0,0,0,0,1,access-requests,environment,2023-11-17T11:00:18,2023-11-17T11:00:18,2023,2023
23-0332,23-0332,0,0,0,0,2,access-requests,environment,2023-11-17T10:58:01,2023-11-17T10:58:01,2023,2023
23-0287,23-0287,0,0,0,0,1,access-requests,economic-development-tourism-and-culture,2023-11-17T10:55:34,2023-11-17T10:55:34,2023,2023
wetlands-broad-scale-project-extents,Wetlands - Broad Scale - Project Extents,0,0,0,0,3,data,geomatics-yukon,2023-02-03T20:34:31,2023-11-16T21:52:11,2023,2023
wetlands-broad-scale,Wetlands - Broad Scale,0,0,0,0,3,data,geomatics-yukon,2023-02-03T19:58:32,2023-11-16T21:51:08,2023,2023
23-0294,23-0294,0,0,0,0,2,access-requests,education,2023-11-09T16:03:53,2023-11-09T16:03:53,2023,2023
midwifery-program-addendum,Midwifery Program Addendum,0,0,0,0,0,pia-summaries,health-and-social-services,2023-11-09T10:16:33,2023-11-09T10:16:33,2023,2023
yukon-midwifery-program,Yukon Midwifery Program,0,0,0,0,0,pia-summaries,health-and-social-services,2023-11-09T10:05:45,2023-11-09T10:05:45,2023,2023
23-0296,23-0296,0,0,0,0,1,access-requests,economic-development-tourism-and-culture,2023-11-07T16:00:43,2023-11-07T16:00:43,2023,2023
23-0242,23-0242,0,0,0,0,1,access-requests,education,2023-11-07T15:53:36,2023-11-07T15:53:36,2023,2023
23-0201,23-0201,0,0,0,0,2,access-requests,highways-and-public-works,2023-11-07T15:49:56,2023-11-07T15:49:56,2023,2023
23-0298,23-0298,0,0,0,0,1,access-requests,education,2023-11-03T13:33:48,2023-11-03T13:33:48,2023,2023
23-0277,23-0277,0,0,0,0,2,access-requests,executive-council-office,2023-11-03T13:31:29,2023-11-03T13:31:29,2023,2023
23-0169,23-0169,0,0,0,0,2,access-requests,economic-development-tourism-and-culture,2023-11-02T13:37:13,2023-11-02T13:37:13,2023,2023
23-0244,23-0244,0,0,0,0,2,access-requests,yukon-hospital-corporation,2023-10-31T12:00:28,2023-10-31T12:00:28,2023,2023
23-0106,23-0106,0,0,0,0,2,access-requests,highways-and-public-works,2023-08-10T13:34:13,2023-10-30T14:10:31,2023,2023
23-0268,23-0268,0,0,0,0,1,access-requests,energy-mines-and-resources,2023-10-27T11:27:34,2023-10-27T11:27:34,2023,2023
languageline-interpreting-services,LanguageLine Interpreting Services,0,0,0,0,0,pia-summaries,health-and-social-services,2023-10-12T15:44:26,2023-10-12T15:45:29,2023,2023
23-0255,23-0255,0,0,0,0,2,access-requests,education,2023-10-11T13:27:26,2023-10-11T13:27:26,2023,2023
23-0238,23-0238,0,0,0,0,1,access-requests,public-service-commission,2023-10-11T13:25:24,2023-10-11T13:25:24,2023,2023
contacts,Contacts,0,0,0,0,3,data,geomatics-yukon,2016-06-09T21:14:49,2023-10-10T17:37:02,2016,2023
2022-23-supplementary-estimates-no-3,2022–23 Supplementary estimates no. 3,0,0,0,0,15,information,finance,2023-10-04T15:04:04,2023-10-04T15:25:20,2023,2023
industry-conference-registration,Industry Conference Registration,0,0,0,0,0,pia-summaries,highways-and-public-works,2023-10-04T15:21:39,2023-10-04T15:21:39,2023,2023
placespeak,PlaceSpeak,0,0,0,0,0,pia-summaries,highways-and-public-works,2023-10-04T14:18:26,2023-10-04T14:18:26,2023,2023
vital-statistics-regulations,Vital Statistics Regulations,0,0,0,0,0,pia-summaries,health-and-social-services,2023-10-04T14:05:22,2023-10-04T14:05:22,2023,2023
vitalware-system,Vitalware System,0,0,0,0,0,pia-summaries,health-and-social-services,2023-10-04T13:56:32,2023-10-04T13:56:32,2023,2023
rural-end-of-life-funding,Rural End-of-Life Funding,0,0,0,0,0,pia-summaries,health-and-social-services,2023-10-04T13:49:44,2023-10-04T13:49:44,2023,2023
imazing,iMazing,0,0,0,0,0,pia-summaries,health-and-social-services,2023-10-04T13:24:47,2023-10-04T13:24:47,2023,2023
customized-backend-system,Customized Backend System,0,0,0,0,0,pia-summaries,health-and-social-services,2023-10-04T13:14:50,2023-10-04T13:14:50,2023,2023
canimmunize-2-0,CANImmunize 2.0,0,0,0,0,0,pia-summaries,health-and-social-services,2023-10-04T13:01:48,2023-10-04T13:01:48,2023,2023
angler-fishing-survey-using-trail-cameras,Angler Fishing Survey Using Trail Cameras,0,0,0,0,0,pia-summaries,environment,2023-09-28T16:25:58,2023-09-28T16:25:58,2023,2023
23-0186,23-0186,0,0,0,0,2,access-requests,health-and-social-services,2023-09-28T15:01:35,2023-09-28T15:01:35,2023,2023
park-and-protected-areas-1m,Park and Protected Areas - 1M,0,0,0,0,3,data,geomatics-yukon,2016-06-10T21:44:43,2023-09-27T23:08:44,2016,2023
park-and-protected-areas-250k,Park and Protected Areas - 250k,0,4,0,0,3,data,geomatics-yukon,2016-06-10T21:41:40,2023-09-27T23:08:01,2016,2023
parks-and-campgrounds-surveyed,Parks and Campgrounds - Surveyed,0,0,0,1,3,data,geomatics-yukon,2016-06-10T21:33:14,2023-09-27T22:08:31,2016,2023
parks-and-protected-areas-polygon-surveyed,Parks and Protected Areas Polygon - Surveyed,0,0,0,0,3,data,geomatics-yukon,2016-06-10T21:36:06,2023-09-27T22:07:57,2016,2023
bridges-25k,Bridges - 25k,0,0,0,0,3,data,geomatics-yukon,2023-04-21T02:38:25,2023-09-26T23:48:58,2023,2023
surficial-geology-line-age-50k,Surficial Geology Line Age 50k,0,0,0,0,3,data,geomatics-yukon,2023-06-28T22:20:18,2023-09-26T23:42:07,2023,2023
surficial-geology-point-50k,Surficial Geology Point 50k,0,0,0,0,3,data,geomatics-yukon,2023-06-28T22:10:54,2023-09-26T23:39:46,2023,2023
surficial-geology-point-100k,Surficial Geology Point 100k,0,0,0,0,3,data,geomatics-yukon,2023-06-28T22:25:09,2023-09-26T23:38:54,2023,2023
surficial-geology-line-age-100k,Surficial Geology Line Age 100k,0,0,0,0,3,data,geomatics-yukon,2023-06-28T22:30:08,2023-09-26T23:38:06,2023,2023
surficial-geology-line-type-100k,Surficial Geology Line Type 100k,0,0,0,0,3,data,geomatics-yukon,2023-06-28T22:27:27,2023-09-26T23:37:21,2023,2023
surficial-geology-line-type-25k,Surficial Geology Line Type 25k,0,0,0,0,3,data,geomatics-yukon,2023-06-28T22:05:00,2023-09-26T23:36:31,2023,2023
surficial-geology-line-type-250k,Surficial Geology Line Type 250k,0,0,0,0,3,data,geomatics-yukon,2023-06-28T22:37:46,2023-09-26T23:35:31,2023,2023
surficial-geology-polygon-50k,Surficial Geology Polygon 50k,0,0,0,0,3,data,geomatics-yukon,2023-06-28T22:22:57,2023-09-26T23:33:51,2023,2023
surficial-geology-point-250k,Surficial Geology Point 250k,0,0,0,0,3,data,geomatics-yukon,2023-06-28T22:34:46,2023-09-26T23:32:16,2023,2023
surficial-geology-line-type-50k,Surficial Geology Line Type 50k,0,0,0,0,3,data,geomatics-yukon,2023-06-28T22:13:55,2023-09-26T23:31:25,2023,2023
surficial-geology-point-25k,Surficial Geology Point 25k,0,0,0,0,3,data,geomatics-yukon,2023-06-28T16:04:38,2023-09-26T23:30:23,2023,2023
surficial-geology-polygon-100k,Surficial Geology Polygon 100k,0,0,0,0,3,data,geomatics-yukon,2023-06-28T22:32:46,2023-09-26T23:29:25,2023,2023
surficial-geology-polygon-250k,Surficial Geology Polygon 250k,0,0,0,0,3,data,geomatics-yukon,2023-05-29T22:40:08,2023-09-26T23:27:44,2023,2023
surficial-geology-line-age-250k,Surficial Geology Line Age 250k,0,0,0,0,3,data,geomatics-yukon,2023-05-29T22:30:28,2023-09-26T23:26:14,2023,2023
surficial-geology-polygon-25k,Surficial Geology Polygon - 25k,0,0,0,0,3,data,geomatics-yukon,2023-06-28T22:07:52,2023-09-26T23:24:21,2023,2023
23-0189,23-0189,0,0,0,0,1,access-requests,public-service-commission,2023-09-25T16:07:44,2023-09-25T16:07:44,2023,2023
health-care-facilities-50k,Health care facilities - 50k,0,0,0,0,3,data,geomatics-yukon,2021-04-30T21:41:27,2023-09-21T22:52:04,2021,2023
23-0192,23-0192,0,0,0,0,1,access-requests,executive-council-office,2023-09-15T14:59:00,2023-09-15T14:59:00,2023,2023
23-0115,23-0115,0,0,0,0,0,access-requests,energy-mines-and-resources,2023-09-12T15:52:04,2023-09-12T15:52:04,2023,2023
signing-authority-app-saa,Signing Authority App (SAA),0,0,0,0,0,pia-summaries,finance,2023-09-12T10:59:04,2023-09-12T10:59:04,2023,2023
23-0114,23-0114,0,0,0,0,2,access-requests,executive-council-office,2023-09-11T16:10:26,2023-09-11T16:10:26,2023,2023
aviation-public-website,Aviation Public Website,0,0,0,0,0,pia-summaries,highways-and-public-works,2023-09-11T15:17:42,2023-09-11T15:17:42,2023,2023
our-clean-future-website,Our Clean Future Website,0,0,0,0,0,pia-summaries,environment,2023-09-11T14:40:50,2023-09-11T14:40:50,2023,2023
drones-permitting-application,Drones Permitting Application,0,0,0,0,0,pia-summaries,environment,2023-09-11T14:32:33,2023-09-11T14:32:33,2023,2023
23-0216,23-0216,0,0,0,0,1,access-requests,highways-and-public-works,2023-09-11T11:42:01,2023-09-11T11:42:01,2023,2023
education-facilities-50k,Education facilities - 50k,0,0,0,0,3,data,geomatics-yukon,2021-04-30T21:36:55,2023-09-07T23:31:57,2021,2023
ng911-psap-boundary-whitehorse,NG911 PSAP Boundary - Whitehorse,0,0,0,0,3,data,geomatics-yukon,2022-10-13T18:37:47,2023-09-07T22:59:03,2022,2023
ng911-provisioning-boundary-whitehorse,NG911 Provisioning Boundary - Whitehorse,0,0,0,0,3,data,geomatics-yukon,2022-10-13T18:36:10,2023-09-07T22:58:16,2022,2023
ng911-railroads-whitehorse,NG911 Railroads - Whitehorse,0,0,0,0,3,data,geomatics-yukon,2022-10-13T18:39:32,2023-09-07T22:57:32,2022,2023
ng911-location-markers-whitehorse,NG911 Location Markers - Whitehorse,0,2,0,0,3,data,geomatics-yukon,2022-10-13T18:32:15,2023-09-07T22:46:05,2022,2023
ng911-hydrology-polygon-whitehorse,NG911 Hydrology - Polygon - Whitehorse,0,0,0,0,3,data,geomatics-yukon,2022-10-13T18:29:31,2023-09-07T22:44:12,2022,2023
ng911-hydrology-line-whitehorse,NG911 Hydrology - Line - Whitehorse,0,0,0,0,3,data,geomatics-yukon,2022-10-13T18:27:13,2023-09-07T21:48:42,2022,2023
ng911-fire-response-boundary-whitehorse,NG911 Fire Response Boundary - Whitehorse,0,0,0,0,3,data,geomatics-yukon,2022-10-13T18:24:01,2023-09-07T21:48:13,2022,2023
covid-19-stimulus-programs,COVID-19- Stimulus Programs,0,0,0,0,0,pia-summaries,economic-development-tourism-and-culture,2023-09-07T14:40:09,2023-09-07T14:40:09,2023,2023
analysis-of-geoscience-data-for-geothermal-exploration-along-the-teslin-fault-near-teslin-yukon,"Analysis of geoscience data for geothermal exploration along the Teslin fault near Teslin, Yukon",0,0,0,0,4,information,yukon-geological-survey,2023-09-07T08:09:42,2023-09-07T08:09:42,2023,2023
yukon-aerial-photographs-locator,Yukon aerial photographs locator,0,0,0,0,2,data,energy-mines-and-resources,2017-09-20T12:32:48,2023-08-24T09:42:47,2017,2023
23-0177,23-0177,0,0,0,0,1,access-requests,justice,2023-08-16T11:24:04,2023-08-16T11:24:04,2023,2023
23-0176,23-0176,0,0,0,0,1,access-requests,justice,2023-08-16T11:16:31,2023-08-16T11:16:31,2023,2023
23-0174,23-0174,0,0,0,0,1,access-requests,environment,2023-08-16T10:16:01,2023-08-16T10:16:01,2023,2023
23-0107,23-0107,0,0,0,0,2,access-requests,highways-and-public-works,2023-08-10T13:32:51,2023-08-10T13:32:51,2023,2023
23-0136,23-0136,0,0,0,0,2,access-requests,community-services,2023-08-10T13:30:13,2023-08-10T13:30:13,2023,2023
23-0085,23-0085,0,0,0,0,2,access-requests,education,2023-07-28T16:06:29,2023-07-28T16:06:29,2023,2023
23-0077,23-0077,0,0,0,0,1,access-requests,health-and-social-services,2023-07-18T13:20:59,2023-07-18T13:20:59,2023,2023
23-0092,23-0092,0,1,0,0,1,access-requests,education,2023-07-11T16:08:11,2023-07-11T16:08:11,2023,2023
class-1-placer-land-use-operations,Class 1 placer land use operations,0,3,0,0,3,data,geomatics-yukon,2020-01-17T18:48:28,2023-07-09T00:21:26,2020,2023
class-1-quartz-land-use-operations,Class 1 quartz land use operations,0,0,0,0,3,data,geomatics-yukon,2020-01-17T18:58:55,2023-07-09T00:18:52,2020,2023
23-0057,23-0057,0,0,0,0,2,access-requests,education,2023-07-07T09:27:45,2023-07-07T09:27:45,2023,2023
23-0047,23-0047,0,0,0,0,1,access-requests,health-and-social-services,2023-06-15T14:20:52,2023-06-15T14:20:52,2023,2023
23-0046,23-0046,0,0,0,0,1,access-requests,health-and-social-services,2023-06-15T14:18:21,2023-06-15T14:18:21,2023,2023
23-0008,23-0008,0,0,0,0,1,access-requests,community-services,2023-05-31T15:07:30,2023-05-31T15:07:30,2023,2023
23-0039,23-0039,0,0,0,0,1,access-requests,education,2023-05-26T09:46:43,2023-05-26T09:46:43,2023,2023
23-0009,23-0009,0,0,0,0,1,access-requests,highways-and-public-works,2023-05-23T14:37:57,2023-05-23T14:37:57,2023,2023
23-0028,23-0028,0,0,0,0,2,access-requests,highways-and-public-works,2023-05-23T14:36:20,2023-05-23T14:36:20,2023,2023
23-0045,23-0045,0,0,0,0,1,access-requests,economic-development-tourism-and-culture,2023-05-18T15:09:36,2023-05-18T15:09:36,2023,2023
23-0001,23-0001,0,0,0,0,3,access-requests,highways-and-public-works,2023-05-15T14:53:29,2023-05-15T14:53:29,2023,2023
23-0005,23-0005,0,0,0,0,1,access-requests,justice,2023-05-12T16:15:13,2023-05-12T16:15:13,2023,2023
23-0004,23-0004,0,0,0,0,1,access-requests,health-and-social-services,2023-05-12T16:13:23,2023-05-12T16:13:23,2023,2023
22-0739,22-0739,0,0,0,0,1,access-requests,energy-mines-and-resources,2023-05-11T11:20:22,2023-05-11T11:20:22,2023,2023
22-0719,22-0719,0,0,0,0,2,access-requests,health-and-social-services,2023-05-09T10:03:34,2023-05-09T10:03:34,2023,2023
23-0016,23-0016,0,0,0,0,1,access-requests,justice,2023-05-08T11:38:33,2023-05-08T11:38:33,2023,2023
22-0758,22-0758,0,0,0,0,1,access-requests,education,2023-05-08T11:36:47,2023-05-08T11:36:47,2023,2023
22-0718,22-0718,0,0,0,0,1,access-requests,health-and-social-services,2023-05-08T11:35:01,2023-05-08T11:35:01,2023,2023
22-0760,22-0760,0,0,0,0,1,access-requests,justice,2023-05-02T10:10:45,2023-05-02T10:10:45,2023,2023
22-0738,22-0738,0,0,0,0,1,access-requests,health-and-social-services,2023-04-27T14:11:25,2023-04-27T14:11:25,2023,2023
22-0737,22-0737,0,0,0,0,1,access-requests,health-and-social-services,2023-04-27T14:07:43,2023-04-27T14:07:43,2023,2023
22-0698,22-0698,0,0,0,0,2,access-requests,justice,2023-04-24T15:14:17,2023-04-24T15:14:17,2023,2023
22-0713,22-0713,0,0,0,0,1,access-requests,environment,2023-04-21T14:07:05,2023-04-21T14:07:05,2023,2023
cannabis-wholesale-price-list,Cannabis Wholesale Price List,0,0,0,0,20,information,yukon-liquor-corporation,2023-04-12T11:46:15,2023-04-13T12:11:33,2023,2023
civic-address-point,Civic Address Point,0,0,0,0,3,data,geomatics-yukon,2023-04-06T21:45:20,2023-04-11T16:15:20,2023,2023
22-0549,22-0549,0,0,0,0,2,access-requests,economic-development-tourism-and-culture,2023-04-11T14:12:59,2023-04-11T14:12:59,2023,2023
22-0193-1,22-0193,0,0,0,0,1,access-requests,economic-development-tourism-and-culture,2023-04-11T13:53:21,2023-04-11T13:53:21,2023,2023
22-0209,22-0209,0,0,0,0,2,access-requests,economic-development-tourism-and-culture,2023-04-11T11:46:32,2023-04-11T11:46:32,2023,2023
22-0253,22-0253,0,0,0,0,2,access-requests,economic-development-tourism-and-culture,2023-04-11T11:39:31,2023-04-11T11:39:31,2023,2023
22-0324,22-0324,0,0,0,0,2,access-requests,economic-development-tourism-and-culture,2023-04-11T11:29:46,2023-04-11T11:29:46,2023,2023
22-0543,22-0543,0,0,0,0,1,access-requests,economic-development-tourism-and-culture,2023-04-11T11:16:03,2023-04-11T11:16:03,2023,2023
22-0537,22-0537,0,0,0,0,3,access-requests,economic-development-tourism-and-culture,2023-04-11T11:09:37,2023-04-11T11:09:37,2023,2023
22-0694,22-0694,0,0,0,0,2,access-requests,highways-and-public-works,2023-04-06T11:36:08,2023-04-06T11:36:08,2023,2023
22-0588,22-0588,0,0,0,0,3,access-requests,economic-development-tourism-and-culture,2023-04-05T16:06:53,2023-04-05T16:06:53,2023,2023
22-0660,22-0660,0,0,0,0,2,access-requests,economic-development-tourism-and-culture,2023-04-05T15:45:58,2023-04-05T15:45:58,2023,2023
22-0674,22-0674,0,0,0,0,2,access-requests,highways-and-public-works,2023-04-04T16:02:23,2023-04-04T16:02:23,2023,2023
22-0679,22-0679,0,1,0,0,2,access-requests,yukon-development-corporation,2023-04-04T10:33:38,2023-04-04T10:33:38,2023,2023
22-0653,22-0653,0,0,0,0,3,access-requests,highways-and-public-works,2023-03-29T12:59:16,2023-03-29T12:59:16,2023,2023
surficial-geology-and-geohazards-of-the-greater-whitehorse-area,Surficial geology and geohazards of the greater Whitehorse area.,0,0,0,0,5,information,yukon-geological-survey,2023-03-21T09:03:32,2023-03-21T09:03:32,2023,2023
22-0560-1,22-0560,0,0,0,0,2,access-requests,public-service-commission,2023-03-15T16:11:06,2023-03-15T16:11:06,2023,2023
water-licence-applications,Water licence applications,0,5,0,0,3,data,geomatics-yukon,2020-08-05T13:45:13,2023-03-13T23:15:01,2020,2023
22-0620,22-0620,0,0,0,0,2,access-requests,yukon-housing-corporation,2023-03-06T14:57:50,2023-03-06T14:57:50,2023,2023
2022-23-supplementary-estimates-no-2,2022–23 Supplementary estimates no. 2,0,0,0,0,23,information,finance,2023-03-03T11:03:56,2023-03-03T11:19:48,2023,2023
2022-23-operation-and-maintenance-and-capital-estimates,2022–23 Operation and maintenance and capital estimates,0,0,0,0,35,information,finance,2023-03-03T09:14:36,2023-03-03T11:00:28,2023,2023
2022-23-supplementary-estimates-no-1,2022–23 Supplementary estimates no. 1,0,0,0,0,13,information,finance,2023-03-03T10:44:00,2023-03-03T10:55:33,2023,2023
workers-safety-and-compensation-board-yukon-wscb-data-in-people-metrics-analytics-and-projects-,"Worker's Safety and Compensation Board Yukon (WSCB) data in People, Metrics, Analytics and Projects (PMAP)",0,0,0,0,0,pia-summaries,public-service-commission,2023-03-03T10:33:10,2023-03-03T10:33:10,2023,2023
2022-23-additional-information-and-statistics,2022–23 Additional information and statistics,0,0,0,0,8,information,finance,2023-03-03T09:57:24,2023-03-03T10:07:42,2023,2023
22-0661,22-0661,0,0,0,0,2,access-requests,environment,2023-03-01T09:43:51,2023-03-01T09:43:51,2023,2023
22-0459,22-0459,0,0,0,0,1,access-requests,environment,2022-11-01T11:03:02,2023-02-22T14:12:07,2022,2023
22-0377,22-0377,0,0,0,0,2,access-requests,environment,2022-09-12T14:01:51,2023-02-22T14:11:54,2022,2023
22-0597,22-0597,0,0,0,0,2,access-requests,public-service-commission,2023-02-10T13:16:58,2023-02-10T13:16:58,2023,2023
driving-the-firebelt-audio-tour-app,Driving the Firebelt (Audio Tour App),0,0,0,0,0,pia-summaries,environment,2023-02-08T10:33:37,2023-02-08T10:33:37,2023,2023
22-0598,22-0598,0,0,0,0,2,access-requests,executive-council-office,2023-02-07T14:23:54,2023-02-07T14:23:54,2023,2023
22-0560,22-0560,0,0,0,0,2,access-requests,public-service-commission,2023-02-01T10:34:31,2023-02-01T10:34:31,2023,2023
22-0525,22-0525,0,0,0,0,1,access-requests,highways-and-public-works,2023-02-01T10:32:00,2023-02-01T10:32:00,2023,2023
22-0558,22-0558,0,0,0,0,2,access-requests,executive-council-office,2023-01-31T14:13:04,2023-01-31T14:13:04,2023,2023
magmatic-hydrothermal-deposits-in-central-yukon-variations-on-a-theme,Magmatic-hydrothermal deposits in central Yukon: Variations on a theme,0,0,0,0,2,information,yukon-geological-survey,2023-01-31T01:01:53,2023-01-31T01:01:53,2023,2023
22-0561,22-0561,0,0,0,0,2,access-requests,women-and-gender-equity-directorate,2023-01-25T10:55:29,2023-01-25T10:55:29,2023,2023
22-0556,22-0556,0,0,0,0,2,access-requests,justice,2023-01-25T10:30:23,2023-01-25T10:30:23,2023,2023
22-0552,22-0552,0,0,0,0,2,access-requests,environment,2023-01-20T09:11:45,2023-01-20T09:11:45,2023,2023
yukon-hard-rock-mining-development-and-exploration-overview-2022,"Yukon hard rock mining, development and exploration overview 2022",0,0,0,0,2,information,yukon-geological-survey,2023-01-20T09:01:19,2023-01-20T09:01:19,2023,2023
yukon-mineral-exploration-program-2022-update,Yukon Mineral Exploration Program 2022 update,0,0,0,0,2,information,yukon-geological-survey,2023-01-20T09:01:10,2023-01-20T09:01:10,2023,2023
yukon-geological-survey-2022-overview,Yukon Geological Survey 2022 overview,0,0,0,0,2,information,yukon-geological-survey,2023-01-20T08:01:46,2023-01-20T08:01:46,2023,2023
yukon-exploration-and-geology-overview-2022,Yukon Exploration and Geology Overview 2022,0,0,0,0,2,information,yukon-geological-survey,2023-01-20T08:01:44,2023-01-20T08:01:44,2023,2023
yukon-placer-mining-2022-development-and-exploration-overview,Yukon placer mining 2022 development and exploration overview,0,0,0,0,2,information,yukon-geological-survey,2023-01-20T08:01:35,2023-01-20T08:01:35,2023,2023
yukon-sulphide-pb-and-s-isotope-compilation,Yukon Sulphide Pb and S Isotope Compilation,0,0,0,0,3,data,geomatics-yukon,2022-11-12T17:55:43,2023-01-19T20:39:45,2022,2023
22-0541,22-0541,0,0,0,0,1,access-requests,executive-council-office,2023-01-18T15:09:55,2023-01-19T11:54:30,2023,2023
22-0538,22-0538,0,0,0,0,1,access-requests,public-service-commission,2023-01-18T15:07:02,2023-01-19T11:54:22,2023,2023
22-0522,22-0522,0,0,0,0,1,access-requests,yukon-liquor-corporation,2023-01-12T15:45:39,2023-01-19T11:54:07,2023,2023
22-0566,22-0566,0,0,0,0,2,access-requests,yukon-liquor-corporation,2023-01-05T14:31:37,2023-01-19T11:53:53,2023,2023
22-0569,22-0569,0,0,0,0,1,access-requests,environment,2022-12-30T09:55:19,2023-01-19T11:53:45,2022,2023
22-0524,22-0524,0,0,0,0,1,access-requests,yukon-liquor-corporation,2022-12-28T11:15:36,2023-01-19T11:53:38,2022,2023
22-0488,22-0488,0,0,0,0,1,access-requests,women-and-gender-equity-directorate,2022-12-19T15:07:17,2023-01-19T11:52:52,2022,2023
22-0484,22-0484,0,0,0,0,0,access-requests,highways-and-public-works,2022-12-08T10:48:08,2023-01-19T11:52:36,2022,2023
22-0428,22-0428,0,0,0,0,2,access-requests,highways-and-public-works,2022-12-08T10:41:41,2023-01-19T11:52:31,2022,2023
22-0491,22-0491,0,0,0,0,1,access-requests,yukon-housing-corporation,2022-12-07T16:16:27,2023-01-19T11:50:39,2022,2023
22-0441-1,22-0441,0,0,0,0,2,access-requests,highways-and-public-works,2022-12-07T16:02:01,2023-01-19T11:50:02,2022,2023
22-0443,22-0443,0,0,0,0,2,access-requests,public-service-commission,2022-12-05T10:03:53,2023-01-19T11:49:41,2022,2023
22-0439,22-0439,0,0,0,0,2,access-requests,highways-and-public-works,2022-11-30T13:21:02,2023-01-19T11:49:04,2022,2023
22-0480,22-0480,0,0,0,0,1,access-requests,executive-council-office,2022-11-30T11:52:28,2023-01-19T11:48:55,2022,2023
22-0441,22-0441,0,0,0,0,2,access-requests,highways-and-public-works,2022-11-30T11:49:45,2023-01-19T11:48:46,2022,2023
22-0421,22-0421,0,0,0,0,2,access-requests,executive-council-office,2022-11-30T11:39:05,2023-01-19T11:47:51,2022,2023
22-0414,22-0414,0,0,0,0,2,access-requests,justice,2022-11-03T15:14:34,2023-01-19T11:47:21,2022,2023
22-0318,22-0318,0,0,0,0,2,access-requests,women-and-gender-equity-directorate,2022-09-06T10:45:01,2023-01-19T11:46:40,2022,2023
22-0221,22-0221,0,0,0,0,2,access-requests,women-and-gender-equity-directorate,2022-09-06T10:37:10,2023-01-19T11:46:33,2022,2023
22-0093,22-0093,0,0,0,0,1,access-requests,energy-mines-and-resources,2022-08-30T13:38:42,2023-01-19T11:46:00,2022,2023
22-0322,22-0322,0,0,0,0,1,access-requests,highways-and-public-works,2022-07-29T12:02:46,2023-01-19T11:45:15,2022,2023
22-0420,22-0420,0,0,0,0,1,access-requests,environment,2022-11-01T10:59:17,2023-01-19T11:43:49,2022,2023
22-0325,22-0325,0,0,0,0,2,access-requests,highways-and-public-works,2022-10-27T14:40:12,2023-01-19T11:43:24,2022,2023
22-0395,22-0395,0,0,0,0,2,access-requests,environment,2022-10-18T09:37:37,2023-01-19T11:43:16,2022,2023
22-0377-1,22-0377,0,0,0,0,2,access-requests,environment,2022-09-20T14:42:28,2023-01-19T11:42:17,2022,2023
22-0256,22-0256,0,0,0,0,2,access-requests,environment,2022-08-04T15:51:22,2023-01-19T11:41:55,2022,2023
22-0344,22-0344,0,0,0,0,1,access-requests,environment,2022-09-12T14:11:41,2023-01-19T11:41:52,2022,2023
22-0350,22-0350,0,0,0,0,1,access-requests,public-service-commission,2022-09-06T10:55:28,2023-01-19T11:41:45,2022,2023
22-0326,22-0326,0,0,0,0,2,access-requests,highways-and-public-works,2022-09-06T10:51:19,2023-01-19T11:41:43,2022,2023
22-0255,22-0255,0,0,0,0,1,access-requests,energy-mines-and-resources,2022-08-30T14:22:01,2023-01-19T11:41:40,2022,2023
22-0342,22-0342,0,0,0,0,1,access-requests,executive-council-office,2022-08-30T11:05:56,2023-01-19T11:41:20,2022,2023
22-0311,22-0311,0,0,0,0,2,access-requests,public-service-commission,2022-08-30T10:23:07,2023-01-19T11:41:14,2022,2023
22-0308,22-0308,0,0,0,0,2,access-requests,public-service-commission,2022-08-30T10:17:11,2023-01-19T11:41:12,2022,2023
22-0310,22-0310,0,0,0,0,2,access-requests,public-service-commission,2022-08-30T10:13:59,2023-01-19T11:41:10,2022,2023
22-0309,22-0309,0,1,0,0,2,access-requests,public-service-commission,2022-08-17T09:50:45,2023-01-19T11:40:18,2022,2023
22-0260,22-0260,0,0,0,0,2,access-requests,justice,2022-07-29T12:08:15,2023-01-19T11:40:10,2022,2023
22-0212,22-0212,0,0,0,0,2,access-requests,environment,2022-08-04T15:48:15,2023-01-19T11:40:05,2022,2023
22-0195,22-0195,0,0,0,0,1,access-requests,environment,2022-08-04T15:31:14,2023-01-19T11:40:01,2022,2023
22-0323,22-0323,0,0,0,0,2,access-requests,public-service-commission,2022-08-17T09:53:54,2023-01-19T11:39:45,2022,2023
22-0287,22-0287,0,0,0,0,1,access-requests,yukon-housing-corporation,2022-07-29T11:51:57,2023-01-19T11:39:36,2022,2023
22-0262,22-0262,0,0,0,0,2,access-requests,executive-council-office,2022-07-29T11:50:09,2023-01-19T11:39:33,2022,2023
22-0218,22-0218,0,0,0,0,2,access-requests,executive-council-office,2022-07-29T11:29:36,2023-01-19T11:39:31,2022,2023
22-0266,22-0266,0,0,0,0,1,access-requests,yukon-workers-compensation-health-and-safety-board,2022-07-25T13:25:29,2023-01-19T11:39:26,2022,2023
22-0243,22-0243,0,0,0,0,1,access-requests,yukon-workers-compensation-health-and-safety-board,2022-07-25T13:23:46,2023-01-19T11:39:24,2022,2023
22-0220,22-0220,0,0,0,0,2,access-requests,public-service-commission,2022-07-25T12:39:12,2023-01-19T11:39:21,2022,2023
22-0312,22-0312,0,0,0,0,2,access-requests,public-service-commission,2022-08-18T15:13:14,2023-01-19T11:38:50,2022,2023
22-0264,22-0264,0,0,0,0,2,access-requests,public-service-commission,2022-07-25T12:49:02,2023-01-19T11:38:48,2022,2023
22-0215,22-0215,0,0,0,0,2,access-requests,highways-and-public-works,2022-07-11T10:21:19,2023-01-19T11:36:55,2022,2023
22-0271,22-0271,0,0,0,0,2,access-requests,yukon-liquor-corporation,2022-07-05T14:10:21,2023-01-19T11:36:53,2022,2023
22-0248,22-0248,0,0,0,0,1,access-requests,yukon-liquor-corporation,2022-07-05T14:06:56,2023-01-19T11:36:50,2022,2023
22-0226,22-0226,0,0,0,0,2,access-requests,yukon-liquor-corporation,2022-07-05T14:05:12,2023-01-19T11:36:48,2022,2023
22-0236,22-0236,0,0,0,0,2,access-requests,highways-and-public-works,2022-07-05T14:02:42,2023-01-19T11:36:45,2022,2023
22-0241,22-0241,0,0,0,0,1,access-requests,public-service-commission,2022-07-05T13:49:36,2023-01-19T11:36:37,2022,2023
22-0157,22-0157,0,0,0,0,2,access-requests,public-service-commission,2022-06-06T10:02:24,2023-01-19T11:36:17,2022,2023
22-0003,22-0003,0,0,0,0,2,access-requests,economic-development-tourism-and-culture,2022-06-14T14:56:22,2023-01-19T11:36:13,2022,2023
21-0252-1,21-0252,0,0,0,0,2,access-requests,economic-development-tourism-and-culture,2022-06-14T14:35:30,2023-01-19T11:36:09,2022,2023
22-0193,22-0193,0,0,0,0,1,access-requests,economic-development-tourism-and-culture,2022-06-14T15:03:15,2023-01-19T11:36:06,2022,2023
22-0072,22-0072,0,0,0,0,1,access-requests,economic-development-tourism-and-culture,2022-06-14T14:59:27,2023-01-19T11:36:02,2022,2023
21-0391,21-0391,0,0,0,0,1,access-requests,economic-development-tourism-and-culture,2022-06-14T14:49:08,2023-01-19T11:35:58,2022,2023
21-0253-1,21-0253,0,0,0,0,2,access-requests,economic-development-tourism-and-culture,2022-06-14T14:42:56,2023-01-19T11:35:47,2022,2023
21-0228-1,21-0228,0,0,0,0,2,access-requests,economic-development-tourism-and-culture,2022-06-14T14:28:33,2023-01-19T11:35:42,2022,2023
22-0151,22-0151,0,0,0,0,1,access-requests,yukon-housing-corporation,2022-05-24T09:21:55,2023-01-19T11:33:54,2022,2023
22-0167,22-0167,0,0,0,0,1,access-requests,yukon-housing-corporation,2022-05-24T09:17:50,2023-01-19T11:33:52,2022,2023
22-0114,22-0114,0,0,0,0,1,access-requests,executive-council-office,2022-04-29T11:28:41,2023-01-19T11:32:59,2022,2023
22-0105,22-0105,0,0,0,0,2,access-requests,highways-and-public-works,2022-04-29T11:26:28,2023-01-19T11:32:53,2022,2023
22-0066,22-0066,0,0,0,0,2,access-requests,justice,2022-04-04T11:42:38,2023-01-19T11:32:21,2022,2023
21-0248,21-0248,0,0,0,0,0,access-requests,education,2021-10-25T13:53:41,2023-01-19T11:31:32,2021,2023
21-0370,21-0370,0,0,0,0,2,access-requests,health-and-social-services,2022-03-01T13:13:29,2023-01-19T11:31:18,2022,2023
21-0469,21-0469,0,0,0,0,1,access-requests,health-and-social-services,2022-02-23T16:33:13,2023-01-19T11:30:52,2022,2023
21-0452,21-0452,0,0,0,0,1,access-requests,health-and-social-services,2022-02-23T16:23:52,2023-01-19T11:30:38,2022,2023
21-0449,21-0449,0,0,0,0,1,access-requests,health-and-social-services,2022-02-23T16:22:08,2023-01-19T11:30:31,2022,2023
21-0455,21-0455,0,0,0,0,1,access-requests,health-and-social-services,2022-02-23T16:17:54,2023-01-19T11:30:24,2022,2023
21-0453,21-0453,0,0,0,0,1,access-requests,health-and-social-services,2022-02-23T16:15:59,2023-01-19T11:30:16,2022,2023
21-0454,21-0454,0,0,0,0,1,access-requests,health-and-social-services,2022-02-23T16:09:39,2023-01-19T11:30:05,2022,2023
21-0447,21-0447,0,0,0,0,1,access-requests,health-and-social-services,2022-02-23T16:08:25,2023-01-19T11:29:59,2022,2023
21-0413,21-0413,0,0,0,0,1,access-requests,health-and-social-services,2022-02-23T16:07:09,2023-01-19T11:29:54,2022,2023
yukon-dental-program-pacific-blue-cross,Yukon Dental Program Pacific Blue Cross,0,0,0,0,0,pia-summaries,health-and-social-services,2023-01-19T11:29:46,2023-01-19T11:29:46,2023,2023
21-0396,21-0396,0,0,0,0,1,access-requests,health-and-social-services,2022-02-23T16:02:13,2023-01-19T11:29:44,2022,2023
21-0245,21-0245,0,1,0,0,1,access-requests,education,2021-10-25T13:31:12,2023-01-19T11:29:01,2021,2023
21-0389,21-0389,0,0,0,0,1,access-requests,health-and-social-services,2022-03-23T08:05:24,2023-01-19T11:27:34,2022,2023
22-0046,22-0046,0,0,0,0,1,access-requests,health-and-social-services,2022-03-17T12:52:07,2023-01-19T11:27:29,2022,2023
21-0473,21-0473,0,0,0,0,2,access-requests,environment,2022-03-15T11:26:42,2023-01-19T11:27:21,2022,2023
22-0004,22-0004,0,0,0,0,2,access-requests,environment,2022-03-15T11:12:22,2023-01-19T11:27:18,2022,2023
22-0014,22-0014,0,0,0,0,1,access-requests,women-and-gender-equity-directorate,2022-03-14T10:26:34,2023-01-19T11:27:11,2022,2023
22-0016,22-0016,0,0,0,0,2,access-requests,yukon-liquor-corporation,2022-03-09T12:26:47,2023-01-19T11:27:02,2022,2023
22-0009,22-0009,0,0,0,0,2,access-requests,justice,2022-03-09T12:16:11,2023-01-19T11:26:45,2022,2023
22-0019,22-0019,0,0,0,0,2,access-requests,yukon-housing-corporation,2022-03-09T12:11:09,2023-01-19T11:26:42,2022,2023
21-0359,21-0359,0,0,0,0,1,access-requests,environment,2022-01-31T09:05:15,2023-01-19T11:26:15,2022,2023
21-0378,21-0378,0,0,0,0,1,access-requests,highways-and-public-works,2022-01-04T11:12:29,2023-01-19T11:26:12,2022,2023
22-0001,22-0001,0,0,0,0,1,access-requests,justice,2022-02-15T11:46:25,2023-01-19T11:24:50,2022,2023
21-0448,21-0448,0,0,0,0,0,access-requests,health-and-social-services,2022-02-15T09:33:49,2023-01-19T11:24:47,2022,2023
21-0491,21-0491,0,0,0,0,0,access-requests,health-and-social-services,2022-02-15T09:19:04,2023-01-19T11:24:44,2022,2023
21-0472,21-0472,0,0,0,0,1,access-requests,environment,2022-02-11T13:47:53,2023-01-19T11:24:36,2022,2023
21-0471,21-0471,0,0,0,0,2,access-requests,environment,2022-02-11T13:31:09,2023-01-19T11:24:34,2022,2023
21-0464,21-0464,0,0,0,0,1,access-requests,health-and-social-services,2022-02-02T11:57:40,2023-01-19T11:24:10,2022,2023
21-0368,21-0368,0,0,0,0,2,access-requests,yukon-housing-corporation,2022-01-12T11:23:47,2023-01-19T11:22:37,2022,2023
21-0460,21-0460,0,0,0,0,2,access-requests,justice,2022-01-13T14:54:33,2023-01-19T11:22:29,2022,2023
21-0461,21-0461,0,0,0,0,1,access-requests,justice,2022-01-18T12:22:16,2023-01-19T11:22:26,2022,2023
21-0421,21-0421,0,0,0,0,1,access-requests,health-and-social-services,2022-01-19T11:35:23,2023-01-19T11:22:17,2022,2023
21-0433,21-0433,0,0,0,0,2,access-requests,energy-mines-and-resources,2022-01-27T15:05:30,2023-01-19T11:22:11,2022,2023
21-0352,21-0352,0,0,0,0,2,access-requests,highways-and-public-works,2021-12-29T09:04:49,2023-01-19T11:22:00,2021,2023
21-0345,21-0345,0,0,0,0,2,access-requests,health-and-social-services,2021-12-23T07:27:54,2023-01-19T11:21:45,2021,2023
21-0338,21-0338,0,0,0,0,2,access-requests,health-and-social-services,2021-12-16T13:03:26,2023-01-19T11:20:12,2021,2023
21-0330,21-0330,0,0,0,0,2,access-requests,health-and-social-services,2021-12-14T08:03:00,2023-01-19T11:20:07,2021,2023
21-0395,21-0395,0,0,0,0,1,access-requests,executive-council-office,2021-12-13T15:02:54,2023-01-19T11:20:05,2021,2023
21-0369,21-0369,0,0,0,0,1,access-requests,executive-council-office,2021-12-13T14:58:02,2023-01-19T11:20:02,2021,2023
21-0344,21-0344,0,0,0,0,1,access-requests,health-and-social-services,2021-12-09T08:26:51,2023-01-19T11:20:00,2021,2023
21-0325,21-0325,0,0,0,0,1,access-requests,health-and-social-services,2021-12-09T08:25:15,2023-01-19T11:19:58,2021,2023
21-0341,21-0341,0,0,0,0,1,access-requests,yukon-workers-compensation-health-and-safety-board,2021-11-25T16:09:57,2023-01-19T11:19:00,2021,2023
21-0327,21-0327,0,0,0,0,1,access-requests,yukon-workers-compensation-health-and-safety-board,2021-11-25T15:49:30,2023-01-19T11:18:50,2021,2023
21-0350,21-0350,0,0,0,0,2,access-requests,justice,2021-11-17T14:02:17,2023-01-19T11:18:42,2021,2023
21-0333,21-0333,0,0,0,0,1,access-requests,justice,2021-11-16T14:23:50,2023-01-19T11:18:36,2021,2023
21-0316,21-0316,0,0,0,0,1,access-requests,executive-council-office,2021-11-08T09:55:19,2023-01-19T11:18:21,2021,2023
21-0277,21-0277,0,0,0,0,1,access-requests,health-and-social-services,2021-11-03T12:23:11,2023-01-19T11:17:02,2021,2023
21-0296,21-0296,0,0,0,0,1,access-requests,justice,2021-11-02T09:10:43,2023-01-19T11:13:41,2021,2023
21-0295,21-0295,0,1,0,0,2,access-requests,yukon-housing-corporation,2021-10-26T13:35:57,2023-01-19T11:10:22,2021,2023
21-0261,21-0261,0,0,0,0,2,access-requests,health-and-social-services,2021-10-19T09:25:51,2023-01-19T11:09:53,2021,2023
21-0253,21-0253,0,0,0,0,2,access-requests,economic-development-tourism-and-culture,2021-10-12T13:50:21,2023-01-19T11:09:28,2021,2023
21-0252,21-0252,0,0,0,0,2,access-requests,economic-development-tourism-and-culture,2021-10-12T13:47:39,2023-01-19T11:09:10,2021,2023
21-0228,21-0228,0,0,0,0,2,access-requests,economic-development-tourism-and-culture,2021-10-12T13:44:37,2023-01-19T11:09:05,2021,2023
21-0294,21-0294,0,0,0,0,1,access-requests,yukon-housing-corporation,2021-10-08T10:47:35,2023-01-19T11:07:02,2021,2023
21-0293,21-0293,0,1,0,0,1,access-requests,yukon-liquor-corporation,2021-10-08T10:40:10,2023-01-19T11:06:58,2021,2023
21-0234,21-0234,0,0,0,0,1,access-requests,yukon-liquor-corporation,2021-09-01T09:00:57,2023-01-19T11:06:21,2021,2023
21-0222,21-0222,0,0,0,0,2,access-requests,highways-and-public-works,2021-09-28T08:35:00,2023-01-19T11:04:29,2021,2023
21-0237,21-0237,0,0,0,0,1,access-requests,health-and-social-services,2021-09-27T16:00:08,2023-01-19T11:04:21,2021,2023
21-0236,21-0236,0,0,0,0,1,access-requests,yukon-liquor-corporation,2021-09-01T09:16:34,2023-01-19T11:04:01,2021,2023
yukon-exploration-and-geology-2022,Yukon Exploration and Geology 2022,0,0,0,0,2,information,yukon-geological-survey,2023-01-19T02:01:46,2023-01-19T02:01:46,2023,2023
mapping-the-rate-of-change-of-select-glaciers-using-satellite-and-ground-based-observations-yuk,"Mapping the rate of change of select glaciers using satellite and ground-based observations, Yukon and northwestern British Columbia",0,0,0,0,2,information,yukon-geological-survey,2023-01-19T02:01:27,2023-01-19T02:01:27,2023,2023
preliminary-double-difference-relocation-earthquake-catalogue-for-southwestern-yukon-centred-al,Preliminary double-difference relocation earthquake catalogue for southwestern Yukon centred along the Denali fault zone,0,0,0,0,3,information,yukon-geological-survey,2023-01-19T01:01:44,2023-01-19T01:01:44,2023,2023
fracture-network-analysis-in-the-duke-river-area-southwestern-yukon,"Fracture network analysis in the Duke River area, southwestern Yukon",0,0,0,0,2,information,yukon-geological-survey,2023-01-19T01:01:42,2023-01-19T01:01:42,2023,2023
the-sunnydale-landslide-current-understanding-and-research-dawson-nts-116b-3,"The Sunnydale landslide, current understanding and research, Dawson (NTS 116B/3)",0,0,0,1,2,information,yukon-geological-survey,2023-01-19T01:01:36,2023-01-19T01:01:36,2023,2023
a-preliminary-geological-interpretation-of-the-mount-grant-evelyn-creek-area-southern-yuk-13-14,"A preliminary geological interpretation of the Mount Grant–Evelyn Creek area, southern Yukon (parts of 105C/11, 12, 13, 14)",0,0,0,0,2,information,yukon-geological-survey,2023-01-19T01:01:25,2023-01-19T01:01:25,2023,2023
improvements-in-the-regional-earthquake-focal-mechanism-catalogue-for-southwestern-yukon,Improvements in the regional earthquake focal mechanism catalogue for southwestern Yukon,0,0,0,0,3,information,yukon-geological-survey,2023-01-19T01:01:02,2023-01-19T01:01:02,2023,2023
yukon-dental-program,Yukon Dental Program,0,0,0,0,0,pia-summaries,health-and-social-services,2023-01-04T10:10:49,2023-01-04T10:10:49,2023,2023
analysis-of-geoscience-data-for-geothermal-exploration-along-the-tintina-fault-near-watson-lake,"Analysis of geoscience data for geothermal exploration along the Tintina fault near Watson Lake, Yukon",0,0,0,1,3,information,yukon-geological-survey,2022-12-29T10:12:37,2022-12-29T10:12:37,2022,2022
preliminary-geological-map-of-the-castle-mountain-area-central-yukon-parts-of-nts-106d-5--11-12,"Preliminary geological map of the Castle Mountain area, central Yukon (parts of NTS 106D/5, 6, 11, 12)",0,0,0,0,2,information,yukon-geological-survey,2022-12-23T09:12:49,2022-12-23T09:12:49,2022,2022
airwatch-workspace-one-unified-endpoint-management,AirWatch Workspace One Unified Endpoint Management,0,0,0,0,0,pia-summaries,executive-council-office,2022-12-01T12:33:34,2022-12-01T12:33:34,2022,2022
audiomagnetotelluric-and-broadband-magnetotelluric-data-for-geothermal-exploration-in-the-burwa,Audiomagnetotelluric and broadband magnetotelluric data for geothermal exploration in the Burwash Landing area,0,0,0,0,3,information,yukon-geological-survey,2022-11-28T12:11:21,2022-11-28T12:11:21,2022,2022
overview-of-geothermal-research-at-the-yukon-geological-survey,Overview of geothermal research at the Yukon Geological Survey,0,0,0,0,2,information,yukon-geological-survey,2022-11-25T01:11:48,2022-11-25T01:11:48,2022,2022
water-board-website,Water Board Website,0,0,0,0,0,pia-summaries,executive-council-office,2022-11-18T13:33:58,2022-11-18T13:33:58,2022,2022
indigenous-training-program,Indigenous Training Program,0,1,0,0,0,pia-summaries,highways-and-public-works,2022-11-17T13:52:29,2022-11-17T13:52:29,2022,2022
lifeworks,LifeWorks,0,0,0,0,0,pia-summaries,public-service-commission,2022-11-08T07:55:19,2022-11-08T07:55:19,2022,2022
paleozoic-evolution-of-the-northern-laurentian-margin-evaluating-links-between-the-caledonian-e,"Paleozoic evolution of the northern Laurentian margin: Evaluating links between the Caledonian, Ellesmerian, and Cordilleran orogens",0,0,0,0,1,information,yukon-geological-survey,2022-11-07T11:11:31,2022-11-07T11:11:31,2022,2022
mobile-crisis-unit,Mobile Crisis Unit,0,1,0,0,0,pia-summaries,health-and-social-services,2022-10-28T15:43:08,2022-10-28T15:43:08,2022,2022
2018-19-main-estimates,2018–19 Main estimates,0,0,0,0,35,information,finance,2021-03-04T09:21:56,2022-10-27T00:43:05,2021,2022
revised-geological-map-of-mount-nansen-area-nts-115-i3-and-part-of-115i-2,Revised geological map of Mount Nansen area (NTS 115/I3 and part of 115I/2),0,0,0,0,2,information,yukon-geological-survey,2022-10-13T10:10:48,2022-10-13T10:10:48,2022,2022
class-3-and-4-quartz-pre-and-post-season-online-reporting,Class 3 & 4 Quartz Pre and Post-Season Online Reporting,0,0,0,0,0,pia-summaries,energy-mines-and-resources,2022-10-12T08:24:34,2022-10-12T08:24:34,2022,2022
erebates-project,eRebates Project,0,0,0,0,0,pia-summaries,energy-mines-and-resources,2022-10-04T12:35:05,2022-10-04T12:35:05,2022,2022
one-government-approach-to-safety-ogas-safety-dashboard,One Government Approach to Safety (OGAS) - Safety Dashboard,0,0,0,0,0,pia-summaries,public-service-commission,2022-09-23T08:33:36,2022-09-23T08:33:36,2022,2022
minister-letters,Minister letters,0,0,0,0,1,information,executive-council-office,2022-09-21T14:10:23,2022-09-21T14:49:27,2022,2022
development-of-the-whitehorse-trough-as-a-strike-slip-basin-during-early-to-middle-jurassic-arc,Development of the Whitehorse trough as a strike-slip basin during Early to Middle Jurassic arc-continent collision in the Canadian Cordillera,0,0,0,0,2,information,yukon-geological-survey,2022-09-02T10:09:28,2022-09-02T10:09:28,2022,2022
formstack,FormStack,0,0,0,0,0,pia-summaries,highways-and-public-works,2022-08-26T14:55:25,2022-08-26T14:55:25,2022,2022
yukon-government-supplier-directory,Yukon Government Supplier Directory,0,0,0,0,1,information,procurement-support-centre,2019-06-17T14:52:42,2022-08-23T11:25:35,2019,2022
online-rural-property-taxation-form,Online Rural Property Taxation Form,0,0,0,0,0,pia-summaries,community-services,2022-08-01T09:06:31,2022-08-11T15:33:08,2022,2022
video-surveillance-system,Video Surveillance System,0,0,0,0,0,pia-summaries,yukon-housing-corporation,2022-08-11T07:57:46,2022-08-11T07:57:46,2022,2022
guide-to-calculating-final-costs,Guide to Calculating Final Costs,0,0,0,0,2,information,atipp-office,2021-09-01T10:42:37,2022-08-09T09:26:04,2021,2022
early-learning-child-care-website,Early Learning Child Care Website,0,0,0,0,0,pia-summaries,education,2022-08-02T08:31:22,2022-08-02T08:31:22,2022,2022
independent-legal-advice,Independent Legal Advice,0,0,0,0,0,pia-summaries,justice,2022-08-01T09:57:10,2022-08-01T09:57:10,2022,2022
interactio-remote-live-language-interpretation-services,Interactio - Remote Live Language Interpretation Services,0,0,0,0,0,pia-summaries,french-language-services-directorate,2022-08-01T09:48:28,2022-08-01T09:48:28,2022,2022
yukon-emergency-relief-program,Yukon Emergency Relief Program,0,0,0,0,0,pia-summaries,economic-development-tourism-and-culture,2022-08-01T09:18:59,2022-08-01T09:18:59,2022,2022
questica-budget-system,Questica Budget System,0,0,0,0,0,pia-summaries,finance,2022-07-22T13:55:53,2022-07-22T13:55:53,2022,2022
societies-legislation,Societies Legislation,0,0,0,0,0,pia-summaries,community-services,2022-07-21T15:28:54,2022-07-21T15:28:54,2022,2022
atipp-central-shared-service,ATIPP Central Shared Service,0,0,0,0,0,pia-summaries,highways-and-public-works,2022-07-21T15:25:16,2022-07-21T15:25:16,2022,2022
licensing-inspections-and-permitting-system-lips,"Licensing, Inspections and Permitting System (LIPS)",0,0,0,0,0,pia-summaries,yukon-liquor-corporation,2022-07-21T14:09:46,2022-07-21T14:09:46,2022,2022
supervised-consumption-site,Supervised Consumption Site,0,2,0,0,0,pia-summaries,health-and-social-services,2022-07-21T13:47:23,2022-07-21T13:47:23,2022,2022
canadian-red-cross-emergency-services,Canadian Red Cross Emergency Services,0,0,0,0,0,pia-summaries,health-and-social-services,2022-07-21T13:42:10,2022-07-21T13:42:10,2022,2022
septic-disposal-permitting-system,Septic Disposal Permitting System,0,0,0,0,0,pia-summaries,health-and-social-services,2022-07-21T13:37:19,2022-07-21T13:37:19,2022,2022
covid-19-dashboard-arcgis,COVID-19 Dashboard ArcGIS,0,0,0,0,0,pia-summaries,health-and-social-services,2022-07-21T13:28:25,2022-07-21T13:28:25,2022,2022
yudriv-online-services,YuDriv Online Services,0,0,0,0,0,pia-summaries,highways-and-public-works,2022-07-21T12:18:41,2022-07-21T12:18:41,2022,2022
online-daily-campground-permit,Online Daily Campground Permit,0,0,0,0,0,pia-summaries,environment,2022-07-21T11:58:02,2022-07-21T11:58:02,2022,2022
sexualized-assault-response-team-sart,Sexualized Assault Response Team (SART),0,0,0,0,0,pia-summaries,health-and-social-services,2022-07-15T11:25:37,2022-07-15T11:27:57,2022,2022
homeless-individuals-and-families-information-system-hifis,"Homeless Individuals and Families Information System ""HIFIS""",0,0,0,0,0,pia-summaries,health-and-social-services,2022-07-12T15:28:33,2022-07-12T15:28:33,2022,2022
sport-and-recreation-eservices-forms,Sport and Recreation eServices Forms,0,0,0,0,0,pia-summaries,community-services,2022-07-12T15:13:06,2022-07-12T15:13:06,2022,2022
eligibility-process-for-seniors-supportive-social-housing,Eligibility Process for Seniors Supportive Social Housing,0,0,0,0,0,pia-summaries,health-and-social-services,2022-07-08T08:06:01,2022-07-08T10:51:24,2022,2022
wandering-gravel-bed-rivers-and-high-constructive-stable-channel-sandy-fluvial-systems-in-the-r,"Wandering gravel-bed rivers and high-constructive stable channel sandy fluvial systems in the Ross River area, Yukon Territory, Canada",0,0,0,0,2,information,yukon-geological-survey,2022-07-05T12:07:56,2022-07-05T12:07:56,2022,2022
surficial-geology-and-quaternary-history-of-stevenson-ridge-and-northern-parts-of-kluane-lake-m,"Surficial geology and Quaternary history of Stevenson Ridge and northern parts of Kluane Lake map areas, Yukon (115K and 115F)",0,0,0,0,4,information,yukon-geological-survey,2022-06-27T08:06:27,2022-06-27T08:06:27,2022,2022
53-access-information-summary-template-mpb,53 Access Information Summary Template MPB,0,0,0,0,1,information,atipp-office,2021-03-26T20:05:12,2022-06-17T12:00:36,2021,2022
exploring-geothermal-how-is-geothermal-energy-used,Exploring Geothermal: How is geothermal energy used?,0,0,0,0,3,information,yukon-geological-survey,2022-05-25T09:05:48,2022-05-25T09:05:48,2022,2022
exploring-geothermal-what-is-geothermal-energy,Exploring Geothermal: What is geothermal energy?,0,0,0,0,3,information,yukon-geological-survey,2022-05-25T09:05:32,2022-05-25T09:05:32,2022,2022
exploring-geothermal-examining-the-potential,Exploring Geothermal: Examining the potential,0,0,0,0,2,information,yukon-geological-survey,2022-05-25T09:05:29,2022-05-25T09:05:29,2022,2022
yukon-land-titles-registry,Yukon Land Titles Registry,0,0,0,0,0,pia-summaries,justice,2022-05-24T12:55:43,2022-05-24T12:55:43,2022,2022
well-report-table,Well Report Table,0,0,0,0,3,data,geomatics-yukon,2016-06-10T21:28:42,2022-05-03T20:36:08,2016,2022
yukon-wall-map,Yukon wall map,0,10,0,7,1,information,environment,2020-04-23T09:23:30,2022-04-26T16:07:38,2020,2022
2020-21-supplementary-estimates-no-2,2020–21 Supplementary estimates no. 2,0,0,0,0,24,information,finance,2022-03-24T13:03:37,2022-04-05T12:33:45,2022,2022
2021-22-operation-and-maintenance-and-capital-estimates,2021–22 Operation and maintenance and capital estimates,0,0,0,0,35,information,finance,2022-03-23T17:12:46,2022-04-01T16:42:21,2022,2022
2021-22-additional-information-and-statistics,2021–22 Additional information and statistics,0,0,0,0,8,information,finance,2022-03-24T13:33:50,2022-04-01T16:42:17,2022,2022
2021-22-supplementary-estimates-no-1,2021–22 Supplementary estimates no. 1,0,0,0,0,19,information,finance,2022-03-24T13:45:55,2022-04-01T16:42:12,2022,2022
2021-22-supplementary-estimates-no-2,2021–22 Supplementary estimates No. 2,0,0,0,0,18,information,finance,2022-03-24T14:22:51,2022-04-01T16:42:07,2022,2022
2020-21-supplementary-estimates-no-1,2020–21 Supplementary estimates no. 1,0,0,0,0,23,information,finance,2022-03-24T12:38:03,2022-04-01T16:36:33,2022,2022
2020-21-supplementary-information-and-statistics,2020–21 Supplementary information and statistics,0,0,0,0,8,information,finance,2022-03-24T12:19:34,2022-04-01T16:36:29,2022,2022
2019-20-supplementary-information-and-statistics,2019–20 Supplementary information and statistics,0,0,0,0,7,information,finance,2021-03-04T09:20:10,2022-04-01T16:32:03,2021,2022
2019-20-supplementary-estimates-no-2,2019–20 Supplementary estimates no. 2,0,0,0,0,22,information,finance,2021-03-04T09:25:04,2022-04-01T16:32:00,2021,2022
main-estimates-for-the-government-of-yukon-2019-20-budget,Main estimates for the Government of Yukon 2019–20 budget,0,0,0,0,35,information,finance,2021-03-04T09:20:10,2022-04-01T16:31:56,2021,2022
2019-20-supplementary-estimates-no-1,2019–20 Supplementary estimates no. 1,0,0,0,0,13,information,finance,2021-03-04T09:20:10,2022-04-01T16:31:52,2021,2022
2018-19-supplementary-information,2018–19 Supplementary information,0,0,0,0,9,information,finance,2020-03-30T21:34:51,2022-04-01T16:21:08,2020,2022
2018-19-supplementary-estimates-no-1,2018–19 Supplementary estimates no. 1,0,0,0,0,19,information,finance,2020-03-30T21:07:31,2022-04-01T16:20:58,2020,2022
2018-19-supplementary-estimates-no-2,2018–19 Supplementary estimates no. 2,0,0,0,0,22,information,finance,2020-03-30T21:06:59,2022-04-01T16:20:54,2020,2022
2017-18-supplementary-estimates-no-1,2017–18 Supplementary estimates no. 1,0,0,0,0,19,information,finance,2020-07-20T11:21:34,2022-04-01T16:18:57,2020,2022
2017-18-supplementary-estimates-no-2,2017–18 Supplementary estimates no. 2,0,0,0,0,22,information,finance,2020-07-20T11:24:45,2022-04-01T16:18:54,2020,2022
main-estimates-for-the-government-of-yukon-2017-18-budget,Main estimates for the Government of Yukon 2017–18 Budget,0,0,0,0,35,information,finance,2020-07-20T11:11:34,2022-04-01T16:18:44,2020,2022
2016-17-supplementary-estimates-no-1,2016–17 Supplementary estimates no. 1,0,0,0,0,27,information,finance,2020-07-20T11:07:41,2022-04-01T12:53:25,2020,2022
2015-16-supplementary-estimates-no-1,2015–16 Supplementary estimates no. 1,0,0,0,0,20,information,finance,2020-03-30T21:32:10,2022-04-01T12:49:41,2020,2022
2015-16-main-estimates,2015–16 Main estimates,0,0,0,0,34,information,finance,2020-03-30T21:37:32,2022-04-01T12:49:27,2020,2022
2015-16-supplementary-estimates-no-2,2015–16 Supplementary estimates no. 2,0,0,0,0,23,information,finance,2020-03-30T21:25:44,2022-04-01T12:49:20,2020,2022
2014-15-supplementary-estimates-no-2,2014–15 Supplementary estimates no. 2,0,0,0,0,22,information,finance,2020-03-30T21:33:47,2022-04-01T12:44:31,2020,2022
2014-15-supplementary-estimates-no-1,2014–15 Supplementary estimates no. 1,0,0,0,0,25,information,finance,2020-03-30T21:35:40,2022-04-01T12:44:24,2020,2022
2014-15-supplementary-estimates-no-3,2014–15 Supplementary estimates no. 3,0,0,0,0,10,information,finance,2020-03-30T21:15:01,2022-04-01T12:44:21,2020,2022
2014-15-main-estimates,2014–15 Main estimates,0,0,0,0,35,information,finance,2020-03-30T21:00:16,2022-04-01T12:44:14,2020,2022
2013-14-supplementary-estimates-no-2,2013–14 Supplementary estimates no. 2,0,0,0,0,21,information,finance,2020-03-30T21:31:38,2022-04-01T12:41:12,2020,2022
2013-14-supplementary-estimates-no-1,2013–14 Supplementary estimates no. 1,0,0,0,0,25,information,finance,2020-03-30T21:38:36,2022-04-01T12:41:09,2020,2022
2013-14-main-estimates,2013–14 Main estimates,0,0,0,0,35,information,finance,2020-03-30T21:42:54,2022-04-01T12:41:04,2020,2022
2012-13-main-estimates,2012–13 Main estimates,0,0,0,0,33,information,finance,2020-03-30T21:13:24,2022-03-31T18:13:11,2020,2022
2012-13-supplementary-estimates-no-2,2012–13 Supplementary estimates no. 2,0,0,0,0,22,information,finance,2020-03-30T21:15:49,2022-03-31T18:13:07,2020,2022
2012-13-supplementary-estimates-no-1,2012–13 Supplementary estimates no. 1,0,0,0,0,24,information,finance,2020-03-30T21:40:45,2022-03-31T18:12:59,2020,2022
2011-12-operation-and-maintenance-main-estimates,2011–12 Operation and maintenance main estimates,0,0,0,0,34,information,finance,2020-03-30T20:57:04,2022-03-31T18:10:50,2020,2022
2011-12-capital-main-estimates,2011–12 Capital main estimates,0,0,0,0,24,information,finance,2020-03-30T21:21:27,2022-03-31T18:10:47,2020,2022
2011-12-supplementary-estimates-no-1,2011–12 Supplementary estimates no. 1,0,0,0,0,24,information,finance,2020-03-30T21:16:53,2022-03-31T18:10:44,2020,2022
2011-12-supplementary-estimates-no-2,2011–12 Supplementary estimates no. 2,0,0,0,0,22,information,finance,2020-03-30T21:36:12,2022-03-31T18:10:37,2020,2022
2010-11-supplementary-estimates-no-2,2010–11 Supplementary estimates no. 2,0,0,0,0,20,information,finance,2020-03-30T21:36:12,2022-03-31T18:06:48,2020,2022
2010-11-supplementary-estimates-no-3,2010–11 Supplementary estimates no. 3,0,0,0,0,13,information,finance,2020-03-30T21:39:09,2022-03-31T18:06:41,2020,2022
2010-11-supplementary-estimates-no-1,2010–11 Supplementary estimates no. 1,0,0,0,0,27,information,finance,2020-03-30T21:09:39,2022-03-31T18:06:34,2020,2022
2010-11-operation-and-maintenance-main-estimates,2010–11 Operation and maintenance main estimates,0,0,0,0,34,information,finance,2020-03-30T21:11:32,2022-03-31T18:06:31,2020,2022
2009-10-operation-and-maintenance-main-estimates,2009–10 Operation and maintenance main estimates,0,0,0,0,33,information,finance,2020-03-30T21:43:42,2022-03-31T18:03:55,2020,2022
2009-10-supplementary-estimates-no-2,2009–10 Supplementary estimates no. 2,0,0,0,0,11,information,finance,2020-03-30T21:01:53,2022-03-31T18:03:13,2020,2022
2009-10-capital-main-estimates,2009–10 Capital main estimates,0,0,0,0,23,information,finance,2020-03-30T20:58:08,2022-03-31T18:03:10,2020,2022
2009-10-supplementary-estimates-no-1,2009–10 Supplementary estimates no. 1,0,0,0,0,25,information,finance,2020-03-30T21:29:13,2022-03-31T18:03:06,2020,2022
2009-10-supplementary-estimates-no-3,2009–10 Supplementary estimates no. 3,0,0,0,0,11,information,finance,2020-03-30T21:39:09,2022-03-31T18:03:03,2020,2022
2008-09-operation-and-maintenance-main-estimates,2008–09 Operation and maintenance main estimates,0,0,0,0,14,information,finance,2020-03-30T21:32:10,2022-03-31T18:00:21,2020,2022
2008-09-capital-main-estimates,2008–09 Capital main estimates,0,0,0,0,23,information,finance,2020-03-30T20:59:12,2022-03-31T17:59:47,2020,2022
2008-09-supplementary-estimates-no-1,2008–09 Supplementary estimates no. 1,0,0,0,0,24,information,finance,2020-03-30T21:12:36,2022-03-31T17:59:40,2020,2022
2008-09-supplementary-estimates-no-2,2008–09 Supplementary estimates no. 2,0,0,0,0,24,information,finance,2020-03-30T21:20:22,2022-03-31T17:59:36,2020,2022
2008-09-supplementary-estimates-no-3,2008–09 Supplementary estimates no. 3,0,0,0,0,14,information,finance,2020-03-30T21:40:45,2022-03-31T17:59:27,2020,2022
2007-08-supplementary-estimates-no-2,2007–08 Supplementary estimates no. 2,0,0,0,0,22,information,finance,2020-03-30T21:23:23,2022-03-31T17:37:55,2020,2022
2007-08-supplementary-estimates-no-1,2007–08 Supplementary estimates no. 1,0,0,0,0,26,information,finance,2020-07-20T11:19:14,2022-03-31T17:37:50,2020,2022
2007-08-operation-and-maintenance-main-estimates,2007–08 Operation and maintenance main estimates,0,0,0,0,33,information,finance,2020-03-30T21:01:05,2022-03-31T17:37:45,2020,2022
2007-08-capital-main-estimates,2007–08 Capital main estimates,0,0,0,0,23,information,finance,2020-03-30T21:01:53,2022-03-31T17:37:40,2020,2022
2006-07-supplementary-estimates-no-3,2006–07 Supplementary estimates no. 3,0,0,0,0,11,information,finance,2020-03-30T21:42:06,2022-03-31T17:34:13,2020,2022
2006-07-supplementary-estimates-no-2,2006–07 Supplementary estimates no. 2,0,0,0,0,24,information,finance,2020-03-30T21:13:56,2022-03-31T17:34:07,2020,2022
2006-07-capital-main-estimates,2006–07 Capital main estimates,0,0,0,0,24,information,finance,2020-03-30T21:08:23,2022-03-31T17:34:01,2020,2022
2006-07-operation-and-maintenance-main-estimates,2006–07 Operation and maintenance main estimates,0,0,0,0,34,information,finance,2020-03-30T21:10:27,2022-03-31T17:33:56,2020,2022
2006-07-supplementary-estimates-no-1,2006–07 Supplementary estimates no. 1,0,0,0,0,25,information,finance,2020-03-30T20:56:11,2022-03-31T17:33:53,2020,2022
2005-06-supplementary-estimates-no-1,2005–06 Supplementary estimates no. 1,0,0,0,0,20,information,finance,2020-03-30T21:17:26,2022-03-31T17:30:50,2020,2022
2005-06-supplementary-estimates-no-2,2005–06 Supplementary estimates no. 2,0,0,0,0,21,information,finance,2020-03-30T21:24:56,2022-03-31T17:30:45,2020,2022
2005-06-supplementary-estimates-no-3,2005–06 Supplementary estimates no. 3,0,0,0,0,13,information,finance,2020-03-30T21:24:56,2022-03-31T17:30:41,2020,2022
2005-06-capital-main-estimates,2005–06 Capital main estimates,0,0,0,0,24,information,finance,2020-03-30T21:05:06,2022-03-31T17:30:37,2020,2022
2005-06-operation-and-maintenance-main-estimates,2005–06 Operation and maintenance main estimates,0,0,0,0,33,information,finance,2020-03-30T20:59:12,2022-03-31T17:30:21,2020,2022
2004-05-operation-and-maintenance-main-estimates,2004–05 Operation and maintenance main estimates,0,0,0,0,33,information,finance,2020-03-30T21:39:57,2022-03-31T17:26:52,2020,2022
2004-05-supplementary-estimates-no-1,2004–05 Supplementary estimates no. 1,0,0,0,0,24,information,finance,2020-03-30T21:27:37,2022-03-31T17:26:47,2020,2022
2004-05-supplementary-estimates-no-2,2004–05 Supplementary estimates no. 2,0,0,0,0,14,information,finance,2020-03-30T21:29:13,2022-03-31T17:26:42,2020,2022
2004-05-capital-main-estimates,2004–05 Capital main estimates,0,0,0,0,24,information,finance,2020-03-30T21:21:27,2022-03-31T17:26:36,2020,2022
2004-05-supplementary-estimates-no-3,2004–05 Supplementary estimates no. 3,0,0,0,0,13,information,finance,2020-03-30T21:10:27,2022-03-31T17:26:30,2020,2022
2003-04-supplementary-estimates-no-1,2003–04 Supplementary estimates no. 1,0,0,0,0,22,information,finance,2020-03-30T21:32:10,2022-03-31T17:23:17,2020,2022
2003-04-supplementary-estimates-no-3,2003–04 Supplementary estimates no. 3,0,0,0,0,9,information,finance,2020-03-30T21:32:58,2022-03-31T17:23:12,2020,2022
2003-04-supplementary-estimates-no-2,2003–04 Supplementary estimates no. 2,0,0,0,0,24,information,finance,2020-07-20T11:21:34,2022-03-31T17:23:05,2020,2022
2003-04-capital-main-estimates,2003–04 Capital main estimates,0,0,0,0,21,information,finance,2020-03-30T21:18:14,2022-03-31T17:22:59,2020,2022
2003-04-operation-and-maintenance-main-estimates,2003–04 Operation and maintenance main estimates,0,0,0,0,30,information,finance,2020-07-20T11:13:17,2022-03-31T17:22:55,2020,2022
2002-03-operation-and-maintenance-main-estimates,2002–03 Operation and maintenance main estimates,0,0,0,0,12,information,finance,2020-03-30T21:03:13,2022-03-31T17:17:00,2020,2022
2002-03-supplementary-estimates-no-1,2002–03 Supplementary estimates no. 1,0,0,0,0,22,information,finance,2020-03-30T21:18:14,2022-03-31T17:16:55,2020,2022
2002-03-supplementary-estimates-no-2,2002–03 Supplementary estimates no. 2,0,0,0,0,9,information,finance,2020-03-30T21:37:32,2022-03-31T17:16:51,2020,2022
2002-03-capital-main-estimates,2002–03 Capital main estimates,0,0,0,0,21,information,finance,2020-03-30T21:44:30,2022-03-31T17:16:45,2020,2022
2002-03-budget,2002–03 Budget,0,0,0,0,1,information,finance,2020-07-20T14:24:13,2022-03-31T17:16:38,2020,2022
2001-02-supplementary-estimates-no-1,2001–02 Supplementary estimates no. 1,0,0,0,0,22,information,finance,2020-03-30T21:27:37,2022-03-31T17:14:10,2020,2022
2001-02-operation-and-maintenance-main-estimates,2001–02 Operation and maintenance main estimates,0,0,0,0,31,information,finance,2020-03-30T21:19:03,2022-03-31T17:14:06,2020,2022
2001-02-budget,2001–02 Budget,0,0,0,0,1,information,finance,2020-03-30T21:20:55,2022-03-31T17:14:01,2020,2022
2001-02-capital-main-estimates,2001–02 Capital main estimates,0,0,0,0,21,information,finance,2020-03-30T21:15:01,2022-03-31T17:13:56,2020,2022
2001-02-supplementary-estimates-no-3,2001–02 Supplementary estimates no. 3,0,0,0,0,9,information,finance,2020-03-30T21:09:39,2022-03-31T17:13:50,2020,2022
2001-02-supplementary-estimates-no-2,2001–02 Supplementary estimates no. 2,0,0,0,0,10,information,finance,2020-03-30T20:56:11,2022-03-31T17:13:42,2020,2022
2000-01-supplementary-estimates-no-2,2000–01 Supplementary estimates no. 2,0,0,0,0,7,information,finance,2020-03-30T21:02:25,2022-03-31T17:04:33,2020,2022
2000-01-supplementary-estimates-no-1,2000–01 Supplementary estimates no. 1,0,0,0,0,11,information,finance,2020-07-20T11:19:14,2022-03-31T17:04:23,2020,2022
2000-01-supplementary-estimates-no-3,2000–01 Supplementary estimates no. 3,0,0,0,0,13,information,finance,2020-03-30T21:26:49,2022-03-31T17:04:08,2020,2022
agriculture-land-dispositions,Agriculture land dispositions,0,0,0,0,3,data,geomatics-yukon,2016-06-14T18:18:06,2022-03-29T21:42:00,2016,2022
water-quality-sample-year-table,Water Quality Sample Year Table,0,0,0,0,3,data,geomatics-yukon,2016-06-09T21:00:30,2022-03-29T21:24:42,2016,2022
historic-silviculture-inventory-50k,Historic silviculture inventory - 50k,0,0,0,0,3,data,geomatics-yukon,2021-03-08T19:47:55,2022-03-29T21:13:48,2021,2022
air-photo-flight-lines,Air photo flight lines,0,0,0,0,3,data,geomatics-yukon,2016-06-14T20:55:14,2022-03-29T18:44:30,2016,2022
air-photo-locations,Air photo locations,0,0,0,0,3,data,geomatics-yukon,2016-06-14T20:53:10,2022-03-29T17:47:45,2016,2022
2022-23-operation-and-and-maintenance-and-capital-estimates,2022–23 Operation and & maintenance and capital estimates,0,0,0,0,35,information,finance,2022-03-23T12:40:23,2022-03-23T13:44:23,2022,2022
geophysics-residual-magnetic-total-fields-50m,Geophysics Residual Magnetic Total Fields - 50m,0,5,0,2,3,data,geomatics-yukon,2022-03-14T17:05:56,2022-03-19T20:23:31,2022,2022
geophysics-first-vertical-derivatives-50m,Geophysics First Vertical Derivatives - 50m,0,0,0,0,3,data,geomatics-yukon,2022-03-19T18:56:43,2022-03-19T20:23:05,2022,2022
subdivision-applications-historical,Subdivision Applications - Historical,0,0,0,0,3,data,geomatics-yukon,2022-02-28T18:56:08,2022-03-14T15:48:47,2022,2022
preliminary-bedrock-geology-map-of-the-rusty-mountain-and-bonnet-plume-pass-areas-southern-wern,"Preliminary bedrock geology map of the Rusty Mountain and Bonnet Plume Pass areas, southern Wernecke Mountains, Yukon (NTS 106C/3, 4, 5, 6, 11, 12 and 106D/1, 8)",0,0,0,0,2,information,yukon-geological-survey,2022-03-10T02:03:01,2022-03-10T02:03:01,2022,2022
preliminary-geological-map-of-the-southern-nash-creek-area-central-yukon-parts-of-nts-106d-2-3-,"Preliminary geological map of the southern Nash Creek area, central Yukon (parts of NTS 106D/2, 3, 6, 7)",0,0,0,0,2,information,yukon-geological-survey,2022-03-09T08:03:26,2022-03-09T08:03:26,2022,2022
geophysics-gravity-bouguer-anomaly-2km,Geophysics Gravity Bouguer Anomaly - 2km,0,0,0,0,3,data,geomatics-yukon,2022-03-04T20:27:21,2022-03-09T02:43:56,2022,2022
atipp-manual-introduction,ATIPP Manual Introduction,0,0,0,0,1,information,atipp-office,2021-03-05T15:02:28,2022-03-08T17:10:31,2021,2022
yukons-carlin-type-gold-deposits-rackla-belt-canada-main-characteristics-and-new-insights-on-al,"Yukon’s Carlin-Type Gold Deposits (Rackla Belt, Canada): Main Characteristics and New Insights on Alteration Styles and Geochemistry",0,0,0,0,1,information,yukon-geological-survey,2022-02-23T09:02:54,2022-02-23T09:02:54,2022,2022
u-pb-vein-calcite-dating-reveals-the-age-of-carlin-type-gold-deposits-of-central-yukon-and-a-co,U-Pb Vein calcite dating reveals the age of Carlin-type gold deposits of central Yukon and a contemporaneity with a regional intrusion-related metallogenic event,0,0,0,0,1,information,yukon-geological-survey,2022-02-23T09:02:05,2022-02-23T09:02:05,2022,2022
preliminary-geological-map-of-the-boswell-river-area-parts-of-nts-105c-13-14-105f-4-and-105e-1,"Preliminary geological map of the Boswell River area (parts of NTS 105C/13, 14, 105F/4 and 105E/1)",0,0,0,0,2,information,yukon-geological-survey,2022-02-23T03:02:13,2022-02-23T03:02:13,2022,2022
level-1-introduction-to-the-atipp-act-transcript,Level 1: Introduction to the ATIPP Act Transcript,0,0,0,0,1,information,atipp-office,2021-03-05T15:02:22,2022-02-18T10:21:43,2021,2022
the-yukon-digital-bedrock-geology-compilation,The Yukon Digital Bedrock Geology compilation,0,0,0,0,2,information,yukon-geological-survey,2022-02-18T10:02:29,2022-02-18T10:02:29,2022,2022
geology-and-u-pb-zircon-geochronology-and-pb-isotope-geochemistry-of-mid-cretaceous-plutonic-ro,Geology and U-Pb zircon geochronology and Pb isotope geochemistry of mid-Cretaceous plutonic rocks in the Mount Nansen map area (NTS 115I/3 and part of 115I/2),0,0,0,0,3,information,yukon-geological-survey,2022-02-18T10:02:22,2022-02-18T10:02:22,2022,2022
updated-bedrock-geology-of-the-southern-nash-creek-area-in-central-yukon-parts-of-nts-106d-2-3-,"Updated bedrock geology of the southern Nash Creek area in central Yukon (parts of NTS 106D/2, 3, 6 and 7)",0,0,0,0,2,information,yukon-geological-survey,2022-02-18T10:02:09,2022-02-18T10:02:09,2022,2022
preliminary-observations-on-the-geology-of-the-southern-big-salmon-range-south-central-yukon-pa,"Preliminary observations on the geology of the southern Big Salmon Range, south-central Yukon (parts of NTS 105C/13,14, 105F/4 and 105E/1)",0,0,0,0,3,information,yukon-geological-survey,2022-02-18T10:02:00,2022-02-18T10:02:00,2022,2022
geology-of-the-carpenter-creek-and-mckay-hill-areas-nts-106d-6-11-central-yukon,"Geology of the Carpenter Creek and McKay Hill areas (NTS 106D/6, 11), central Yukon",0,0,0,0,2,information,yukon-geological-survey,2022-02-18T10:02:00,2022-02-18T10:02:00,2022,2022
updates-to-the-yukon-geological-surveys-mineral-potential-mapping-methodology,Updates to the Yukon Geological Survey’s mineral potential mapping methodology,0,0,0,0,2,information,yukon-geological-survey,2022-02-18T09:02:56,2022-02-18T09:02:56,2022,2022
yukon-permafrost-database-a-new-baseline-data-resource,Yukon Permafrost Database: A new baseline data resource,0,0,0,0,2,information,yukon-geological-survey,2022-02-18T09:02:55,2022-02-18T09:02:55,2022,2022
preliminary-results-and-structural-interpretations-from-drone-lidar-surveys-over-the-eastern-de,"Preliminary results and structural interpretations from drone lidar surveys over the Eastern Denali fault, Yukon",0,0,0,0,2,information,yukon-geological-survey,2022-02-18T09:02:47,2022-02-18T09:02:47,2022,2022
surficial-geochemical-setting-of-the-southern-carmacks-minto-copper-belt,Surficial geochemical setting of the southern Carmacks-Minto copper belt,0,0,0,0,2,information,yukon-geological-survey,2022-02-18T09:02:45,2022-02-18T09:02:45,2022,2022
update-on-the-bedrock-geology-of-the-rusty-mountain-and-bonnet-plume-pass-west-half-areas,Update on the bedrock geology of the Rusty Mountain and Bonnet Plume Pass (west half) areas,0,0,0,0,2,information,yukon-geological-survey,2022-02-18T09:02:19,2022-02-18T09:02:19,2022,2022
placer-gold-settings-within-an-alpine-glaciated-environment-granite-creek-yukon-nts-105m-14,"Placer gold settings within an alpine glaciated environment, Granite Creek, Yukon (NTS 105M/14)",0,0,0,0,2,information,yukon-geological-survey,2022-02-18T09:02:13,2022-02-18T09:02:13,2022,2022
yukon-exploration-and-geology-2021,Yukon Exploration and Geology 2021,0,0,0,0,2,information,yukon-geological-survey,2022-02-18T09:02:09,2022-02-18T09:02:09,2022,2022
yukon-bedrock-geology-map-1,Yukon Bedrock Geology Map,0,0,0,0,4,information,yukon-geological-survey,2022-02-14T08:02:42,2022-02-14T08:02:42,2022,2022
guidance-calculating-final-costs-for-access-requests-mb,Guidance Calculating Final Costs for Access Requests MB,0,0,0,0,1,information,atipp-office,2022-02-03T10:32:56,2022-02-03T10:33:18,2022,2022
guidance-calculating-final-costs-for-access-requests-sb,Guidance Calculating Final Costs for Access Requests SB,0,0,0,0,1,information,atipp-office,2022-02-03T10:30:17,2022-02-03T10:31:21,2022,2022
information-notes-327b-notification-of-privacy-breach,Information Notes - 32(7)(b) Notification of Privacy Breach,0,0,0,0,1,information,atipp-office,2021-03-05T15:03:03,2022-02-03T10:13:40,2021,2022
yukon-placer-mining-2021-development-and-exploration-overview,Yukon placer mining 2021 development and exploration overview,0,0,0,0,2,information,yukon-geological-survey,2022-02-03T09:02:50,2022-02-03T09:02:50,2022,2022
yukon-geological-surveys-outreach-program-2021-highlights,Yukon Geological Survey’s Outreach Program: 2021 highlights,0,0,0,0,2,information,yukon-geological-survey,2022-02-03T09:02:41,2022-02-03T09:02:41,2022,2022
yukon-mineral-exploration-program-2021-update,Yukon Mineral Exploration Program 2021 update,0,0,0,0,2,information,yukon-geological-survey,2022-02-03T09:02:32,2022-02-03T09:02:32,2022,2022
yukon-hard-rock-mining-development-and-exploration-overview-2021,"Yukon hard rock mining, development and exploration overview 2021",0,0,0,0,2,information,yukon-geological-survey,2022-02-03T09:02:13,2022-02-03T09:02:13,2022,2022
yukon-geological-survey-2021-overview,Yukon Geological Survey 2021 overview,0,0,0,0,2,information,yukon-geological-survey,2022-02-03T09:02:06,2022-02-03T09:02:06,2022,2022
yukon-exploration-and-geology-overview-2021,Yukon Exploration and Geology Overview 2021,0,0,0,0,2,information,yukon-geological-survey,2022-02-03T08:02:55,2022-02-03T08:02:55,2022,2022
geochronology,Geochronology,0,0,0,0,3,data,geomatics-yukon,2018-07-04T19:53:25,2022-01-29T14:20:26,2018,2022
yukon-sport-action-plan,Yukon Sport Action Plan,0,0,0,0,1,information,community-services,2022-01-24T09:47:17,2022-01-24T10:24:00,2022,2022
17-collection-notice-checklist-mpb,17 Collection Notice Checklist MPB,0,0,0,0,1,information,atipp-office,2021-03-05T15:03:03,2022-01-13T23:41:43,2021,2022
data-driven-early-exploration-predictive-indicators-for-porphyry-style-mineralization-in-yukon-,"Data-driven, early-exploration predictive indicators for porphyry-style mineralization in Yukon using deconstructed *weights of evidence modeling",0,0,0,0,3,information,yukon-geological-survey,2022-01-13T11:01:23,2022-01-13T11:01:23,2022,2022
mineral-potential-confidence-in-geological-mapping-for-the-dawson-region-land-use-planning-area,Mineral potential/*confidence in geological mapping for the Dawson Region Land Use Planning area,0,0,0,0,2,information,yukon-geological-survey,2022-01-13T11:01:17,2022-01-13T11:01:17,2022,2022
information-notes-541b-estimate-of-cost,Information Notes - 54(1)(b) Estimate of Cost,0,0,0,0,1,information,atipp-office,2021-03-05T15:02:53,2022-01-13T00:48:36,2021,2022
information-sharing-agreement-template-mpb,Information Sharing Agreement Template MPB,0,0,0,0,1,information,atipp-office,2021-03-05T15:02:12,2022-01-11T21:32:32,2021,2022
guidance-on-information-sharing-agreements,Guidance on Information Sharing Agreements,0,0,0,0,1,information,atipp-office,2021-03-05T15:02:58,2022-01-11T20:31:01,2021,2022
u-pb-zircon-geochronology-from-a-late-triassic-pluton-in-the-mount-nansen-area,U-Pb zircon geochronology from a Late Triassic pluton in the Mount Nansen area,0,0,0,0,2,information,yukon-geological-survey,2022-01-07T04:01:03,2022-01-07T04:01:03,2022,2022
permafrost-report-point,Permafrost report point,0,0,0,0,3,data,geomatics-yukon,2021-09-01T14:51:40,2022-01-06T22:18:40,2021,2022
geotechnical-report-point,Geotechnical report point,0,0,0,1,3,data,geomatics-yukon,2021-09-01T14:50:01,2022-01-06T22:17:53,2021,2022
geotechnical-borehole-point,Geotechnical borehole point,0,4,0,2,3,data,geomatics-yukon,2021-09-01T14:46:07,2022-01-06T22:17:20,2021,2022
permafrost-report-polygon,Permafrost report polygon,0,0,0,1,3,data,geomatics-yukon,2021-09-01T14:52:33,2022-01-06T22:16:55,2021,2022
pia-guidance,PIA Guidance,0,0,0,0,1,information,atipp-office,2021-08-04T08:51:09,2021-12-23T20:04:01,2021,2021
guide-to-clarifying-access-requests,Guide to Clarifying Access Requests,0,0,0,0,1,information,atipp-office,2021-03-31T12:29:35,2021-12-18T00:28:02,2021,2021
privacy-breach-procedures,Privacy Breach Procedures,0,0,0,0,1,information,atipp-office,2021-05-18T17:03:08,2021-12-08T11:06:02,2021,2021
dpo-toolkit-may-2021-mpb,DPO Toolkit May 2021 MPB,0,0,0,0,1,information,atipp-office,2021-05-18T17:14:01,2021-12-03T17:23:02,2021,2021
ministerial-public-body-heads-toolkit,Ministerial Public Body Heads Toolkit,0,0,0,0,1,information,atipp-office,2021-03-05T15:03:17,2021-12-03T03:08:00,2021,2021
roadside-barriers-25k,Roadside barriers - 25k,0,0,0,0,3,data,geomatics-yukon,2021-11-24T18:37:39,2021-12-01T15:25:34,2021,2021
cutting-permits-50k,Cutting Permits - 50k,0,0,0,0,3,data,geomatics-yukon,2016-06-14T16:16:00,2021-11-26T19:06:25,2016,2021
atipp-checklist-for-class-a-public-bodies,ATIPP Checklist for Class A Public Bodies,0,4,0,3,1,information,atipp-office,2021-03-31T11:35:21,2021-11-21T12:31:01,2021,2021
utilities-line-50k,Utilities Line - 50k,0,0,0,0,3,data,geomatics-yukon,2016-06-09T21:51:13,2021-11-18T19:44:16,2016,2021
yukon-community-libraries-facilities-review,Yukon Community Libraries Facilities Review,0,0,0,0,1,information,community-services,2021-11-18T17:16:05,2021-11-18T17:26:30,2021,2021
designated-access-officer-toolkit-for-statutory-and-non-statutory-public-bodies,Designated Access Officer Toolkit for Statutory and Non-Statutory Public Bodies,0,0,0,0,1,information,atipp-office,2021-03-05T15:03:03,2021-11-08T00:13:02,2021,2021
faq-for-access-information-registry,FAQ for Access Information Registry,0,0,0,0,1,information,atipp-office,2021-11-03T10:15:34,2021-11-03T10:17:45,2021,2021
yukon-placer-mining-industry-2018-to-2020,Yukon Placer Mining Industry 2018 to 2020,0,0,0,0,2,information,yukon-geological-survey,2021-10-22T09:10:02,2021-10-22T09:10:02,2021,2021
atipp-request-access-requests-privacy-2019,"ATIPP request, Access Requests, Privacy 2019",0,0,0,0,12,information,atipp-office,2021-03-05T14:35:10,2021-10-04T10:19:36,2021,2021
personal-use-fuelwood-areas-50k,Personal Use Fuelwood Areas - 50k,0,0,0,0,3,data,geomatics-yukon,2018-07-19T19:08:38,2021-09-20T17:46:29,2018,2021
oceans-1m,Oceans - 1M,0,0,0,0,3,data,geomatics-yukon,2016-06-10T17:49:30,2021-09-20T17:45:26,2016,2021
crown-grants-50k,Crown grants - 50k,0,0,0,1,3,data,geomatics-yukon,2019-11-22T21:45:33,2021-09-20T17:40:51,2019,2021
quartz-mining-licences-50k,Quartz mining licences - 50k,0,0,0,0,3,data,geomatics-yukon,2019-11-22T21:37:39,2021-09-20T17:40:11,2019,2021
forestry-resource-roads-50k,Forestry Resource Roads - 50k,0,0,0,0,3,data,geomatics-yukon,2020-05-28T16:50:06,2021-09-20T17:38:55,2020,2021
327b-privacy-breach-notification-template-mpb,32(7)(b) Privacy Breach Notification Template MPB,0,0,0,0,1,information,atipp-office,2021-03-05T15:02:58,2021-09-13T09:41:20,2021,2021
32-designated-privacy-officer-breach-reporting-form-mpb,32 Designated Privacy Officer Breach Reporting Form MPB,0,0,0,0,1,information,atipp-office,2021-03-05T15:02:34,2021-09-03T23:29:13,2021,2021
analysis-of-remote-sensing-and-geographic-information-system-technologies-to-enhance-geological,"Analysis of Remote Sensing and Geographic Information System Technologies to Enhance Geological Mapping in Eagle Plain, Northern Yukon",0,0,0,0,1,information,yukon-geological-survey,2021-09-01T12:09:14,2021-09-01T12:09:14,2021,2021
guidance-for-requesting-an-extension-section-622ai,Guidance for Requesting an Extension: Section 62(2)(a)(i),0,0,0,0,1,information,atipp-office,2021-09-01T11:12:02,2021-09-01T11:22:27,2021,2021
the-petrology-and-alteration-of-the-mount-nansen-porphyry-stock-and-adjacent-rocks-near-carmack,"The petrology and alteration of the Mount Nansen porphyry stock and adjacent rocks, near Carmacks, Yukon Territory",0,0,0,0,2,information,yukon-geological-survey,2021-08-25T02:08:31,2021-08-25T02:08:31,2021,2021
mineralogy-of-some-heavy-sands-of-the-mcquesten-river-area-yt,"Mineralogy of some heavy sands of the McQuesten River area, YT",0,0,0,0,2,information,yukon-geological-survey,2021-08-24T11:08:51,2021-08-24T11:08:51,2021,2021
communiques-de-presse-2015,Communiqués de presse 2015,0,0,0,0,387,information,executive-council-office,2020-03-30T17:38:55,2021-07-30T09:28:37,2020,2021
yukon-government-tender-forecast,Yukon Government Tender Forecast,0,0,0,0,1,data,procurement-support-centre,2021-07-22T16:19:33,2021-07-27T14:55:14,2021,2021
yukon-government-closed-tenders,Yukon Government Closed Tenders,0,0,0,0,1,data,procurement-support-centre,2019-06-17T14:52:33,2021-07-26T12:48:20,2019,2021
yukon-government-open-tenders,Yukon Government Open Tenders,0,8,0,0,1,data,procurement-support-centre,2021-07-22T16:07:53,2021-07-26T09:13:24,2021,2021
a-long-term-record-of-early-to-mid-paleozoic-marine-redox-change,A long-term record of early to mid-Paleozoic marine redox change,0,0,0,0,2,information,yukon-geological-survey,2021-07-20T11:07:26,2021-07-20T11:07:26,2021,2021
whole-rock-geochemistry-of-samples-from-carlin-type-gold-zones-nadaleen-trend-yukon,"Whole-rock geochemistry of samples from Carlin-type gold zones, Nadaleen trend, Yukon",0,0,0,0,2,information,yukon-geological-survey,2021-07-20T10:07:24,2021-07-20T10:07:24,2021,2021
resources-for-statutory-officers,Resources for statutory officers,0,0,0,0,1,information,atipp-office,2021-07-08T11:20:15,2021-07-08T11:21:01,2021,2021
atipp-annual-report-apr-2013-mar-2014,ATIPP Annual Report Apr 2013 - Mar 2014,0,0,0,0,0,information,atipp-office,2021-04-27T12:40:25,2021-07-06T18:05:11,2021,2021
cmoh-covid-19-guidelines-and-letters,CMOH COVID-19 Guidelines and Letters,0,0,0,0,1,information,health-and-social-services,2021-06-23T19:17:03,2021-07-06T18:04:41,2021,2021
dpo-toolkit-may-2021-pb,DPO Toolkit May 2021 PB,0,0,0,0,1,information,atipp-office,2021-05-18T17:21:10,2021-07-06T18:04:41,2021,2021
guidance-on-extensions-for-access-to-information-requests,Guidance on Extensions for Access to Information Requests,0,0,0,0,1,information,atipp-office,2021-05-05T09:31:51,2021-07-06T18:04:41,2021,2021
yukon-corrections-yukon-community-corrections-policy-manual,Yukon Corrections: Yukon Community Corrections Policy Manual,0,0,0,0,1,information,justice,2021-05-28T13:19:45,2021-07-06T18:04:41,2021,2021
atipp-annual-report-apr-2014-mar-2015,ATIPP Annual Report Apr 2014 - Mar 2015,0,0,0,0,0,information,atipp-office,2021-04-27T12:40:28,2021-07-06T18:04:41,2021,2021
atipp-annual-report-apr-2015-mar-2016,ATIPP Annual Report Apr 2015 - Mar 2016,0,0,0,0,0,information,atipp-office,2021-04-27T12:40:31,2021-07-06T18:04:41,2021,2021
42-fees-for-copies-template-mpb,42 Fees for Copies Template MPB,0,0,0,0,1,information,atipp-office,2021-03-26T20:05:17,2021-07-06T18:03:09,2021,2021
452aiii-disclosure-of-applicant-information-consent-form,45(2)(a)(iii) Disclosure of Applicant Information Consent Form,0,0,0,0,1,information,atipp-office,2021-03-26T19:54:10,2021-07-06T18:03:09,2021,2021
53-access-information-summary-pb,53 Access Information Summary PB,0,0,0,0,1,information,atipp-office,2021-03-26T20:10:55,2021-07-06T18:03:09,2021,2021
541-eoc-for-class-a-pi-request-10-free-hours,54(1) EoC for Class A PI Request (10 free hours),0,0,0,0,1,information,atipp-office,2021-03-26T19:54:12,2021-07-06T18:03:09,2021,2021
541-eoc-for-class-a-pi-request-5-free-hours,54(1) EoC for Class A PI Request (5 free hours),0,0,0,0,1,information,atipp-office,2021-03-26T19:54:15,2021-07-06T18:03:09,2021,2021
541-eoc-for-non-class-a-pi-request-3-free-hours,54(1) EoC for Non-Class A PI Request (3 free hours),0,0,0,0,1,information,atipp-office,2021-03-26T19:54:17,2021-07-06T18:03:09,2021,2021
58-notification-of-abandonment,58 Notification of Abandonment,0,0,0,0,1,information,atipp-office,2021-03-26T19:54:20,2021-07-06T18:03:09,2021,2021
641-forwardng-heads-response-to-access-request,64(1) Forwardng Head's Response to Access Request,0,0,0,0,1,information,atipp-office,2021-03-26T19:54:22,2021-07-06T18:03:09,2021,2021
atipp-checklist-for-prescribed-public-bodies,ATIPP Checklist for Prescribed Public Bodies,0,0,0,0,1,information,atipp-office,2021-03-31T11:35:18,2021-07-06T18:03:09,2021,2021
guidance-on-safeguarding-information-assets,Guidance on Safeguarding Information Assets,0,0,0,0,1,information,atipp-office,2021-03-31T11:35:14,2021-07-06T18:03:09,2021,2021
ministerial-public-body-responsibilities-and-functions,Ministerial public body responsibilities and functions,0,0,0,0,1,information,atipp-office,2021-03-31T21:10:56,2021-07-06T18:03:09,2021,2021
information-notes-622b-request-to-an-applicant-for-time-extension,Information Notes - 62(2)(b) Request to an Applicant for Time Extension,0,0,0,0,1,information,atipp-office,2021-03-05T15:03:17,2021-07-06T18:03:09,2021,2021
privacy-complaint-policy,Privacy Complaint Policy,0,0,0,0,1,information,atipp-office,2021-03-31T11:35:16,2021-07-06T18:03:09,2021,2021
atipp-annual-report-apr-2009-mar-2010,ATIPP Annual Report Apr 2009 - Mar 2010,0,0,0,0,0,information,atipp-office,2021-04-27T12:39:18,2021-07-06T18:03:09,2021,2021
atipp-annual-report-apr-2012-mar-2013,ATIPP Annual Report Apr 2012 - Mar 2013,0,0,0,0,0,information,atipp-office,2021-04-27T12:40:22,2021-07-06T18:03:09,2021,2021
atipp-annual-report-apr-2010-mar-2011,ATIPP Annual Report Apr 2010 - Mar 2011,0,0,0,0,0,information,atipp-office,2021-04-27T12:40:18,2021-07-06T18:03:09,2021,2021
atipp-annual-report-apr-2011-mar-2012,ATIPP Annual Report Apr 2011 - Mar 2012,0,0,0,0,0,information,atipp-office,2021-04-27T12:40:20,2021-07-06T18:03:09,2021,2021
1181c-statutory-declaration-for-guardian,118(1)(c) Statutory Declaration for Guardian,0,0,0,0,1,information,atipp-office,2021-03-05T15:03:53,2021-07-06T18:02:01,2021,2021
13-unauthorized-collection-reporting-form-for-employees-mpb,13 Unauthorized Collection Reporting Form for Employees MPB,0,0,0,0,1,information,atipp-office,2021-03-05T15:03:29,2021-07-06T18:02:01,2021,2021
13-unauthorized-collection-reporting-form-for-employees-pb,13 Unauthorized Collection Reporting Form for Employees PB,0,0,0,0,1,information,atipp-office,2021-03-05T15:03:39,2021-07-06T18:02:01,2021,2021
352-correction-decision-notification-to-individual-mpb,35(2) Correction Decision Notification to Individual MPB,0,0,0,0,1,information,atipp-office,2021-03-05T15:03:21,2021-07-06T18:02:01,2021,2021
352-correction-decision-notification-to-individual-pb,35(2) Correction Decision Notification to Individual PB,0,0,0,0,1,information,atipp-office,2021-03-05T15:03:25,2021-07-06T18:02:01,2021,2021
871a-designation-form-privacy-officer-dpo-pb,87(1)(a) Designation Form Privacy Officer DPO PB,0,0,0,0,1,information,atipp-office,2021-03-05T15:03:21,2021-07-06T18:02:01,2021,2021
871a-designation-form-privacy-officer-mpb,87(1)(a) Designation Form Privacy Officer MPB,0,0,0,0,1,information,atipp-office,2021-03-05T15:03:29,2021-07-06T18:02:01,2021,2021
871b-designation-form-access-and-privacy-officer-dapo-pb,87(1)(b) Designation Form Access and Privacy Officer DAPO PB,0,0,0,0,1,information,atipp-office,2021-03-05T15:03:39,2021-07-06T18:02:01,2021,2021
agreement-for-access-to-personal-information-for-research-or-statistical-purposes-template-pb,Agreement for Access to Personal Information for Research or Statistical Purposes Template PB,0,0,0,0,1,information,atipp-office,2021-03-05T15:03:29,2021-07-06T18:02:01,2021,2021
31-privacy-breach-reporting-form-for-employees-pb,31 Privacy Breach Reporting Form for Employees PB,0,0,0,0,1,information,atipp-office,2021-03-05T15:03:29,2021-07-06T18:02:01,2021,2021
information-note-46-and-48-guidance-on-clarification,Information Note - 46 and 48 Guidance on Clarification,0,0,0,0,1,information,atipp-office,2021-03-26T14:14:20,2021-07-06T18:02:01,2021,2021
information-notes-45-confidentiality,Information Notes - 45 Confidentiality,0,0,0,0,1,information,atipp-office,2021-03-05T15:03:39,2021-07-06T18:02:01,2021,2021
information-notes-481b-refusal-of-access-request,Information Notes - 48(1)(b) Refusal of Access Request,0,0,0,0,1,information,atipp-office,2021-03-05T15:03:21,2021-07-06T18:02:01,2021,2021
information-notes-acting-on-behalf-of-an-individual,Information Notes - Acting on Behalf of an Individual,0,0,0,0,1,information,atipp-office,2021-03-05T15:03:53,2021-07-06T18:02:01,2021,2021
information-notes-third-parties,Information Notes - Third Parties,0,0,0,0,1,information,atipp-office,2021-03-05T15:03:25,2021-07-06T18:02:01,2021,2021
information-sharing-agreement-amendment-template-mpb,Information Sharing Agreement Amendment Template MPB,0,0,0,0,1,information,atipp-office,2021-03-05T15:03:39,2021-07-06T18:02:01,2021,2021
information-sharing-agreement-amendment-template-pb,Information Sharing Agreement Amendment Template PB,0,0,0,0,1,information,atipp-office,2021-03-05T15:03:25,2021-07-06T18:02:01,2021,2021
research-agreement-proposal-template-pb,Research Agreement Proposal Template PB,0,0,0,0,1,information,atipp-office,2021-03-05T15:03:39,2021-07-06T18:02:01,2021,2021
research-proposal-notification-template-pb,Research Proposal Notification Template PB,0,0,0,0,1,information,atipp-office,2021-03-05T15:03:21,2021-07-06T18:02:01,2021,2021
information-notes-55-waiver-of-fees,Information Notes - 55 Waiver of Fees,0,0,0,0,1,information,atipp-office,2021-03-05T15:03:29,2021-07-06T18:02:01,2021,2021
research-agreement-proposal-template-mpb,Research Agreement Proposal Template MPB,0,0,0,0,1,information,atipp-office,2021-03-05T15:03:25,2021-07-06T18:02:01,2021,2021
871b-designation-form-access-officer-mpb,87(1)(b) Designation Form Access Officer MPB,0,0,0,0,1,information,atipp-office,2021-03-05T15:02:28,2021-07-06T18:02:01,2021,2021
88c-designation-form-all-power-and-duties-of-head-mpb,88(c) Designation Form All Power and Duties of Head MPB,0,0,0,0,1,information,atipp-office,2021-03-05T15:03:25,2021-07-06T18:02:01,2021,2021
1181b-statutory-declaration-power-of-attorney,118(1)(b) Statutory Declaration Power of Attorney,0,0,0,0,1,information,atipp-office,2021-03-05T15:03:13,2021-07-06T18:01:34,2021,2021
353-public-body-correction-notification-pb,35(3) Public Body Correction Notification PB,0,0,0,0,1,information,atipp-office,2021-03-05T15:02:58,2021-07-06T18:01:34,2021,2021
591ai-third-party-access-notification-mpb,59(1)(a)(i) Third Party Access Notification MPB,0,0,0,0,1,information,atipp-office,2021-03-05T15:03:17,2021-07-06T18:01:34,2021,2021
591ai-third-party-access-notification-pb,59(1)(a)(i) Third Party Access Notification PB,0,0,0,0,1,information,atipp-office,2021-03-05T15:03:13,2021-07-06T18:01:34,2021,2021
601b-third-party-decision-to-grant-access-notification-pb,60(1)(b) Third Party Decision to Grant Access Notification PB,0,0,0,0,1,information,atipp-office,2021-03-05T15:02:58,2021-07-06T18:01:34,2021,2021
622a-notice-of-time-extension-approval-by-apo,62(2)(a) Notice of Time Extension Approval by APO,0,0,0,0,1,information,atipp-office,2021-03-05T15:03:03,2021-07-06T18:01:34,2021,2021
622b-time-extension-request-to-applicant-template,62(2)(b) Time Extension Request to Applicant Template,0,0,0,0,1,information,atipp-office,2021-03-05T15:03:08,2021-07-06T18:01:34,2021,2021
access-to-information-pamphlet,Access to Information Pamphlet,0,0,0,0,1,information,atipp-office,2021-03-05T15:03:13,2021-07-06T18:01:34,2021,2021
25xi-law-enforcement-disclosure-of-video-surveillance-template-mpb,25(xi) Law Enforcement Disclosure of Video Surveillance Template MPB,0,0,0,0,1,information,atipp-office,2021-03-05T15:03:13,2021-07-06T18:01:34,2021,2021
information-notes-601a-decision-to-release,Information Notes - 60(1)(a) Decision to Release,0,0,0,0,1,information,atipp-office,2021-03-05T15:03:17,2021-07-06T18:01:34,2021,2021
information-sharing-agreement-tracking-log-mpb,Information Sharing Agreement Tracking Log MPB,0,0,0,0,1,information,atipp-office,2021-03-05T15:03:13,2021-07-06T18:01:34,2021,2021
information-sharing-agreement-tracking-log-pb,Information Sharing Agreement Tracking Log PB,0,0,0,0,1,information,atipp-office,2021-03-05T15:02:58,2021-07-06T18:01:34,2021,2021
statutory-and-non-statutory-public-body-heads-toolkits,Statutory and Non-Statutory Public Body Heads Toolkits,0,0,0,0,1,information,atipp-office,2021-03-05T15:03:08,2021-07-06T18:01:34,2021,2021
privacy-breach-reporting-guidance-for-employees,Privacy Breach Reporting Guidance for Employees,0,0,0,0,1,information,atipp-office,2021-03-05T15:03:08,2021-07-06T18:01:34,2021,2021
resources-for-prescribed-public-bodies-pamphlet,Resources for Prescribed Public Bodies Pamphlet,0,0,0,0,1,information,atipp-office,2021-03-05T15:03:17,2021-07-06T18:01:34,2021,2021
research-proposal-notification-template-mpb,Research Proposal Notification Template MPB,0,0,0,0,1,information,atipp-office,2021-03-05T15:02:53,2021-07-06T18:01:34,2021,2021
871b-designation-form-access-officer-dao-pb,87(1)(b) Designation Form Access Officer DAO PB,0,0,0,0,1,information,atipp-office,2021-03-05T15:03:03,2021-07-06T18:01:34,2021,2021
atipp-interpretation-manual-chapter-4,ATIPP Interpretation Manual Chapter 4,0,0,0,0,1,information,atipp-office,2021-03-05T15:02:53,2021-07-06T18:01:34,2021,2021
atipp-interpretation-manual-chapter-7,ATIPP Interpretation Manual Chapter 7,0,0,0,0,1,information,atipp-office,2021-03-05T15:03:08,2021-07-06T18:01:34,2021,2021
1181d-statutory-declaration-for-executors-and-administrators,118(1)(d) Statutory Declaration for Executors and Administrators,0,0,0,0,1,information,atipp-office,2021-03-05T15:02:40,2021-07-06T18:00:57,2021,2021
1181e-statutory-declaration-for-parent-of-minor,118(1)(e) Statutory Declaration for Parent of Minor,0,0,0,0,1,information,atipp-office,2021-03-05T15:02:34,2021-07-06T18:00:57,2021,2021
32-designated-privacy-officer-breach-reporting-form-pb,32 Designated Privacy Officer Breach Reporting Form PB,0,0,0,0,1,information,atipp-office,2021-03-05T15:02:34,2021-07-06T18:00:57,2021,2021
581-notification-of-abandonment,58(1) Notification of Abandonment,0,0,0,0,1,information,atipp-office,2021-03-05T15:02:48,2021-07-06T18:00:57,2021,2021
601b-third-party-decision-to-grant-access-notification-mpb,60(1)(b) Third Party Decision to Grant Access Notification MPB,0,0,0,0,1,information,atipp-office,2021-03-05T15:02:40,2021-07-06T18:00:57,2021,2021
631-time-extension-request-to-ipc-mpb,63(1) Time Extension Request to IPC MPB,0,0,0,0,1,information,atipp-office,2021-03-05T15:02:53,2021-07-06T18:00:57,2021,2021
631-time-extension-request-to-ipc-pb,63(1) Time Extension Request to IPC PB,0,0,0,0,1,information,atipp-office,2021-03-05T15:02:48,2021-07-06T18:00:57,2021,2021
information-notes-17-direct-or-indirect-consent,Information Notes - 17 Direct or Indirect Consent,0,0,0,0,1,information,atipp-office,2021-03-05T15:07:32,2021-07-06T18:00:57,2021,2021
information-notes-22-and-35-accuracy-and-retention-of-personal-information,Information Notes - 22 and 35 Accuracy and Retention of Personal Information,0,0,0,0,1,information,atipp-office,2021-03-05T15:02:48,2021-07-06T18:00:57,2021,2021
information-notes-581-abandonment-notice,Information Notes - 58(1) Abandonment Notice,0,0,0,0,1,information,atipp-office,2021-03-05T15:02:40,2021-07-06T18:00:57,2021,2021
information-notes-59-third-party-objections,Information Notes - 59 Third Party Objections,0,0,0,0,1,information,atipp-office,2021-03-05T15:02:48,2021-07-06T18:00:57,2021,2021
notice-of-withdrawn-access-request,Notice of Withdrawn Access Request,0,0,0,0,1,information,atipp-office,2021-03-05T15:02:44,2021-07-06T18:00:57,2021,2021
protection-of-privacy-pamphlet,Protection of Privacy Pamphlet,0,0,0,0,1,information,atipp-office,2021-03-05T15:02:40,2021-07-06T18:00:57,2021,2021
atipp-interpretation-manual-chapter-5,ATIPP Interpretation Manual Chapter 5,0,0,0,0,1,information,atipp-office,2021-03-05T15:02:53,2021-07-06T18:00:57,2021,2021
88c-designation-form-all-power-and-duties-of-head-pb,88(c) Designation Form All Power and Duties of Head PB,0,0,0,0,1,information,atipp-office,2021-03-05T15:02:44,2021-07-06T18:00:57,2021,2021
information-sharing-agreement-template-pb,Information Sharing Agreement Template PB,0,0,0,0,1,information,atipp-office,2021-03-05T15:02:44,2021-07-06T18:00:57,2021,2021
atipp-interpretation-manual-chapter-6,ATIPP Interpretation Manual Chapter 6,0,0,0,0,1,information,atipp-office,2021-03-05T15:02:44,2021-07-06T18:00:57,2021,2021
17-collection-notice-checklist-pb,17 Collection Notice Checklist PB,0,0,0,0,1,information,atipp-office,2021-03-05T15:02:40,2021-07-06T18:00:57,2021,2021
concordance-table,Concordance Table,0,0,0,0,1,information,atipp-office,2021-03-05T15:02:28,2021-07-06T18:00:57,2021,2021
1181e-statutory-declaration-for-parent-with-joint-custody-of-a-minor,118(1)(e) Statutory Declaration for Parent with Joint Custody of a Minor,0,0,0,0,1,information,atipp-office,2021-03-05T15:02:12,2021-07-06T17:59:28,2021,2021
353-public-body-correction-notification-mpb,35(3) Public Body Correction Notification MPB,0,0,0,0,1,information,atipp-office,2021-03-05T15:02:22,2021-07-06T17:59:28,2021,2021
471-response-to-access-request-acceptance,47(1) Response to Access Request - Acceptance,0,0,0,0,1,information,atipp-office,2021-03-05T15:02:16,2021-07-06T17:59:28,2021,2021
481bi-refused-by-apo-notification-template,48(1)(b)(i) Refused by APO Notification Template,0,0,0,0,1,information,atipp-office,2021-03-05T15:02:22,2021-07-06T17:59:28,2021,2021
601a-third-party-access-applicant-notification-mpb,60(1)(a) Third Party Access Applicant Notification MPB,0,0,0,0,1,information,atipp-office,2021-03-05T15:02:12,2021-07-06T17:59:28,2021,2021
601a-third-party-access-applicant-notification-pb,60(1)(a) Third Party Access Applicant Notification PB,0,0,0,0,1,information,atipp-office,2021-03-05T15:02:12,2021-07-06T17:59:28,2021,2021
atipp-request-access-requests-privacy-2017,"ATIPP request, Access Requests, Privacy 2017",0,0,0,0,5,information,atipp-office,2021-03-05T14:35:10,2021-07-06T17:59:28,2021,2021
atipp-request-access-requests-privacy-2018,"ATIPP request, Access Requests, Privacy 2018",0,0,0,0,12,information,atipp-office,2021-03-05T14:35:10,2021-07-06T17:59:28,2021,2021
25xi-law-enforcement-surveillance-viewing-log-template-mpb,25(xi) Law Enforcement Surveillance Viewing Log Template MPB,0,0,0,0,1,information,atipp-office,2021-03-05T15:02:16,2021-07-06T17:59:28,2021,2021
information-notes-442-assisting-applicants,Information Notes - 44(2) Assisting Applicants,0,0,0,0,1,information,atipp-office,2021-03-05T15:02:22,2021-07-06T17:59:28,2021,2021
information-notes-591aii-third-party-consultation-applicant,Information Notes - 59(1)(a)(ii) Third Party Consultation - Applicant,0,0,0,0,1,information,atipp-office,2021-03-05T15:02:28,2021-07-06T17:59:28,2021,2021
information-notes-must-vs-may,Information Notes - Must vs. May,0,0,0,0,1,information,atipp-office,2021-03-05T15:02:28,2021-07-06T17:59:28,2021,2021
agreement-for-access-to-personal-information-for-research-or-statistical-purposes-template-mpb,Agreement for Access to Personal Information for Research or Statistical Purposes Template MPB,0,0,0,0,1,information,atipp-office,2021-03-05T15:02:16,2021-07-06T17:59:28,2021,2021
atipp-interpretation-manual-chapter-8,ATIPP Interpretation Manual Chapter 8,0,0,0,0,1,information,atipp-office,2021-03-05T15:02:12,2021-07-06T17:59:28,2021,2021
communiques-de-presse-2016,Communiqués de presse 2016,0,0,0,0,361,information,executive-council-office,2020-03-30T17:34:06,2021-07-06T17:05:01,2020,2021
communiques-de-presse-2017,Communiqués de presse 2017,0,0,0,0,275,information,executive-council-office,2020-06-29T12:52:34,2021-07-06T17:05:01,2020,2021
communiques-de-presse-2009,Communiqués de presse 2009,0,0,0,0,60,information,executive-council-office,2020-03-30T17:32:45,2021-07-06T17:05:01,2020,2021
communiques-de-presse-2010,Communiqués de presse 2010,0,0,0,0,28,information,executive-council-office,2020-03-30T17:32:45,2021-07-06T17:05:01,2020,2021
communiques-de-presse-2011,Communiqués de presse 2011,0,0,0,0,184,information,executive-council-office,2020-03-30T17:27:35,2021-07-06T17:05:01,2020,2021
communiques-de-presse-2012,Communiqués de presse 2012,0,0,0,0,252,information,executive-council-office,2020-03-30T17:48:34,2021-07-06T17:05:01,2020,2021
communiques-de-presse-2013,Communiqués de presse 2013,0,0,0,0,330,information,executive-council-office,2020-06-29T12:21:39,2021-07-06T17:05:01,2020,2021
communiques-de-presse-2014,Communiqués de presse 2014,0,0,0,0,307,information,executive-council-office,2020-03-30T17:44:00,2021-07-06T17:05:01,2020,2021
news-releases-2014,News releases 2014,0,0,0,0,305,information,executive-council-office,2020-03-27T17:22:49,2021-07-06T17:05:01,2020,2021
news-releases-2015,News releases 2015,0,0,0,0,387,information,executive-council-office,2020-03-27T16:49:06,2021-07-06T17:05:01,2020,2021
news-releases-2017,News releases 2017,0,0,0,0,274,information,executive-council-office,2020-03-27T17:13:35,2021-07-06T17:05:01,2020,2021
news-releases-2012,News releases 2012,0,0,0,128,253,information,executive-council-office,2020-03-27T17:04:24,2021-07-06T17:05:01,2020,2021
news-releases-2010,News releases 2010,0,0,0,0,228,information,executive-council-office,2020-03-27T16:24:35,2021-07-06T16:48:11,2020,2021
news-releases-2011,News releases 2011,0,0,0,0,181,information,executive-council-office,2020-03-27T16:15:45,2021-07-06T16:48:11,2020,2021
news-releases-2013,News releases 2013,0,0,0,0,322,information,executive-council-office,2020-03-27T16:19:35,2021-07-06T16:48:11,2020,2021
yukon-mineral-deposits-summary-2020,Yukon Mineral Deposits Summary 2020,0,0,0,0,2,information,yukon-geological-survey,2021-06-23T03:06:09,2021-06-23T03:06:09,2021,2021
revised-geological-map-of-mount-nansen-area-nts-115i-3-and-part-of-115i-2,Revised geological map of Mount Nansen area (NTS 115I/3 and part of 115I/2),0,0,0,0,2,information,yukon-geological-survey,2021-06-18T09:06:10,2021-06-18T09:06:10,2021,2021
using-machine-learning-to-categorize-mineral-potential-and-quantify-the-opportunity-cost-of-lan,Using machine learning to categorize mineral potential and quantify the opportunity cost of land withdrawal alternatives,0,0,0,0,1,information,yukon-geological-survey,2021-06-01T08:06:09,2021-06-01T08:06:09,2021,2021
pre-mississippian-stratigraphic-architecture-of-the-porcupine-shear-zone-yukon-and-alaska-and-s,"Pre-Mississippian Stratigraphic Architecture of the Porcupine Shear Zone, Yukon and Alaska, and Significance in the Evolution of Northern Laurentia",0,0,0,0,2,information,yukon-geological-survey,2021-05-28T08:05:42,2021-05-28T08:05:42,2021,2021
taters-versus-sliders-evidence-for-a-long-lived-history-of-strike-slip-displacement-along-the-c,’Taters versus Sliders: Evidence for a Long-Lived History of Strike-Slip Displacement along the Canadian Arctic Transform System (CATS),0,0,0,0,2,information,yukon-geological-survey,2021-05-10T11:05:08,2021-05-10T11:05:08,2021,2021
late-devonian-magmatism-and-clastic-deposition-in-the-upper-earn-group-central-yukon-canada-mar,"Late Devonian magmatism and clastic deposition in the upper Earn Group (central Yukon, Canada) mark the transition from passive to active margin along western Laurentia",0,0,0,0,1,information,yukon-geological-survey,2021-04-30T11:04:43,2021-04-30T11:04:43,2021,2021
greater-whitehorse-area-permafrost-characterization,Greater Whitehorse area permafrost characterization,0,0,0,0,4,information,yukon-geological-survey,2021-04-26T08:04:31,2021-04-26T08:04:31,2021,2021
trapping-concessions-250k,Trapping Concessions - 250k,0,0,0,0,3,data,geomatics-yukon,2016-06-09T17:19:26,2021-04-09T19:28:07,2016,2021
territorial-provincial-borders-1m,Territorial provincial borders - 1M,0,2,0,0,3,data,geomatics-yukon,2016-05-13T16:05:38,2021-04-09T19:27:36,2016,2021
wetlands-10k,Wetlands - 10k,0,0,0,0,3,data,geomatics-yukon,2018-10-22T20:52:17,2021-04-09T19:26:22,2018,2021
yesaa-assessment-districts-250k,YESAA Assessment Districts - 250k,0,0,0,0,3,data,geomatics-yukon,2016-06-01T20:16:48,2021-04-09T19:24:36,2016,2021
broad-ecosystem-units-west-central-region,Broad Ecosystem Units - West Central Region,0,0,0,0,3,data,geomatics-yukon,2020-04-16T14:03:46,2021-04-09T19:22:53,2020,2021
biophysical-plots,Biophysical plots,0,0,0,1,3,data,geomatics-yukon,2019-04-17T22:01:45,2021-04-09T19:21:59,2019,2021
contaminated-sites,Contaminated Sites,0,2,0,0,3,data,geomatics-yukon,2019-05-29T16:32:01,2021-04-09T19:21:04,2019,2021
ecoregions-2014-1m,Ecoregions 2014 - 1M,0,0,0,0,3,data,geomatics-yukon,2019-04-17T22:08:05,2021-04-09T19:20:23,2019,2021
keno-hill-mining-camp,Keno Hill Mining Camp,0,0,0,0,2,information,yukon-geological-survey,2021-03-26T02:03:14,2021-03-26T02:03:14,2021,2021
historic-silviculture-activities-50k,Historic silviculture activities - 50k,0,0,0,0,3,data,geomatics-yukon,2021-03-08T19:41:48,2021-03-14T20:43:10,2021,2021
late-neoproterozoic-early-paleozoic-basin-evolution-in-the-coal-creek-inlier-of-yukon-canada-im,"Late Neoproterozoic–early Paleozoic basin evolution in the Coal Creek inlier of Yukon, Canada: implications for the tectonic evolution of northwestern Laurentia",0,0,0,0,1,information,yukon-geological-survey,2021-03-10T09:03:33,2021-03-10T09:03:33,2021,2021
aggregate-potential-mapping-centred-on-yukon-communities-and-highway-corridors,Aggregate potential mapping centred on Yukon communities and highway corridors,0,0,0,1,2,information,yukon-geological-survey,2021-03-05T11:03:28,2021-03-05T11:03:28,2021,2021
drillhole-locations-250k,Drillhole Locations - 250k,0,0,0,0,3,data,geomatics-yukon,2021-02-22T19:39:56,2021-02-24T14:58:12,2021,2021
bedrock-geology-map-of-the-nadaleen-anubis-fault-corridor-eastern-rackla-belt-parts-of-106c-12,"Bedrock geology map of the Nadaleen-Anubis fault corridor, eastern Rackla belt (parts of 106C/1,2)",0,0,0,0,2,information,yukon-geological-survey,2021-02-02T09:02:08,2021-02-02T09:02:08,2021,2021
yukon-hard-rock-mining-development-and-exploration-overview-2020,"Yukon hard rock mining, development and exploration  overview 2020",0,0,0,0,2,information,yukon-geological-survey,2021-01-18T07:01:44,2021-01-18T07:01:44,2021,2021
yukon-geological-survey-2020-overview,Yukon Geological Survey 2020 overview,0,0,0,0,2,information,yukon-geological-survey,2021-01-18T07:01:22,2021-01-18T07:01:22,2021,2021
yukon-placer-mining-2020-development-and-exploration-overview,Yukon placer mining 2020 development and exploration overview,0,0,0,0,2,information,yukon-geological-survey,2021-01-18T07:01:21,2021-01-18T07:01:21,2021,2021
yukon-mineral-exploration-program-2020-update,Yukon Mineral Exploration Program 2020 update,0,0,0,0,2,information,yukon-geological-survey,2021-01-18T07:01:14,2021-01-18T07:01:14,2021,2021
surficial-geological-mapping-of-the-central-kluane-ranges-parts-of-nts-115g-1-2-3-7-and-115b-15,"Surficial geological mapping of the central Kluane Ranges (parts of NTS 115G/1, 2, 3, 7 and 115B/15, 16), southwestern Yukon",0,0,0,0,2,information,yukon-geological-survey,2021-01-18T03:01:26,2021-01-18T03:01:26,2021,2021
new-geochemistry-from-old-drill-holes-at-the-tom-property-macmillan-pass-yukon,"New geochemistry from old drill holes at the Tom property, Macmillan Pass, Yukon",0,0,0,0,3,information,yukon-geological-survey,2021-01-18T02:01:58,2021-01-18T02:01:58,2021,2021
update-on-the-bedrock-geology-of-the-rusty-mountain-area-southern-wernecke-mountains-yukon-part,"Update on the bedrock geology of the Rusty Mountain area, southern Wernecke Mountains, Yukon (parts of NTS 106C/4, 5, 12 and 106D/1, 8)",0,0,0,0,2,information,yukon-geological-survey,2021-01-18T02:01:42,2021-01-18T02:01:42,2021,2021
updated-geology-of-the-clark-lakes-area-in-central-yukon-parts-of-106d-2-3-6-and-7,"Updated geology of the Clark Lakes area in central Yukon (parts of 106D/2, 3, 6 and 7)",0,0,0,0,2,information,yukon-geological-survey,2021-01-18T02:01:39,2021-01-18T02:01:39,2021,2021
the-geometry-and-kinematic-history-of-cordilleran-deformation-at-the-howards-pass-shale-hosted-,"The geometry and kinematic history of Cordilleran deformation at the Howard’s Pass shale-hosted massive sulphide deposit, Yukon: 1st year progress report",0,0,0,0,2,information,yukon-geological-survey,2021-01-18T02:01:25,2021-01-18T02:01:25,2021,2021
structural-geology-of-the-eastern-richardson-mountains-yukon-and-northwest-territories-some-fie,"Structural geology of the eastern Richardson Mountains, Yukon and Northwest Territories: Some field observations and a note of caution for palinspastic reconstructions",0,0,0,0,2,information,yukon-geological-survey,2021-01-18T02:01:17,2021-01-18T02:01:17,2021,2021
preliminary-investigation-of-geological-controls-on-radon-concentration-in-surficial-sedi-11-14,"Preliminary investigation of geological controls on radon concentration in surficial sediment in Whitehorse, Yukon  (NTS 105D/11, 14)",0,0,0,0,3,information,yukon-geological-survey,2021-01-18T02:01:03,2021-01-18T02:01:03,2021,2021
flight-lines-2011-to-current,Flight lines 2011 to current,0,0,0,0,3,data,geomatics-yukon,2019-11-01T18:29:31,2021-01-08T16:52:20,2019,2021
photo-locations-2011-to-current,Photo locations 2011 to current,0,0,0,0,3,data,geomatics-yukon,2019-11-01T18:21:47,2021-01-08T16:51:46,2019,2021
flight-lines-2001-to-2010,Flight Lines 2001 to 2010,0,0,0,0,3,data,geomatics-yukon,2016-06-14T21:01:21,2021-01-08T16:51:17,2016,2021
air-photo-locations-2001-to-2010,Air photo locations 2001 to 2010,0,0,0,0,3,data,geomatics-yukon,2016-06-14T20:58:34,2021-01-08T16:50:49,2016,2021
flight-lines-1991-to-2000,Flight Lines 1991 to 2000,0,0,0,0,3,data,geomatics-yukon,2016-06-14T21:06:43,2021-01-08T16:50:04,2016,2021
air-photo-locations-1991-to-2000,Air photo locations 1991 to 2000,0,0,0,0,3,data,geomatics-yukon,2016-06-14T21:04:06,2021-01-08T16:49:39,2016,2021
flight-lines-1981-to-1990,Flight Lines 1981 to 1990,0,0,0,0,3,data,geomatics-yukon,2016-06-14T21:10:24,2021-01-08T16:49:10,2016,2021
air-photo-locations-1981-to-1990,Air photo locations 1981 to 1990,0,0,0,0,3,data,geomatics-yukon,2016-06-14T21:08:39,2021-01-08T16:48:41,2016,2021
flight-lines-1971-to-1980,Flight Lines 1971 to 1980,0,0,0,0,3,data,geomatics-yukon,2016-06-14T21:14:51,2021-01-08T16:48:06,2016,2021
air-photo-locations-1971-to-1980,Air photo locations 1971 to 1980,0,0,0,0,3,data,geomatics-yukon,2016-06-14T21:12:28,2021-01-08T16:47:41,2016,2021
flight-lines-1961-to-1970,Flight Lines 1961 to 1970,0,0,0,0,3,data,geomatics-yukon,2016-06-14T21:18:34,2021-01-08T16:47:11,2016,2021
air-photo-locations-1951-to-1960,Air photo locations 1951 to 1960,0,0,0,0,3,data,geomatics-yukon,2016-07-17T01:06:20,2021-01-08T16:44:30,2016,2021
flight-lines-1951-to-1960,Flight Lines 1951 to 1960,0,0,0,0,3,data,geomatics-yukon,2016-06-14T21:22:23,2021-01-08T16:42:47,2016,2021
photo-locations-1951-to-1960,Photo Locations 1951 to 1960,0,0,0,0,3,data,geomatics-yukon,2016-06-14T21:20:45,2021-01-08T16:42:12,2016,2021
flight-lines-1946-to-1950,Flight Lines 1946 to 1950,0,0,0,0,3,data,geomatics-yukon,2016-06-14T21:26:14,2021-01-08T16:41:39,2016,2021
macroscopic-control-on-carlin-type-gold-mineralization-in-north-central-yukon,Macroscopic control on Carlin-type gold mineralization in north-central Yukon,0,0,0,0,2,information,yukon-geological-survey,2021-01-07T11:01:53,2021-01-07T11:01:53,2021,2021
forest-inventory-label-additional-table,Forest Inventory Label Additional Table,0,0,0,0,3,data,geomatics-yukon,2016-06-14T17:35:20,2021-01-04T18:25:13,2016,2021
yukon-exploration-and-geology-2020,Yukon Exploration and Geology 2020,0,0,0,0,2,information,yukon-geological-survey,2021-01-04T08:01:27,2021-01-04T08:01:27,2021,2021
yukon-exploration-and-geology-overview-2020,Yukon Exploration and Geology Overview 2020,0,0,0,0,2,information,yukon-geological-survey,2021-01-04T08:01:08,2021-01-04T08:01:08,2021,2021
orv-trail-plans-50k,ORV Trail plans - 50k,0,0,0,0,3,data,geomatics-yukon,2020-12-22T15:49:19,2021-01-03T22:39:53,2020,2021
orv-management-areas-250k,ORV Management areas - 250k,0,0,0,0,3,data,geomatics-yukon,2020-12-22T15:48:45,2021-01-03T22:39:08,2020,2021
vegetation-inventory-field-plots-whitehorse-10k,Vegetation Inventory Field Plots - Whitehorse - 10k,0,0,0,0,3,data,geomatics-yukon,2016-06-14T17:13:30,2021-01-03T22:29:47,2016,2021
first-nation-heritage-sites,First Nation Heritage Sites,0,0,0,0,3,data,geomatics-yukon,2016-06-09T19:19:06,2021-01-03T22:25:48,2016,2021
oil-and-gas-seismic-lines,Oil and Gas Seismic Lines,0,0,0,0,3,data,geomatics-yukon,2016-06-10T21:00:14,2021-01-03T22:24:58,2016,2021
coal-leases-50k,Coal Leases - 50k,0,0,0,0,3,data,geomatics-yukon,2016-06-15T19:02:47,2021-01-03T22:24:09,2016,2021
hypsometry-1m,Hypsometry - 1M,0,0,0,0,3,data,geomatics-yukon,2016-06-09T19:46:42,2021-01-03T22:21:30,2016,2021
quartz-leases-50k,Quartz Leases - 50k,0,0,0,0,3,data,geomatics-yukon,2016-06-15T18:38:14,2021-01-03T22:20:03,2016,2021
quartz-land-use-permits-50k,Quartz Land Use Permits - 50k,0,0,0,0,3,data,geomatics-yukon,2016-06-15T18:42:41,2021-01-03T22:19:19,2016,2021
quartz-staking-directions-50k,Quartz Staking Directions - 50k,0,0,0,0,3,data,geomatics-yukon,2016-06-15T18:40:32,2021-01-03T22:18:24,2016,2021
runways-25k,Runways - 25k,0,0,0,0,3,data,geomatics-yukon,2018-03-13T20:57:44,2021-01-03T22:17:39,2018,2021
runway-points-25k,Runway Points - 25k,0,0,0,0,3,data,geomatics-yukon,2018-03-13T20:48:53,2021-01-03T22:16:37,2018,2021
sedimentary-basins-250k,Sedimentary Basins - 250k,0,0,0,0,3,data,geomatics-yukon,2016-06-10T21:20:46,2021-01-03T22:15:41,2016,2021
sedimentary-extents-1m,Sedimentary Extents - 1M,0,0,0,0,3,data,geomatics-yukon,2016-06-10T21:18:54,2021-01-03T22:15:01,2016,2021
structural-culverts-25k,Structural Culverts - 25k,0,0,0,0,3,data,geomatics-yukon,2018-04-06T18:00:18,2021-01-03T22:14:14,2018,2021
quartz-claims-1m,Quartz Claims - 1M,0,0,0,0,3,data,geomatics-yukon,2016-06-15T18:31:53,2021-01-03T22:08:34,2016,2021
placer-watersheds-50k,Placer Watersheds - 50k,0,0,0,0,3,data,geomatics-yukon,2016-06-15T18:21:24,2021-01-03T22:07:39,2016,2021
placer-streams-250k,Placer Streams - 250k,0,0,0,0,3,data,geomatics-yukon,2016-06-15T18:15:58,2021-01-03T22:06:41,2016,2021
placer-leases-50k,Placer Leases - 50k,0,3,0,0,3,data,geomatics-yukon,2016-06-15T18:01:40,2021-01-03T22:05:57,2016,2021
placer-land-use-permits-50k,Placer Land Use Permits - 50k,0,0,0,0,3,data,geomatics-yukon,2016-06-15T18:13:01,2021-01-03T22:05:09,2016,2021
placer-lakes-classification-50k,Placer Lakes Classification - 50k,0,0,0,0,3,data,geomatics-yukon,2016-06-15T18:19:00,2021-01-03T22:04:26,2016,2021
placer-claims-1m,Placer Claims - 1M,0,0,0,0,3,data,geomatics-yukon,2016-06-15T17:55:33,2021-01-03T22:03:33,2016,2021
oil-and-gas-request-for-postings-50k,Oil and Gas Request for Postings - 50k,0,0,0,0,3,data,geomatics-yukon,2016-06-10T21:10:51,2021-01-03T22:02:44,2016,2021
oil-and-gas-grid-units,Oil and Gas Grid Units,0,0,0,0,3,data,geomatics-yukon,2016-06-10T21:06:45,2021-01-03T22:02:01,2016,2021
oil-and-gas-grid-sections,Oil and Gas Grid Sections,0,0,0,0,3,data,geomatics-yukon,2016-06-10T21:04:46,2021-01-03T22:01:21,2016,2021
oil-and-gas-grid-areas,Oil and Gas Grid Areas,0,0,0,0,3,data,geomatics-yukon,2016-06-10T21:02:23,2021-01-03T22:00:37,2016,2021
oil-and-gas-dispositions-50k,Oil and Gas Dispositions - 50k,0,0,0,0,3,data,geomatics-yukon,2016-06-10T21:08:42,2021-01-03T21:59:46,2016,2021
weather-stations,Weather Stations,0,0,0,0,3,data,geomatics-yukon,2019-09-26T21:22:22,2021-01-03T21:59:05,2019,2021
maintenance-camps-25k,Maintenance Camps - 25k,0,0,0,0,3,data,geomatics-yukon,2020-08-11T17:10:30,2021-01-03T21:58:27,2020,2021
oil-and-gas-bid-locations-50k,Oil and Gas Bid Locations - 50k,0,0,0,0,3,data,geomatics-yukon,2016-06-10T21:13:48,2021-01-03T21:57:31,2016,2021
drainage-culverts-25k,Drainage Culverts - 25k,0,0,0,0,3,data,geomatics-yukon,2018-04-06T17:51:59,2021-01-03T21:53:46,2018,2021
cmi-water-quality-sampling-sites,CMI Water Quality Sampling Sites,0,0,0,0,3,data,geomatics-yukon,2016-06-09T20:42:42,2021-01-03T21:52:26,2016,2021
areas-withdrawn-from-oil-and-gas-disposition,Areas withdrawn from oil and gas disposition,0,0,0,0,3,data,geomatics-yukon,2016-06-10T21:16:32,2021-01-03T21:50:55,2016,2021
aquatic-health-monitoring-sites,Aquatic health monitoring sites,0,0,0,0,3,data,geomatics-yukon,2016-06-09T20:37:35,2021-01-03T21:50:07,2016,2021
lots-for-sale-point-surveyed,Lots For Sale Point - Surveyed,0,0,0,0,3,data,geomatics-yukon,2018-04-18T16:36:03,2021-01-03T21:35:42,2018,2021
mineral-claims-line-surveyed,Mineral claims line - surveyed,0,0,0,0,3,data,geomatics-yukon,2016-06-15T19:18:24,2021-01-03T21:34:00,2016,2021
mineral-claims-polygon-surveyed,Mineral claims polygon - surveyed,0,0,0,0,3,data,geomatics-yukon,2016-06-15T19:16:43,2021-01-03T21:33:13,2016,2021
oic-placer-mining-act,OIC - Placer Mining Act,0,0,0,0,3,data,geomatics-yukon,2016-06-14T19:03:12,2021-01-03T21:31:46,2016,2021
oic-park-and-land-certainty-act,OIC - Park and Land Certainty Act,0,0,0,0,3,data,geomatics-yukon,2016-06-14T19:00:36,2021-01-03T21:30:56,2016,2021
oic-historic-resources-act,OIC - Historic Resources Act,0,0,0,0,3,data,geomatics-yukon,2016-06-14T18:49:28,2021-01-03T21:29:37,2016,2021
oic-forest-protection-act,OIC - Forest Protection Act,0,0,0,0,3,data,geomatics-yukon,2016-06-14T18:46:29,2021-01-03T21:28:57,2016,2021
oic-lands-act,OIC - Lands Act,0,0,0,0,3,data,geomatics-yukon,2016-06-14T18:53:02,2021-01-03T21:28:08,2016,2021
oic-quartz-mining-act,OIC - Quartz Mining Act,0,0,0,0,3,data,geomatics-yukon,2016-06-14T19:05:52,2021-01-03T21:27:31,2016,2021
oic-wildlife-act,OIC - Wildlife Act,0,0,0,0,3,data,geomatics-yukon,2016-06-14T19:10:53,2021-01-03T21:26:46,2016,2021
land-use-permits-polygon-50k,Land Use Permits Polygon - 50k,0,0,0,0,3,data,geomatics-yukon,2016-06-14T18:06:07,2021-01-03T21:26:04,2016,2021
municipal-boundaries,Municipal Boundaries,0,3,0,0,3,data,geomatics-yukon,2016-06-10T20:38:34,2021-01-03T21:23:50,2016,2021
land-use-designations-polygon,Land Use Designations Polygon,0,0,0,0,3,data,geomatics-yukon,2016-06-10T20:47:21,2021-01-03T21:23:12,2016,2021
land-use-designations-line,Land Use Designations Line,0,0,0,0,3,data,geomatics-yukon,2016-06-10T20:43:34,2021-01-03T21:22:33,2016,2021
placer-baseline-unsurveyed-50k,Placer Baseline Unsurveyed - 50k,0,0,0,0,3,data,geomatics-yukon,2016-06-15T18:09:46,2021-01-03T21:20:58,2016,2021
placer-baseline-surveyed,Placer Baseline - Surveyed,0,0,0,0,3,data,geomatics-yukon,2016-06-15T18:04:16,2021-01-03T21:20:15,2016,2021
wilderness-tourism-activities,Wilderness tourism activities,0,3,0,0,3,data,geomatics-yukon,2018-08-28T21:58:59,2021-01-03T21:19:34,2018,2021
wilderness-tourism-trails,Wilderness tourism trails,0,0,0,0,3,data,geomatics-yukon,2018-08-28T22:15:32,2021-01-03T21:18:20,2018,2021
yukon-canadian-heritage-rivers,Yukon canadian heritage rivers,0,14,0,0,3,data,geomatics-yukon,2018-08-28T22:14:06,2021-01-03T21:17:31,2018,2021
oic-territorial-lands-act,OIC - Territorial Lands Act,0,0,0,0,3,data,geomatics-yukon,2016-06-14T19:08:17,2021-01-03T21:16:50,2016,2021
terranes-1,Terranes,0,0,0,0,3,data,geomatics-yukon,2018-07-05T17:08:57,2021-01-03T21:09:38,2018,2021
shaded-relief-500m,Shaded Relief - 500m,0,0,0,0,3,data,geomatics-yukon,2016-06-09T19:49:52,2021-01-03T21:08:11,2016,2021
shaded-relief-300m,Shaded Relief - 300m,0,0,0,0,3,data,geomatics-yukon,2016-06-09T19:52:47,2021-01-03T21:07:18,2016,2021
land-parcels-line-surveyed,Land Parcels Line - Surveyed,0,5,0,1,3,data,geomatics-yukon,2016-06-14T18:35:13,2021-01-03T21:06:34,2016,2021
land-claim-mou-boundaries,Land Claim MOU Boundaries,0,0,0,0,3,data,geomatics-yukon,2016-06-10T20:28:14,2021-01-03T21:05:52,2016,2021
historical-land-use-permits-polygon-50k,Historical Land Use Permits Polygon - 50k,0,0,0,0,3,data,geomatics-yukon,2016-06-14T18:14:51,2021-01-03T21:05:03,2016,2021
historical-land-use-permits-line-50k,Historical Land Use Permits Line - 50k,0,0,0,0,3,data,geomatics-yukon,2016-06-14T18:11:35,2021-01-03T21:03:10,2016,2021
local-advisory-areas,Local Advisory Areas,0,0,0,0,3,data,geomatics-yukon,2016-06-10T20:31:58,2021-01-03T20:58:23,2016,2021
local-area-plans,Local Area Plans,0,0,0,0,3,data,geomatics-yukon,2016-06-10T20:35:19,2021-01-03T20:57:40,2016,2021
mineral-claim-adjoining-parcels-50k,Mineral claim adjoining parcels - 50k,0,0,0,0,3,data,geomatics-yukon,2016-06-15T19:12:07,2021-01-03T20:55:58,2016,2021
land-licences,Land Licences,0,0,0,0,3,data,geomatics-yukon,2016-06-14T17:49:07,2021-01-03T20:55:04,2016,2021
first-nation-heritage-routes,First Nation Heritage Routes,0,0,0,0,3,data,geomatics-yukon,2016-06-09T18:22:12,2021-01-03T20:53:33,2016,2021
easements-line-surveyed,Easements Line - Surveyed,0,0,0,0,3,data,geomatics-yukon,2016-06-14T18:39:11,2021-01-03T20:52:10,2016,2021
development-hold-areas,Development Hold Areas,0,0,0,0,3,data,geomatics-yukon,2016-06-14T17:54:36,2021-01-03T20:51:28,2016,2021
development-areas,Development Areas,0,0,0,0,3,data,geomatics-yukon,2016-06-10T20:16:37,2021-01-03T20:50:12,2016,2021
first-nation-settlement-lands-unsurveyed,First Nation Settlement Lands - Unsurveyed,0,0,0,0,3,data,geomatics-yukon,2016-06-09T20:17:02,2021-01-03T20:48:46,2016,2021
first-nation-settlement-lands-surveyed,First Nation Settlement Lands - Surveyed,0,0,0,0,3,data,geomatics-yukon,2016-06-09T20:13:33,2021-01-03T20:48:02,2016,2021
condos-surveyed,Condos - Surveyed,0,0,0,1,3,data,geomatics-yukon,2016-06-14T18:42:57,2021-01-03T20:45:29,2016,2021
community-zoning,Community Zoning,0,0,0,0,3,data,geomatics-yukon,2016-06-10T20:11:15,2021-01-03T20:44:47,2016,2021
community-boundaries,Community Boundaries,0,0,0,0,3,data,geomatics-yukon,2016-06-10T20:07:24,2021-01-03T20:44:06,2016,2021
land-notations,Land Notations,0,0,0,0,3,data,geomatics-yukon,2016-06-14T17:51:13,2021-01-03T20:43:24,2016,2021
coal-exploration-licenses-50k,Coal Exploration Licenses - 50k,0,0,0,0,3,data,geomatics-yukon,2016-06-15T19:00:15,2021-01-03T20:42:06,2016,2021
areas-withdrawn-from-staking-50k,Areas withdrawn from staking - 50k,0,3,0,0,3,data,geomatics-yukon,2016-06-15T19:22:55,2021-01-03T20:41:25,2016,2021
yukon-tourism-regions,Yukon tourism regions,0,0,0,0,3,data,geomatics-yukon,2018-08-28T22:16:35,2021-01-03T20:39:43,2018,2021
community-hazards-ross-river-12k,Community Hazards - Ross River - 12k,0,0,0,0,3,data,geomatics-yukon,2017-02-14T21:30:42,2021-01-03T20:38:58,2017,2021
community-hazards-pelly-crossing-20k,Community Hazards - Pelly Crossing - 20k,0,0,0,0,3,data,geomatics-yukon,2017-02-14T21:36:23,2021-01-03T20:37:46,2017,2021
community-hazards-mayo-20k,Community Hazards - Mayo - 20k,0,0,0,0,3,data,geomatics-yukon,2017-02-14T19:04:31,2021-01-03T20:36:17,2017,2021
community-hazards-faro-20k,Community Hazards - Faro - 20k,0,0,0,0,3,data,geomatics-yukon,2017-02-14T19:13:54,2021-01-03T20:35:28,2017,2021
community-hazards-dawson-30m,Community Hazards - Dawson - 30m,0,0,0,0,3,data,geomatics-yukon,2020-04-14T14:14:52,2021-01-03T20:34:27,2020,2021
community-hazards-burwash-destruction-bay-25k,Community Hazards - Burwash Destruction Bay - 25k,0,0,0,0,3,data,geomatics-yukon,2017-02-14T21:24:11,2021-01-03T20:33:30,2017,2021
vegetation-inventory-5k-soil-nutrient-regime,Vegetation Inventory - 5k - Soil Nutrient Regime,0,0,0,0,3,data,geomatics-yukon,2016-06-14T16:47:29,2021-01-03T20:32:41,2016,2021
vegetation-inventory-5k-soil-moisture-regime,Vegetation Inventory - 5k - Soil Moisture Regime,0,0,0,0,3,data,geomatics-yukon,2016-06-14T16:45:11,2021-01-03T20:31:37,2016,2021
vegetation-inventory-5k-leading-species,Vegetation Inventory - 5k - Leading Species,0,0,0,0,3,data,geomatics-yukon,2016-06-14T16:40:31,2021-01-03T20:30:38,2016,2021
vegetation-inventory-whitehorse-10k,Vegetation Inventory - Whitehorse - 10k,0,4,0,0,3,data,geomatics-yukon,2016-06-14T17:26:56,2021-01-03T20:29:27,2016,2021
vegetation-inventory-roads-40k,Vegetation Inventory Roads - 40k,0,0,0,0,3,data,geomatics-yukon,2016-06-14T17:10:58,2021-01-03T20:28:31,2016,2021
vegetation-inventory-photo-points-whitehorse-10k,Vegetation Inventory Photo Points - Whitehorse - 10k,0,0,0,0,3,data,geomatics-yukon,2016-06-14T17:18:05,2021-01-03T20:27:31,2016,2021
vegetation-inventory-5k-land-cover,Vegetation Inventory - 5k - Land Cover,0,0,0,0,3,data,geomatics-yukon,2016-06-14T16:42:39,2021-01-03T20:25:20,2016,2021
timber-harvest-plans-50k,Timber harvest plans - 50k,0,0,0,0,3,data,geomatics-yukon,2016-06-14T16:26:29,2021-01-03T20:24:27,2016,2021
regional-geochemical-surveys-rgs-site-water-250k,Regional Geochemical Surveys - RGS - Site Water - 250k,0,0,0,0,3,data,geomatics-yukon,2020-11-02T21:10:29,2021-01-03T20:23:40,2020,2021
regional-geochemical-surveys-rgs-inaa-250k,Regional Geochemical Surveys - RGS - INAA - 250k,0,0,0,0,3,data,geomatics-yukon,2020-11-02T21:09:54,2021-01-03T20:22:50,2020,2021
regional-geochemical-surveys-rgs-icpms-250k,Regional Geochemical Surveys - RGS - ICPMS - 250k,0,0,0,0,3,data,geomatics-yukon,2020-11-02T21:09:19,2021-01-03T20:22:04,2020,2021
regional-geochemical-surveys-rgs-heon-250k,Regional Geochemical Surveys - RGS - Heon - 250k,0,0,0,0,3,data,geomatics-yukon,2020-11-02T21:08:41,2021-01-03T20:21:00,2020,2021
regional-geochemical-surveys-rgs-all-250k,Regional Geochemical Surveys - RGS - All - 250k,0,0,0,0,3,data,geomatics-yukon,2020-11-02T21:08:02,2021-01-03T20:19:50,2020,2021
regional-geochemical-surveys-rgs-aas-250k,Regional Geochemical Surveys - RGS - AAS - 250k,0,0,0,0,3,data,geomatics-yukon,2020-11-02T14:32:23,2021-01-03T20:18:51,2020,2021
permanent-sampling-plots,Permanent Sampling Plots,0,0,0,0,3,data,geomatics-yukon,2016-06-14T16:28:51,2021-01-03T20:17:01,2016,2021
mineral-occurrences-250k,Mineral Occurrences - 250k,0,0,0,0,3,data,geomatics-yukon,2016-06-09T21:11:58,2021-01-03T20:15:23,2016,2021
landscape-management-units-250k,Landscape Management Units - 250k,0,0,0,0,3,data,geomatics-yukon,2016-06-14T16:23:27,2021-01-03T20:13:35,2016,2021
harvest-licences-50k,Harvest Licences - 50k,0,0,0,0,3,data,geomatics-yukon,2016-06-14T16:20:56,2021-01-03T20:12:46,2016,2021
geochemical-provinces-250k,Geochemical Provinces - 250k,0,0,0,0,3,data,geomatics-yukon,2016-06-09T21:30:21,2021-01-03T20:07:16,2016,2021
forest-resources-management-plans-250k,Forest Resources Management Plans - 250k,0,0,0,0,3,data,geomatics-yukon,2016-06-14T16:18:31,2021-01-03T20:06:27,2016,2021
forest-health-aerial-overview-50k,Forest Health Aerial Overview - 50k,0,0,0,0,3,data,geomatics-yukon,2016-06-14T16:31:09,2021-01-03T19:26:09,2016,2021
folds-250k,Folds - 250k,0,0,0,0,3,data,geomatics-yukon,2016-06-09T21:19:19,2021-01-03T19:25:15,2016,2021
earthquake-epicentres-250k,Earthquake Epicentres - 250k,0,3,0,1,3,data,geomatics-yukon,2016-06-09T21:08:54,2021-01-03T19:23:23,2016,2021
railroad-station-50k-canvec,Railroad Station - 50k - Canvec,0,0,0,0,3,data,geomatics-yukon,2017-12-04T17:07:31,2021-01-03T19:19:44,2017,2021
landform-features-line-250k-canvec,Landform Features Line - 250k - Canvec,0,0,0,0,3,data,geomatics-yukon,2017-12-05T01:16:05,2021-01-03T19:19:03,2017,2021
water-obstacles-line-250k-canvec,Water Obstacles Line - 250k - Canvec,0,0,0,0,3,data,geomatics-yukon,2017-10-26T05:47:38,2021-01-03T19:18:08,2017,2021
cut-lines-250k-canvec,Cut Lines - 250k - Canvec,0,0,0,0,3,data,geomatics-yukon,2017-12-05T00:16:17,2021-01-03T19:17:15,2017,2021
landform-features-polygon-250k-canvec,Landform Features Polygon - 250k - Canvec,0,0,0,0,3,data,geomatics-yukon,2017-12-05T01:23:12,2021-01-03T19:16:33,2017,2021
water-obstacles-point-250k-canvec,Water Obstacles Point - 250k - Canvec,0,0,0,0,3,data,geomatics-yukon,2017-10-26T05:34:24,2021-01-03T19:15:45,2017,2021
elevation-points-250k-canvec,Elevation Points - 250k - Canvec,0,0,0,0,3,data,geomatics-yukon,2017-10-23T04:05:04,2021-01-03T19:15:01,2017,2021
geographic-place-names-line-50k-canvec,Geographic Place Names Line - 50k - Canvec,0,0,0,0,3,data,geomatics-yukon,2017-10-22T21:49:02,2021-01-03T19:14:08,2017,2021
water-obstacles-point-50k-canvec,Water Obstacles Point - 50k - Canvec,0,0,0,0,3,data,geomatics-yukon,2017-10-26T05:16:59,2021-01-03T19:13:18,2017,2021
water-obstacles-poly-50k-canvec,Water Obstacles Poly - 50k - Canvec,0,0,0,0,3,data,geomatics-yukon,2017-10-26T05:55:18,2021-01-03T19:09:00,2017,2021
waterbody-islands-50k-canvec,Waterbody Islands - 50k - Canvec,0,0,0,0,3,data,geomatics-yukon,2017-11-04T00:11:37,2021-01-03T19:08:12,2017,2021
landform-features-line-50k-canvec,Landform Features Line - 50k - Canvec,0,0,0,0,3,data,geomatics-yukon,2017-12-05T01:11:37,2021-01-03T19:07:25,2017,2021
water-obstacles-poly-250k-canvec,Water Obstacles Poly - 250k - Canvec,0,0,0,0,3,data,geomatics-yukon,2017-10-26T06:00:54,2021-01-03T19:06:41,2017,2021
elevation-points-50k-canvec,Elevation Points - 50k - Canvec,0,0,0,0,3,data,geomatics-yukon,2017-10-23T04:12:43,2021-01-03T19:05:57,2017,2021
railroad-station-250k-canvec,Railroad Station - 250k - Canvec,0,0,0,0,3,data,geomatics-yukon,2017-12-04T17:15:53,2021-01-03T19:05:15,2017,2021
geographic-place-names-poly-50k-canvec,Geographic Place Names Poly - 50k - Canvec,0,0,0,0,3,data,geomatics-yukon,2017-10-22T21:56:16,2021-01-03T19:04:24,2017,2021
roads-ferry-50k-canvec,Roads Ferry - 50k - Canvec,0,0,0,0,3,data,geomatics-yukon,2017-12-04T20:26:39,2021-01-03T19:03:38,2017,2021
wetlands-250k-canvec,Wetlands - 250k - Canvec,0,0,0,0,3,data,geomatics-yukon,2017-12-04T16:42:51,2021-01-03T19:02:45,2017,2021
waterbody-lines-50k-canvec,Waterbody Lines - 50k - Canvec,0,0,0,0,3,data,geomatics-yukon,2017-10-26T06:21:38,2021-01-03T19:02:04,2017,2021
road-junctions-50k-canvec,Road Junctions - 50k - Canvec,0,0,0,0,3,data,geomatics-yukon,2017-12-04T20:22:03,2021-01-03T19:01:23,2017,2021
roads-blocked-50k-canvec,Roads Blocked - 50k - Canvec,0,0,0,0,3,data,geomatics-yukon,2017-12-04T20:18:30,2021-01-03T19:00:42,2017,2021
water-flow-50k-canvec,Water Flow - 50k - Canvec,0,0,0,0,3,data,geomatics-yukon,2017-12-04T16:31:09,2021-01-03T18:59:48,2017,2021
land-cover-250k-canvec,Land Cover - 250k - Canvec,0,0,0,0,3,data,geomatics-yukon,2017-12-05T01:36:47,2021-01-03T18:58:43,2017,2021
land-cover-50k-canvec,Land Cover - 50k - Canvec,0,0,0,0,3,data,geomatics-yukon,2017-12-05T01:33:01,2021-01-03T18:57:18,2017,2021
waterbody-lines-250k-canvec,Waterbody Lines - 250k - Canvec,0,0,0,0,3,data,geomatics-yukon,2017-10-26T06:26:51,2021-01-03T18:56:15,2017,2021
cut-lines-50k-canvec,Cut Lines - 50k - Canvec,0,0,0,0,3,data,geomatics-yukon,2017-12-05T00:21:00,2021-01-03T18:55:07,2017,2021
contours-250k-canvec,Contours - 250k - Canvec,0,0,0,0,3,data,geomatics-yukon,2017-10-23T04:23:33,2021-01-03T18:54:25,2017,2021
ice-and-snow-250k-canvec,Ice and Snow - 250k - Canvec,0,0,0,0,3,data,geomatics-yukon,2017-12-05T01:03:16,2021-01-03T18:52:47,2017,2021
landform-features-polygon-50k-canvec,Landform Features Polygon - 50k - Canvec,0,0,0,0,3,data,geomatics-yukon,2017-12-05T01:19:56,2021-01-03T18:51:48,2017,2021
water-obstacles-line-50k-canvec,Water Obstacles Line - 50k - Canvec,0,0,0,0,3,data,geomatics-yukon,2017-10-26T05:40:10,2021-01-03T18:50:44,2017,2021
contours-50k-canvec,Contours - 50k - Canvec,0,10,0,0,3,data,geomatics-yukon,2017-10-23T04:28:36,2021-01-03T18:49:55,2017,2021
railroads-250k-canvec,Railroads - 250k - Canvec,0,0,0,0,3,data,geomatics-yukon,2017-12-04T17:03:21,2021-01-03T18:49:02,2017,2021
ice-and-snow-50k-canvec,Ice and Snow - 50k - Canvec,0,0,0,0,3,data,geomatics-yukon,2017-12-05T00:58:17,2021-01-03T18:48:17,2017,2021
geographic-place-names-point-50k-canvec,Geographic Place Names Point - 50k - Canvec,0,0,0,0,3,data,geomatics-yukon,2016-06-14T20:32:22,2021-01-03T18:46:43,2016,2021
trails-250k-canvec,Trails - 250k - Canvec,0,0,0,0,3,data,geomatics-yukon,2017-12-05T00:05:11,2021-01-03T18:45:42,2017,2021
roads-50k-canvec,Roads - 50k - Canvec,0,0,0,0,3,data,geomatics-yukon,2017-12-04T23:59:18,2021-01-03T18:44:46,2017,2021
roads-250k-canvec,Roads - 250k - Canvec,0,0,0,0,3,data,geomatics-yukon,2017-12-04T21:41:42,2021-01-03T18:43:52,2017,2021
watercourses-50k-canvec,Watercourses - 50k - Canvec,0,0,0,0,3,data,geomatics-yukon,2017-10-26T06:07:26,2021-01-03T18:42:14,2017,2021
watercourses-250k-canvec,Watercourses - 250k - Canvec,0,0,0,0,3,data,geomatics-yukon,2017-10-26T06:12:02,2021-01-03T18:41:28,2017,2021
waterbodies-250k-canvec,Waterbodies - 250k - Canvec,0,0,0,0,3,data,geomatics-yukon,2017-11-04T00:21:21,2021-01-03T18:40:41,2017,2021
trails-50k-canvec,Trails - 50k - Canvec,0,0,0,0,3,data,geomatics-yukon,2017-12-05T00:11:41,2021-01-03T18:27:57,2017,2021
yec-power-substations,YEC Power substations,0,0,0,0,3,data,geomatics-yukon,2019-11-21T21:40:47,2021-01-03T18:15:13,2019,2021
yec-power-lines,YEC Power lines,0,7,0,0,3,data,geomatics-yukon,2019-11-21T21:43:38,2021-01-03T18:14:17,2019,2021
yec-power-generating-stations,YEC Power generating stations,0,0,0,0,3,data,geomatics-yukon,2019-11-21T21:13:28,2021-01-03T18:13:22,2019,2021
wind-energy,Wind Energy,0,0,0,0,3,data,geomatics-yukon,2016-06-09T21:46:22,2021-01-03T18:11:42,2016,2021
spot-heights-1m,Spot Heights - 1M,0,0,0,0,3,data,geomatics-yukon,2016-06-09T19:23:50,2021-01-03T18:09:49,2016,2021
hydro-energy,Hydro Energy,0,0,0,0,3,data,geomatics-yukon,2016-06-09T21:44:35,2021-01-03T18:08:55,2016,2021
fire-management-zones,Fire Management Zones,0,3,0,0,3,data,geomatics-yukon,2020-05-06T20:26:58,2021-01-03T18:06:48,2020,2021
fire-ignition-locations,Fire Ignition Locations,0,0,0,0,3,data,geomatics-yukon,2016-05-13T19:25:44,2021-01-03T18:06:07,2016,2021
ecoregions-1995-1m,Ecoregions 1995 - 1M,0,0,0,0,3,data,geomatics-yukon,2016-06-09T18:10:29,2021-01-03T18:03:32,2016,2021
attack-bases,Attack bases,0,0,0,0,3,data,geomatics-yukon,2020-05-06T20:19:53,2021-01-03T17:48:32,2020,2021
watercourses-whitehorse-10k,Watercourses - Whitehorse - 10k,0,0,0,0,3,data,geomatics-yukon,2016-06-10T17:44:07,2021-01-03T17:44:23,2016,2021
waterbodies-1m,Waterbodies - 1M,0,2,0,0,3,data,geomatics-yukon,2016-06-10T17:51:58,2021-01-03T17:42:32,2016,2021
water-2m,Water - 2M,0,0,0,0,3,data,geomatics-yukon,2016-06-10T17:27:36,2021-01-03T17:41:28,2016,2021
trails-250k,Trails - 250k,0,0,0,1,3,data,geomatics-yukon,2016-06-14T20:13:51,2021-01-03T17:38:26,2016,2021
trails-50k,Trails - 50k,0,0,0,0,3,data,geomatics-yukon,2016-06-14T20:16:19,2021-01-03T17:37:35,2016,2021
roads-1m,Roads - 1M,0,0,0,0,3,data,geomatics-yukon,2016-06-14T20:11:14,2021-01-03T17:36:44,2016,2021
nts-index-250k,NTS Index - 250k,0,0,0,0,3,data,geomatics-yukon,2016-06-14T20:34:36,2021-01-03T17:19:21,2016,2021
nts-index-50k,NTS Index - 50k,0,0,0,0,3,data,geomatics-yukon,2016-06-14T20:36:10,2021-01-03T17:18:16,2016,2021
nts-index-10k,NTS Index - 10k,0,0,0,0,3,data,geomatics-yukon,2016-06-14T20:37:47,2021-01-03T17:17:34,2016,2021
ice-and-snow-1m,Ice and Snow - 1M,0,0,0,0,3,data,geomatics-yukon,2016-06-10T18:21:35,2021-01-03T17:16:06,2016,2021
geographic-graticules,Geographic Graticules,0,0,0,0,3,data,geomatics-yukon,2016-06-14T20:49:24,2021-01-03T17:15:25,2016,2021
railroads-50k-canvec,Railroads - 50k - Canvec,0,0,0,0,3,data,geomatics-yukon,2017-12-04T16:58:41,2021-01-03T17:13:53,2017,2021
cultural-features-point-250k,Cultural Features Point - 250k,0,0,0,0,3,data,geomatics-yukon,2016-06-09T18:53:03,2021-01-03T17:13:03,2016,2021
cultural-features-point-50k,Cultural Features Point - 50k,0,0,0,0,3,data,geomatics-yukon,2016-06-09T19:09:39,2021-01-03T17:12:23,2016,2021
cultural-features-polygon-250k,Cultural Features Polygon - 250k,0,0,0,0,3,data,geomatics-yukon,2016-06-09T18:56:51,2021-01-03T17:11:26,2016,2021
cultural-features-polygon-50k,Cultural Features Polygon - 50k,0,0,0,0,3,data,geomatics-yukon,2016-06-09T19:15:24,2021-01-03T17:10:38,2016,2021
cultural-features-line-50k,Cultural Features Line - 50k,0,0,0,0,3,data,geomatics-yukon,2016-06-09T19:12:37,2021-01-03T17:09:57,2016,2021
contours-1m,Contours - 1M,0,0,0,0,3,data,geomatics-yukon,2016-06-09T19:30:25,2021-01-03T17:08:29,2016,2021
parks-and-protected-areas-line-surveyed,Parks and Protected Areas Line - Surveyed,0,0,0,0,3,data,geomatics-yukon,2016-06-10T21:38:38,2021-01-03T17:04:23,2016,2021
yesaa-mapped-communities-50k,YESAA Mapped Communities - 50k,0,0,0,0,3,data,geomatics-yukon,2016-06-09T17:00:08,2021-01-03T16:57:30,2016,2021
whitehorse-contours-10k,Whitehorse Contours - 10k,0,0,0,0,3,data,geomatics-yukon,2016-06-09T19:40:05,2021-01-03T16:55:53,2016,2021
natural-resource-officer-subdistricts-1m,Natural Resource Officer Subdistricts - 1M,0,0,0,0,3,data,geomatics-yukon,2016-06-09T17:12:45,2021-01-03T16:53:24,2016,2021
natural-resource-officer-districts-1m,Natural Resource Officer Districts - 1M,0,0,0,0,3,data,geomatics-yukon,2016-06-09T17:06:02,2021-01-03T16:52:38,2016,2021
mining-districts-1m,Mining districts - 1M,0,3,0,0,3,data,geomatics-yukon,2016-06-15T19:25:01,2021-01-03T16:51:24,2016,2021
mining-districts-50k,Mining districts - 50k,0,0,0,0,3,data,geomatics-yukon,2016-06-15T19:26:46,2021-01-03T16:50:40,2016,2021
first-nation-traditional-territories-core-area,First Nation Traditional Territories Core Area,0,3,0,0,3,data,geomatics-yukon,2016-06-09T20:32:57,2021-01-03T16:48:00,2016,2021
fire-regions,Fire Regions,0,3,0,1,3,data,geomatics-yukon,2020-05-06T20:24:55,2021-01-03T16:47:15,2020,2021
agriculture-land-applications,Agriculture land applications,0,0,0,0,3,data,geomatics-yukon,2016-06-14T18:20:36,2021-01-03T16:44:41,2016,2021
northern-cordillera-canada-and-alaska,Northern Cordillera: Canada and Alaska,0,0,0,0,1,information,yukon-geological-survey,2020-12-17T09:12:29,2020-12-17T09:12:29,2020,2020
baseline-science-review,Baseline Science Review,0,0,0,0,2,information,executive-council-office,2020-12-15T09:50:03,2020-12-15T09:50:03,2020,2020
carmacks-surficial-geology-and-community-hazard-susceptibility-mapping,Carmacks surficial geology and community hazard susceptibility mapping,0,0,0,0,5,information,yukon-geological-survey,2020-12-11T09:12:53,2020-12-11T09:12:53,2020,2020
the-road-river-group-of-northern-yukon-canada-early-paleozoic-deep-water-sedimentation-within-t,"The Road River Group of northern Yukon, Canada: early Paleozoic deep-water sedimentation within the Great American Carbonate Bank",0,0,0,0,1,information,yukon-geological-survey,2020-12-03T09:12:47,2020-12-03T09:12:47,2020,2020
neoproterozoic-hosted-carlin-type-mineralization-in-central-yukon-part-2-mineralization,"Neoproterozoic-hosted Carlin-type mineralization in central Yukon, part 2: mineralization",0,0,0,0,2,information,yukon-geological-survey,2020-12-03T09:12:37,2020-12-03T09:12:37,2020,2020
neoproterozoic-hosted-carlin-type-mineralization-in-central-yukon-part-1-regional-to-prospect-s,"Neoproterozoic-hosted Carlin-type mineralization in central Yukon, part 1: regional to prospect-scale geological controls",0,0,0,0,2,information,yukon-geological-survey,2020-12-03T09:12:36,2020-12-03T09:12:36,2020,2020
geology-of-the-keno-hill-district,Geology of the Keno Hill district,0,0,0,0,2,information,yukon-geological-survey,2020-11-23T05:11:27,2020-11-23T05:11:27,2020,2020
carmacks-copper-cu-au-ag-deposit-mineralization-and-postore-migmatization-of-a-stikine-arc-porp,"Carmacks Copper Cu-Au-Ag Deposit: Mineralization and Postore Migmatization of a Stikine Arc Porphyry Copper System in Yukon, Canada",0,0,0,0,1,information,yukon-geological-survey,2020-09-28T08:09:46,2020-09-28T08:09:46,2020,2020
lithostratigraphic-metallotect-ranking-of-non-plutonic-rocks-in-yukon,Lithostratigraphic metallotect ranking of non-plutonic rocks in Yukon,0,0,0,0,3,information,yukon-geological-survey,2020-09-22T08:09:30,2020-09-22T08:09:30,2020,2020
enrolment-reports-2019-20,Enrolment reports 2019-20,0,0,0,0,9,data,education,2020-08-31T14:13:10,2020-08-31T14:13:10,2020,2020
enrolment-reports-2004-05,Enrolment reports 2004-05,0,0,0,0,10,data,education,2020-08-31T14:09:42,2020-08-31T14:09:42,2020,2020
surficial-geology-of-the-northern-kluane-ranges-parts-of-nts-115g-5-6-11-12,"Surficial geology of the northern Kluane Ranges (parts of NTS 115G/5, 6, 11, 12)",0,0,0,0,2,information,yukon-geological-survey,2020-08-26T10:08:42,2020-08-26T10:08:42,2020,2020
aeromagnetic-survey-of-the-nash-creek-area-yukon,"Aeromagnetic survey of the Nash Creek area, Yukon",0,0,0,0,5,information,yukon-geological-survey,2020-08-19T02:08:25,2020-08-19T02:08:25,2020,2020
reprocessing-of-yukon-magnetic-data-for-nts-115f-1,Reprocessing of Yukon magnetic data for NTS 115F,0,0,0,0,4,information,yukon-geological-survey,2020-08-18T11:08:55,2020-08-18T11:08:55,2020,2020
reprocessing-of-yukon-magnetic-data-for-nts-115j-1,Reprocessing of Yukon magnetic data for NTS 115J,0,0,0,0,4,information,yukon-geological-survey,2020-08-18T11:08:55,2020-08-18T11:08:55,2020,2020
reprocessing-of-yukon-magnetic-data-for-nts-106d-1,Reprocessing of Yukon magnetic data for NTS 106D,0,0,0,0,4,information,yukon-geological-survey,2020-08-18T11:08:54,2020-08-18T11:08:54,2020,2020
reprocessing-of-yukon-magnetic-data-for-nts-115g-1,Reprocessing of Yukon magnetic data for NTS 115G,0,0,0,0,4,information,yukon-geological-survey,2020-08-18T11:08:52,2020-08-18T11:08:52,2020,2020
reprocessing-of-yukon-magnetic-data-for-nts-116a-1,Reprocessing of Yukon magnetic data for NTS 116A,0,0,0,0,4,information,yukon-geological-survey,2020-08-18T11:08:52,2020-08-18T11:08:52,2020,2020
reprocessing-of-yukon-magnetic-data-for-nts-115a-1,Reprocessing of Yukon magnetic data for NTS 115A,0,0,0,0,4,information,yukon-geological-survey,2020-08-18T11:08:49,2020-08-18T11:08:49,2020,2020
reprocessing-of-yukon-magnetic-data-for-nts-115k-1,Reprocessing of Yukon magnetic data for NTS 115K,0,0,0,0,4,information,yukon-geological-survey,2020-08-18T11:08:49,2020-08-18T11:08:49,2020,2020
reprocessing-of-yukon-magnetic-data-for-nts-106c-1,Reprocessing of Yukon magnetic data for NTS 106C,0,0,0,0,4,information,yukon-geological-survey,2020-08-18T11:08:47,2020-08-18T11:08:47,2020,2020
reprocessing-of-yukon-magnetic-data-for-nts-115h-1,Reprocessing of Yukon magnetic data for NTS 115H,0,0,0,0,4,information,yukon-geological-survey,2020-08-18T11:08:47,2020-08-18T11:08:47,2020,2020
reprocessing-of-yukon-magnetic-data-for-nts-115b-1,Reprocessing of Yukon magnetic data for NTS 115B,0,0,0,0,4,information,yukon-geological-survey,2020-08-18T11:08:40,2020-08-18T11:08:40,2020,2020
reprocessing-of-yukon-magnetic-data-for-nts-115n-1,Reprocessing of Yukon magnetic data for NTS 115N,0,0,0,0,4,information,yukon-geological-survey,2020-08-18T11:08:33,2020-08-18T11:08:33,2020,2020
reprocessing-of-yukon-magnetic-data-for-nts-115o-1,Reprocessing of Yukon magnetic data for NTS 115O,0,0,0,0,4,information,yukon-geological-survey,2020-08-18T11:08:26,2020-08-18T11:08:26,2020,2020
reprocessing-of-yukon-magnetic-data-for-nts-116b-1,Reprocessing of Yukon magnetic data for NTS 116B,0,0,0,0,4,information,yukon-geological-survey,2020-08-18T11:08:17,2020-08-18T11:08:17,2020,2020
reprocessing-of-yukon-magnetic-data-for-nts-115i-1,Reprocessing of Yukon magnetic data for NTS 115I,0,0,0,0,4,information,yukon-geological-survey,2020-08-18T11:08:06,2020-08-18T11:08:06,2020,2020
reprocessing-of-yukon-magnetic-data-for-nts-116c-1,Reprocessing of Yukon magnetic data for NTS 116C,0,0,0,0,4,information,yukon-geological-survey,2020-08-18T11:08:03,2020-08-18T11:08:03,2020,2020
reprocessing-of-yukon-magnetic-data-for-nts-106b-1,Reprocessing of Yukon magnetic data for NTS 106B,0,0,0,0,4,information,yukon-geological-survey,2020-08-18T10:08:48,2020-08-18T10:08:48,2020,2020
reprocessing-of-yukon-magnetic-data-for-nts-105p-1,Reprocessing of Yukon magnetic data for NTS 105P,0,0,0,0,4,information,yukon-geological-survey,2020-08-18T10:08:38,2020-08-18T10:08:38,2020,2020
reprocessing-of-yukon-magnetic-data-for-nts-105o-1,Reprocessing of Yukon magnetic data for NTS 105O,0,0,0,0,4,information,yukon-geological-survey,2020-08-18T10:08:14,2020-08-18T10:08:14,2020,2020
reprocessing-of-yukon-magnetic-data-for-nts-105i-1,Reprocessing of Yukon magnetic data for NTS 105I,0,0,0,0,4,information,yukon-geological-survey,2020-08-18T09:08:55,2020-08-18T09:08:55,2020,2020
reprocessing-of-yukon-magnetic-data-for-nts-105c-1,Reprocessing of Yukon magnetic data for NTS 105C,0,0,0,0,4,information,yukon-geological-survey,2020-08-18T09:08:46,2020-08-18T09:08:46,2020,2020
reprocessing-of-yukon-magnetic-data-for-nts-105f-1,Reprocessing of Yukon magnetic data for NTS 105F,0,0,0,0,4,information,yukon-geological-survey,2020-08-18T09:08:46,2020-08-18T09:08:46,2020,2020
reprocessing-of-yukon-magnetic-data-for-nts-105n-1,Reprocessing of Yukon magnetic data for NTS 105N,0,0,0,0,4,information,yukon-geological-survey,2020-08-18T09:08:43,2020-08-18T09:08:43,2020,2020
reprocessing-of-yukon-magnetic-data-for-nts-105m-1,Reprocessing of Yukon magnetic data for NTS 105M,0,0,0,0,4,information,yukon-geological-survey,2020-08-18T09:08:40,2020-08-18T09:08:40,2020,2020
reprocessing-of-yukon-magnetic-data-for-nts-105d-1,Reprocessing of Yukon magnetic data for NTS 105D,0,0,0,0,4,information,yukon-geological-survey,2020-08-18T09:08:32,2020-08-18T09:08:32,2020,2020
reprocessing-of-yukon-magnetic-data-for-nts-105g-1,Reprocessing of Yukon magnetic data for NTS 105G,0,0,0,0,4,information,yukon-geological-survey,2020-08-18T09:08:15,2020-08-18T09:08:15,2020,2020
reprocessing-of-yukon-magnetic-data-for-nts-105h-1,Reprocessing of Yukon magnetic data for NTS 105H,0,0,0,0,4,information,yukon-geological-survey,2020-08-18T09:08:15,2020-08-18T09:08:15,2020,2020
reprocessing-of-yukon-magnetic-data-for-nts-105e-1,Reprocessing of Yukon magnetic data for NTS 105E,0,0,0,0,4,information,yukon-geological-survey,2020-08-18T09:08:11,2020-08-18T09:08:11,2020,2020
reprocessing-of-yukon-magnetic-data-for-nts-105j-1,Reprocessing of Yukon magnetic data for NTS 105J,0,0,0,0,4,information,yukon-geological-survey,2020-08-18T09:08:09,2020-08-18T09:08:09,2020,2020
reprocessing-of-yukon-magnetic-data-for-nts-105l-1,Reprocessing of Yukon magnetic data for NTS 105L,0,0,0,0,4,information,yukon-geological-survey,2020-08-18T09:08:09,2020-08-18T09:08:09,2020,2020
reprocessing-of-yukon-magnetic-data-for-nts-105k-1,Reprocessing of Yukon magnetic data for NTS 105K,0,0,0,0,4,information,yukon-geological-survey,2020-08-18T09:08:07,2020-08-18T09:08:07,2020,2020
reprocessing-of-yukon-magnetic-data-for-nts-105b-1,Reprocessing of Yukon magnetic data for NTS 105B,0,0,0,0,4,information,yukon-geological-survey,2020-08-14T03:08:49,2020-08-14T03:08:49,2020,2020
reprocessing-of-yukon-magnetic-data-for-nts-95e,Reprocessing of Yukon magnetic data for NTS 95E,0,0,0,0,4,information,yukon-geological-survey,2020-08-14T03:08:42,2020-08-14T03:08:42,2020,2020
reprocessing-of-yukon-magnetic-data-for-nts-116i-1,Reprocessing of Yukon magnetic data for NTS 116I,0,0,0,0,4,information,yukon-geological-survey,2020-08-14T02:08:52,2020-08-14T02:08:52,2020,2020
assessment-of-the-thermo-hydraulic-properties-of-rock-samples-near-takhini-hot-springs-and-in-t,"Assessment of the thermo-hydraulic properties of rock samples near Takhini Hot Springs and in the Tintina fault zone, Yukon",0,0,0,0,3,information,yukon-geological-survey,2020-07-20T02:07:01,2020-07-20T02:07:01,2020,2020
plans-and-reports-community-based-fish-and-wildlife-work-plans,Plans and Reports - Community-based Fish and Wildlife Work Plans,0,0,0,0,5,information,environment,2020-07-08T16:09:04,2020-07-08T16:09:04,2020,2020
plans-and-reports-aquatic-invasive-species,Plans and Reports - Aquatic Invasive Species,0,1,0,0,3,information,environment,2020-07-08T16:09:04,2020-07-08T16:09:04,2020,2020
plans-and-reports-air,Plans and Reports - Air,0,0,0,0,1,information,environment,2020-07-08T15:39:51,2020-07-08T15:39:51,2020,2020
atlas-of-late-triassic-to-jurassic-plutons-in-the-intermontane-terranes-of-yukon,Atlas of Late Triassic to Jurassic plutons in the Intermontane terranes of Yukon,0,0,0,1,4,information,yukon-geological-survey,2020-06-19T08:06:20,2020-06-19T08:06:20,2020,2020
regional-stream-sediment-geochemical-data-nash-creek-and-larson-creek-survey-areas-yukon-parts-,"Regional Stream Sediment Geochemical Data, Nash Creek and Larson Creek survey areas, Yukon (parts of NTS 106C, 106D & 116A)",0,0,0,0,2,information,yukon-geological-survey,2020-06-02T09:06:11,2020-06-02T09:06:11,2020,2020
the-yukon-geothermal-opportunities-and-applications-report,The Yukon Geothermal Opportunities and Applications Report,0,0,0,0,2,information,yukon-geological-survey,2020-05-29T12:05:56,2020-05-29T12:05:56,2020,2020
early-stage-exploration-for-geothermal-energy-resources-along-the-denali-fault-near-duke-river-,"Early-stage exploration for geothermal energy resources along the Denali fault near Duke River, Yukon",0,0,0,0,3,information,yukon-geological-survey,2020-05-28T02:05:37,2020-05-28T02:05:37,2020,2020
administrative-boundaries-yukon-wide,Administrative Boundaries - Yukon Wide,0,0,0,0,6,information,environment,2020-03-30T19:49:22,2020-03-30T19:49:22,2020,2020
ecoregions,Ecoregions,0,0,0,0,2,information,environment,2020-03-30T19:48:02,2020-03-30T19:48:02,2020,2020
other-environment-maps,Other environment maps,0,0,0,0,3,information,environment,2020-03-30T19:48:02,2020-03-30T19:48:02,2020,2020
campgrounds,Campgrounds,0,0,0,0,1,information,environment,2020-03-30T19:48:02,2020-03-30T19:48:02,2020,2020
caribou-herd-ranges,Caribou Herd Ranges,0,0,0,0,1,information,environment,2020-03-30T19:48:02,2020-03-30T19:48:02,2020,2020
watersheds,Watersheds,0,0,0,0,1,information,environment,2020-03-30T19:47:26,2020-03-30T19:47:26,2020,2020
preliminary-bedrock-geology-map-of-the-southern-rusty-mountain-area-southern-wernecke-mounta-18,"Preliminary bedrock geology map of the southern Rusty Mountain area, southern Wernecke Mountains, Yukon (parts of NTS 106C/4,5 and 106D/1,8)",0,0,0,0,2,information,yukon-geological-survey,2020-03-19T09:03:59,2020-03-19T09:03:59,2020,2020
breccia-styles-and-controls-on-carbonate-replacement-type-carlin-type-gold-zones-rackla-belt-ea,"Breccia styles and controls on carbonate replacement-type ('Carlin-type') gold zones, Rackla belt, east-central Yukon",0,0,0,0,2,information,yukon-geological-survey,2020-01-31T03:01:39,2020-01-31T03:01:39,2020,2020
the-northern-termination-of-the-cache-creek-terrane-in-yukon-middle-triassic-arc-activity-and-j,The northern termination of the Cache Creek terrane in Yukon: Middle Triassic arc activity and Jurassic–Cretaceous structural imbrication,0,0,0,0,1,information,yukon-geological-survey,2020-01-30T10:01:41,2020-01-30T10:01:41,2020,2020
an-examination-of-two-techniques-to-determine-the-origin-of-soil-sized-particles-on-alpine-slop,"An examination of two techniques to determine the origin of soil-sized particles on alpine slopes in the Duke Valley, southwest Yukon",0,0,0,0,1,information,yukon-geological-survey,2020-01-21T10:01:25,2020-01-21T10:01:25,2020,2020
a-middle-devonian-basin-scale-precious-metal-enrichment-event-across-northern-yukon-canada,A Middle Devonian basin-scale precious metal enrichment event across northern Yukon (Canada),0,0,0,0,1,information,yukon-geological-survey,2020-01-20T01:01:33,2020-01-20T01:01:33,2020,2020
yukon-mineral-exploration-program-2019-update,Yukon Mineral Exploration Program 2019 update,0,0,0,0,2,information,yukon-geological-survey,2020-01-17T11:01:55,2020-01-17T11:01:55,2020,2020
yukon-geological-surveys-outreach-program-2019-highlights,Yukon Geological Survey’s outreach program: 2019 highlights,0,0,0,0,2,information,yukon-geological-survey,2020-01-17T11:01:45,2020-01-17T11:01:45,2020,2020
yukon-hard-rock-mining-development-and-exploration-overview-2019,"Yukon hard rock mining, development and exploration overview 2019",0,0,0,0,2,information,yukon-geological-survey,2020-01-17T11:01:14,2020-01-17T11:01:14,2020,2020
yukon-exploration-and-geology-overview-2019,Yukon Exploration and Geology Overview 2019,0,0,0,0,2,information,yukon-geological-survey,2020-01-17T10:01:58,2020-01-17T10:01:58,2020,2020
yukon-placer-mining-2019-development-and-exploration-overview,Yukon placer mining 2019 development and exploration overview,0,0,0,0,2,information,yukon-geological-survey,2020-01-17T10:01:40,2020-01-17T10:01:40,2020,2020
yukon-geological-survey-planning-for-the-future,Yukon Geological Survey: Planning for the future,0,0,0,0,2,information,yukon-geological-survey,2020-01-17T10:01:31,2020-01-17T10:01:31,2020,2020
yukon-exploration-and-geology-2019,Yukon Exploration and Geology 2019,0,0,0,0,2,information,yukon-geological-survey,2020-01-17T10:01:01,2020-01-17T10:01:01,2020,2020
upper-triassic-to-lower-jurassic-stratigraphy-of-the-faro-peak-formation-southern-tay-river-map,"Upper Triassic to Lower Jurassic stratigraphy of the Faro Peak formation, southern Tay River map area, central Yukon (NTS 105K)",0,0,0,0,2,information,yukon-geological-survey,2020-01-16T03:01:45,2020-01-16T03:01:45,2020,2020
preliminary-report-on-the-bedrock-geology-of-castle-mountain-area-yukon-parts-of-nts-105d-6,"Preliminary report on the bedrock geology of Castle Mountain area, Yukon (parts of NTS 105D/6)",0,0,0,0,2,information,yukon-geological-survey,2020-01-16T01:01:52,2020-01-16T01:01:52,2020,2020
updated-geology-and-porphyry-copper-potential-of-the-klaza-deposit-mount-nansen-district-yu-067,"Updated geology and porphyry copper potential of the Klaza deposit, Mount Nansen district (Yukon MINFILE 115I 067)",0,0,0,0,2,information,yukon-geological-survey,2020-01-16T01:01:34,2020-01-16T01:01:34,2020,2020
new-mineral-potential-mapping-methodology-for-yukon-case-studies-from-the-beaver-river-and-daws,New mineral potential mapping methodology for Yukon: Case studies from the Beaver River and Dawson regional land use planning areas.,0,0,0,0,2,information,yukon-geological-survey,2020-01-16T01:01:15,2020-01-16T01:01:15,2020,2020
assessment-of-thermo-hydraulic-properties-of-rock-samples-near-takhini-hot-springs-yukon,"Assessment of thermo-hydraulic properties of rock samples near Takhini Hot Springs, Yukon",0,0,0,0,3,information,yukon-geological-survey,2020-01-16T01:01:08,2020-01-16T01:01:08,2020,2020
geochronologic-and-pb-isotopic-constraints-on-gold-mineralization-at-the-plateau-south-property,"Geochronologic and Pb-isotopic constraints on gold mineralization at the Plateau South property (Yukon MINFILE 105N 034, 035, 036), central Yukon",0,0,0,0,3,information,yukon-geological-survey,2020-01-16T01:01:06,2020-01-16T01:01:06,2020,2020
preliminary-report-on-the-bedrock-geology-of-the-rackla-river-area-southern-wernecke-mountains-,"Preliminary report on the bedrock geology of the Rackla River area, southern Wernecke Mountains, Yukon (parts of NTS 106C/4, 5 and 106D/1, 8)",0,0,0,0,2,information,yukon-geological-survey,2020-01-16T01:01:03,2020-01-16T01:01:03,2020,2020
potential-radiogenic-heat-production-from-granitoid-plutons-in-yukon,Potential radiogenic heat production from granitoid plutons in Yukon,0,0,0,1,4,information,yukon-geological-survey,2019-11-14T10:11:09,2019-11-14T10:11:09,2019,2019
the-first-tertiary-fossils-of-mammals-turtles-and-fish-from-canadas-yukon,"The first Tertiary fossils of mammals, turtles, and fish from Canada's Yukon",0,0,0,0,1,information,yukon-geological-survey,2019-10-31T02:10:12,2019-10-31T02:10:12,2019,2019
first-vertical-derivative-of-the-magnetic-field-aeromagnetic-survey-of-the-wolf-lake-area-yukon-4,"First Vertical Derivative of the Magnetic Field, Aeromagnetic Survey of the Wolf Lake Area, Yukon, Part of NTS 105B (south half) and 105C (south half)",0,0,0,0,4,information,yukon-geological-survey,2019-08-08T02:08:57,2019-08-08T02:08:57,2019,2019
residual-total-magnetic-field-aeromagnetic-survey-of-the-wolf-lake-area-yukon-part-of-nts-105b--1,"Residual Total Magnetic Field, Aeromagnetic Survey of the Wolf Lake Area, Yukon, Part of NTS 105B (south half) and 105C (south half)",0,0,0,0,4,information,yukon-geological-survey,2019-08-08T02:08:32,2019-08-08T02:08:32,2019,2019
residual-total-magnetic-field-aeromagnetic-survey-of-the-wolf-lake-area-yukon-part-of-nts-105b--2,"Residual Total Magnetic Field, Aeromagnetic Survey of the Wolf Lake Area, Yukon, Part of NTS 105B (south half)",0,0,0,0,4,information,yukon-geological-survey,2019-08-08T02:08:32,2019-08-08T02:08:32,2019,2019
first-vertical-derivative-of-the-magnetic-field-aeromagnetic-survey-of-the-wolf-lake-area-yukon-2,"First Vertical Derivative of the Magnetic Field, Aeromagnetic Survey of the Wolf Lake Area, Yukon, Part of NTS 105C (north half)",0,0,0,0,4,information,yukon-geological-survey,2019-08-08T02:08:31,2019-08-08T02:08:31,2019,2019
residual-total-magnetic-field-aeromagnetic-survey-of-the-wolf-lake-area-yukon-part-of-nts-105b-,"Residual Total Magnetic Field, Aeromagnetic Survey of the Wolf Lake Area, Yukon, Part of NTS 105B (north half)",0,0,0,0,4,information,yukon-geological-survey,2019-08-08T02:08:30,2019-08-08T02:08:30,2019,2019
residual-total-magnetic-field-aeromagnetic-survey-of-the-wolf-lake-area-yukon-part-of-nts-105g-,"Residual Total Magnetic Field, Aeromagnetic Survey of the Wolf Lake Area, Yukon, Part of NTS 105G (south half)",0,0,0,0,4,information,yukon-geological-survey,2019-08-08T02:08:27,2019-08-08T02:08:27,2019,2019
first-vertical-derivative-of-the-magnetic-field-aeromagnetic-survey-of-the-wolf-lake-area-yukon-5,"First Vertical Derivative of the Magnetic Field, Aeromagnetic Survey of the Wolf Lake Area, Yukon, Part of NTS 105B (south half)",0,0,0,0,4,information,yukon-geological-survey,2019-08-08T02:08:16,2019-08-08T02:08:16,2019,2019
first-vertical-derivative-of-the-magnetic-field-aeromagnetic-survey-of-the-wolf-lake-area-yukon-3,"First Vertical Derivative of the Magnetic Field, Aeromagnetic Survey of the Wolf Lake Area, Yukon, Part of NTS 105B (north half)",0,0,0,0,4,information,yukon-geological-survey,2019-08-08T02:08:11,2019-08-08T02:08:11,2019,2019
first-vertical-derivative-of-the-magnetic-field-aeromagnetic-survey-of-the-wolf-lake-area-yukon-1,"First Vertical Derivative of the Magnetic Field, Aeromagnetic Survey of the Wolf Lake Area, Yukon, Part of NTS 105G (south half)",0,0,0,0,4,information,yukon-geological-survey,2019-08-08T02:08:00,2019-08-08T02:08:00,2019,2019
residual-total-magnetic-field-aeromagnetic-survey-of-the-wolf-lake-area-yukon-part-of-nts-105c-,"Residual Total Magnetic Field, Aeromagnetic Survey of the Wolf Lake Area, Yukon, Part of NTS 105C (north half)",0,0,0,0,4,information,yukon-geological-survey,2019-08-08T02:08:00,2019-08-08T02:08:00,2019,2019
first-vertical-derivative-of-the-magnetic-field-aeromagnetic-survey-of-the-wolf-lake-area-yukon,"First Vertical Derivative of the Magnetic Field, Aeromagnetic Survey of the Wolf Lake Area, Yukon, Part of NTS 105F (south half)",0,0,0,0,4,information,yukon-geological-survey,2019-08-08T01:08:20,2019-08-08T01:08:20,2019,2019
residual-total-magnetic-field-aeromagnetic-survey-of-the-wolf-lake-area-yukon-part-of-nts-105f-,"Residual Total Magnetic Field, Aeromagnetic Survey of the Wolf Lake Area, Yukon, Part of NTS 105F (south half)",0,0,0,0,4,information,yukon-geological-survey,2019-08-08T01:08:09,2019-08-08T01:08:09,2019,2019
lithogeochemical-and-sulphur-isotope-indicators-of-environment-of-formation-and-genesis-of-the-,"Lithogeochemical and sulphur isotope indicators of environment of formation and genesis of the Moss  hyper-enriched black shale showing, Yukon",0,0,0,0,2,information,yukon-geological-survey,2019-03-01T09:03:49,2019-03-01T09:03:49,2019,2019
geology-of-northeastern-glenlyon-area-nts-105l-10-13-14-15,"Geology of northeastern Glenlyon area (NTS 105L/10, 13, 14, 15)",0,0,0,0,2,information,yukon-geological-survey,2019-02-28T01:02:06,2019-02-28T01:02:06,2019,2019
strain-partitioning-in-accretionary-orogen-and-its-effects-on-orogenic-collapse-insights-from-w,"Strain partitioning in accretionary orogen, and its effects on orogenic collapse: Insights from western North America",0,0,0,0,2,information,yukon-geological-survey,2019-02-15T11:02:39,2019-02-15T11:02:39,2019,2019
northern-cordilleran-terranes-and-their-interactions-through-time,Northern Cordilleran terranes and their interactions through time,0,0,0,0,2,information,yukon-geological-survey,2019-02-15T10:02:58,2019-02-15T10:02:58,2019,2019
rifting-of-a-mississippian-continental-arc-system-little-salmon-formation-yukon-tanana-terrane-,"Rifting of a Mississippian continental arc system: Little Salmon formation, Yukon-Tanana terrane, northern Canadian Cordillera",0,0,0,0,1,information,yukon-geological-survey,2019-02-15T10:02:21,2019-02-15T10:02:21,2019,2019
a-window-into-the-early-to-mid-cretaceous-infrastructure-of-the-yukon-tanana-terrane-recorded-i,"A window into the Early to mid-Cretaceous infrastructure of the Yukon-Tanana terrane recorded in multi-stage garnet of west-central Yukon, Canada",0,0,0,0,1,information,yukon-geological-survey,2019-02-15T10:02:20,2019-02-15T10:02:20,2019,2019
paleozoic-magmatism-and-crustal-recycling-along-the-ancient-pacific-margin-of-north-america-nor,"Paleozoic magmatism and crustal recycling along the ancient Pacific margin of North America, northern Cordillera",0,0,0,0,1,information,yukon-geological-survey,2019-02-13T08:02:49,2019-02-13T08:02:49,2019,2019
continental-fragments-mid-paleozoic-arcs-and-overlapping-late-paleozoic-arc-and-triassic-sedime,"Continental fragments, mid-Paleozoic arcs and overlapping late Paleozoic arc and Triassic sedimentation in the Yukon-Tanana terrane of northern British Columbia and southern Yukon",0,0,0,0,1,information,yukon-geological-survey,2019-02-13T08:02:42,2019-02-13T08:02:42,2019,2019
paleozoic-tectonic-and-metallogenetic-evolution-of-pericratonic-terranes-in-yukon-northern-brit,"Paleozoic tectonic and metallogenetic evolution of pericratonic terranes in Yukon, northern British Columbia and eastern Alaska",0,0,0,0,1,information,yukon-geological-survey,2019-02-13T08:02:33,2019-02-13T08:02:33,2019,2019
tectonics-and-metallogeny-of-the-british-columbia-yukon-and-alaskan-cordillera-1-8-ga-to-the-pr,"Tectonics and metallogeny of the British Columbia, Yukon and Alaskan Cordillera, 1.8 Ga to the present",0,0,0,0,2,information,yukon-geological-survey,2019-02-13T08:02:28,2019-02-13T08:02:28,2019,2019
geochemical-constraints-on-the-provenance-of-pre-mississippian-sedimentary-rocks-in-the-north-s,Geochemical constraints on the provenance of pre-Mississippian sedimentary rocks in the North Slope subterrane of Yukon and Alaska,0,0,0,0,1,information,yukon-geological-survey,2019-02-12T11:02:45,2019-02-12T11:02:45,2019,2019
tectonic-controls-on-distribution-and-stratigraphy-of-the-cryogenian-rapitan-iron-formation-nor,"Tectonic controls on distribution and stratigraphy of the Cryogenian Rapitan iron formation, northwestern Canada",0,0,0,0,1,information,yukon-geological-survey,2019-02-12T10:02:33,2019-02-12T10:02:33,2019,2019
mid-paleozoic-to-early-mesozoic-tectonostratigraphic-evolution-of-yukon-tanana-and-slide-mounta,"Mid-Paleozoic to early Mesozoic tectonostratigraphic evolution of Yukon-Tanana and Slide Mountain terranes and affiliated overlap assemblages, Finlayson Lake massive sulphide district, southeastern Yukon",0,0,0,0,1,information,yukon-geological-survey,2019-02-12T04:02:06,2019-02-12T04:02:06,2019,2019
stratigraphy-geochemistry-syngenetic-sulphide-occurrences-and-tectonic-setting-of-the-lower-pal,"Stratigraphy, geochemistry, syngenetic sulphide occurrences and tectonic setting of the lower Paleozoic Lardeau Group, northern Selkirk Mountains, British Columbia",0,0,0,0,1,information,yukon-geological-survey,2019-02-12T03:02:43,2019-02-12T03:02:43,2019,2019
basement-complex-carboniferous-magmatism-and-paleozoic-deformation-in-yukon-tanana-terrane-of-c,"Basement complex, Carboniferous magmatism and Paleozoic deformation in Yukon-Tanana terrane of central Yukon: Field, geochemical and geochronological constraints from Glenlyon map area",0,0,0,0,1,information,yukon-geological-survey,2019-02-12T01:02:56,2019-02-12T01:02:56,2019,2019
a-tectonostratigraphic-framework-for-the-pericratonic-terranes-of-the-northern-canadian-cordill,A tectonostratigraphic framework for the pericratonic terranes of the northern Canadian Cordillera,0,0,0,0,1,information,yukon-geological-survey,2019-02-12T01:02:54,2019-02-12T01:02:54,2019,2019
geochronological-and-geochemical-constraints-on-the-origin-of-the-klatsa-metamorphic-complex-im,Geochronological and geochemical constraints on the origin of the Klatsa metamorphic complex: Implications for Early Mississippian high-pressure metamorphism within Yukon-Tanana terrane,0,0,0,0,1,information,yukon-geological-survey,2019-02-12T01:02:44,2019-02-12T01:02:44,2019,2019
u-pb-zircon-age-constraint-for-late-neoproterozoic-rifting-and-initiation-of-the-lower-paleozoi,U-Pb zircon age constraint for late Neoproterozoic rifting and initiation of the lower Paleozoic passive margin of western Laurentia,0,0,0,0,1,information,yukon-geological-survey,2019-02-12T01:02:10,2019-02-12T01:02:10,2019,2019
geology-and-juxtaposition-history-of-the-yukon-tanana-slide-mountain-and-cassiar-terranes-in-th,"Geology and juxtaposition history of the Yukon-Tanana, Slide Mountain, and Cassiar terranes in the Glenlyon area of central Yukon",0,0,0,0,1,information,yukon-geological-survey,2019-02-12T01:02:00,2019-02-12T01:02:00,2019,2019
geology-of-the-eastern-lake-laberge-area-105e-south-central-yukon,"Geology of the eastern Lake Laberge area (105E), south-central Yukon",0,0,0,0,7,information,yukon-geological-survey,2019-02-11T08:02:23,2019-02-11T08:02:23,2019,2019
multi-stage-precipitation-and-redistribution-of-gold-and-its-collection-by-lead-bismuth-and-lea,"Multi-stage precipitation and redistribution of gold, and its collection by lead-bismuth and lead immiscible liquids in a reduced-intrusion related gold system (RIRGS); Dublin Gulch, western Canada",0,0,0,0,1,information,yukon-geological-survey,2019-02-01T09:02:38,2019-02-01T09:02:38,2019,2019
analyzing-historic-drilling-data-to-investigate-gold-distribution-on-lower-hunker-creek-and-klo,Analyzing historic drilling data to investigate gold distribution on lower Hunker Creek and Klondike River,0,0,0,0,2,information,yukon-geological-survey,2019-01-24T03:01:34,2019-01-24T03:01:34,2019,2019
stratigraphy-of-the-faro-peak-formation-central-yukon-new-field-observations-of-jurassic-synoro,"Stratigraphy of the Faro Peak formation, central Yukon: New field observations of Jurassic synorogenic sedimentation along the Yukon-Tanana–Slide Mountain terrane boundary",0,0,0,0,2,information,yukon-geological-survey,2019-01-24T03:01:09,2019-01-24T03:01:09,2019,2019
evaluating-geothermal-potential-in-yukon-through-temperature-gradient-drilling,Evaluating geothermal potential in Yukon through temperature gradient drilling,0,0,0,0,2,information,yukon-geological-survey,2019-01-24T02:01:59,2019-01-24T02:01:59,2019,2019
yukon-mineral-exploration-program-2018-update,Yukon Mineral Exploration Program 2018 update,0,0,0,0,2,information,yukon-geological-survey,2019-01-24T02:01:52,2019-01-24T02:01:52,2019,2019
geochemistry-of-devono-mississippian-volcanic-and-intrusive-rocks-of-the-finlayson-lake-distric,"Geochemistry of Devono–Mississippian volcanic and intrusive rocks of the Finlayson Lake district, Yukon-Tanana terrane, Yukon",0,0,0,0,2,information,yukon-geological-survey,2019-01-24T02:01:43,2019-01-24T02:01:43,2019,2019
preliminary-observations-on-the-geology-of-northeastern-glenlyon-area-central-yukon-parts-14-15,"Preliminary observations on the geology of northeastern Glenlyon area, central Yukon (parts of NTS 105L/10, 14, 15)",0,0,0,0,2,information,yukon-geological-survey,2019-01-24T02:01:40,2019-01-24T02:01:40,2019,2019
analyses-of-regional-wetland-distribution-using-predictive-ecosystem-mapping-data-sets-for-west,Analyses of regional wetland distribution using predictive ecosystem mapping data sets for west-central Yukon and east-central Alaska,0,0,0,0,2,information,yukon-geological-survey,2019-01-24T02:01:35,2019-01-24T02:01:35,2019,2019
preliminary-observations-of-the-bouvette-formation-at-nadaleen-mountain-yukon-nts-106c-2-3,"Preliminary observations of the Bouvette Formation at Nadaleen Mountain, Yukon (NTS 106C/2, 3)",0,0,0,0,2,information,yukon-geological-survey,2019-01-24T02:01:32,2019-01-24T02:01:32,2019,2019
yukon-exploration-and-geology-2018,Yukon Exploration and Geology 2018,0,0,0,0,2,information,yukon-geological-survey,2019-01-24T02:01:32,2019-01-24T02:01:32,2019,2019
yukon-placer-mining-2018-development-overview,Yukon placer mining 2018 development overview,0,0,0,0,2,information,yukon-geological-survey,2019-01-24T02:01:23,2019-01-24T02:01:23,2019,2019
yukon-geological-surveys-outreach-program-bringing-earth-science-to-all-yukoners,Yukon Geological Survey’s Outreach Program: Bringing earth science to all Yukoners,0,0,0,0,2,information,yukon-geological-survey,2019-01-24T02:01:17,2019-01-24T02:01:17,2019,2019
yukon-hard-rock-mining-development-and-exploration-overview-2018,"Yukon Hard Rock Mining, Development and Exploration Overview 2018.",0,0,0,0,2,information,yukon-geological-survey,2019-01-24T02:01:13,2019-01-24T02:01:13,2019,2019
constraints-on-the-evolution-of-placer-deposits-at-gladstone-creek-yukon-nts-115g-7-8,"Constraints on the evolution of placer deposits at Gladstone Creek, Yukon (NTS 115G/7, 8)",0,0,0,0,2,information,yukon-geological-survey,2019-01-24T02:01:08,2019-01-24T02:01:08,2019,2019
paleodrainage-map-of-beringia,Paleodrainage map of Beringia,0,0,0,0,3,information,yukon-geological-survey,2019-01-24T02:01:04,2019-01-24T02:01:04,2019,2019
yukon-exploration-and-geology-overview-2018,Yukon Exploration and Geology Overview 2018,0,0,0,0,2,information,yukon-geological-survey,2019-01-24T01:01:28,2019-01-24T01:01:28,2019,2019
summary-of-yukon-geological-survey-2018-19-activities,Summary of Yukon Geological Survey 2018-19 activities,0,0,0,0,2,information,yukon-geological-survey,2019-01-24T01:01:10,2019-01-24T01:01:10,2019,2019
bedrock-geology-map-of-the-eastern-lake-laberge-area-parts-of-nts-105e-2367-and-105d-1516,"Bedrock geology map of the eastern Lake Laberge area (parts of NTS 105E/2,3,6,7 and 105D/15,16)",0,0,0,0,4,information,yukon-geological-survey,2019-01-16T12:01:46,2019-01-16T12:01:46,2019,2019
surficial-geology-of-gladstone-creek-nts-115g-8-and-part-of-115g-7,Surficial geology of Gladstone Creek (NTS 115G/8 and part of 115G/7),0,0,0,0,2,information,yukon-geological-survey,2018-12-19T02:12:40,2018-12-19T02:12:40,2018,2018
latest-cretaceous-early-eocene-pacific-arctic-atlantic-connection-co-evolution-of-strike-slip-f,"Latest Cretaceous-early Eocene Pacific-Arctic?-Atlantic connection: Co-evolution of strike-slip fault systems, rooflines and transverse fold-and-thrust belts in the northwestern North American Cordillera",0,0,0,0,1,information,yukon-geological-survey,2018-11-19T10:11:18,2018-11-19T10:11:18,2018,2018
age-geochemistry-and-significance-of-devonian-felsic-magmatism-in-the-north-slope-subterrane-yu,"Age, geochemistry and significance of Devonian felsic magmatism in the North Slope subterrane, Yukon",0,0,0,0,1,information,yukon-geological-survey,2018-11-16T10:11:35,2018-11-16T10:11:35,2018,2018
pre-mississippian-stratigraphy-and-provenance-of-the-north-slope-of-arctic-alaska-ii-basinal-ro,Pre-Mississippian stratigraphy and provenance of the North Slope of Arctic Alaska II: Basinal rocks of the northeastern Brooks Range and their significance in circum-Arctic evolution,0,0,0,0,1,information,yukon-geological-survey,2018-11-16T10:11:34,2018-11-16T10:11:34,2018,2018
detrital-zircon-u-pb-geochronological-and-hf-isotopic-constraints-on-the-geological-evolution-o,Detrital zircon U-Pb geochronological and Hf isotopic constraints on the geological evolution of North Yukon,0,0,0,0,1,information,yukon-geological-survey,2018-11-16T10:11:29,2018-11-16T10:11:29,2018,2018
the-whale-mountain-allochthon-a-fragment-of-the-iapetus-ocean-preserved-in-the-northeastern-bro,"The Whale Mountain allochthon: a fragment of the Iapetus Ocean preserved in the northeastern Brooks Range, Alaska",0,0,0,0,1,information,yukon-geological-survey,2018-11-16T10:11:27,2018-11-16T10:11:27,2018,2018
evidence-for-the-paleozoic-sinistral-porcupine-shear-zone-in-north-yukon-canadian-arctic-and-ge,Evidence for the Paleozoic sinistral Porcupine Shear Zone in North Yukon (Canadian Arctic) and geotectonic implications,0,0,0,0,1,information,yukon-geological-survey,2018-11-16T10:11:08,2018-11-16T10:11:08,2018,2018
bedrock-geology-and-metamorphism-of-the-anderson-lake-area-parts-of-nts-105h-07-105h-10-and-105,"Bedrock geology and metamorphism of the Anderson Lake area, parts of NTS 105H/07, 105H/10 and 105H/11, southeastern Yukon",0,0,0,0,4,information,yukon-geological-survey,2018-11-01T01:11:53,2018-11-01T01:11:53,2018,2018
multisensor-airborne-geophysical-survey-stewart-river-area-parts-of-115n-115o-116b,"Multisensor airborne geophysical survey, Stewart River area, parts of 115N, 115O, 116B.",0,0,0,0,2,information,yukon-geological-survey,2018-10-25T09:10:56,2018-10-25T09:10:56,2018,2018
multisensor-airborne-geophysical-survey-stewart-river-area-115o-14,"Multisensor airborne geophysical survey, Stewart River area, 115O/14",0,0,0,0,2,information,yukon-geological-survey,2018-10-25T09:10:42,2018-10-25T09:10:42,2018,2018
multisensor-airborne-geophysical-survey-stewart-river-area-115o-16-1,"Multisensor airborne geophysical survey, Stewart River area, 115O/16",0,0,0,1,2,information,yukon-geological-survey,2018-10-25T09:10:09,2018-10-25T09:10:09,2018,2018
multisensor-airborne-geophysical-survey-stewart-river-area-115n-2,"Multisensor airborne geophysical survey, Stewart River area, 115N/2",0,0,0,0,2,information,yukon-geological-survey,2018-10-25T09:10:07,2018-10-25T09:10:07,2018,2018
multisensor-airborne-geophysical-survey-stewart-river-area-115o-6,"Multisensor airborne geophysical survey, Stewart River area, 115O/6",0,0,0,0,2,information,yukon-geological-survey,2018-10-12T10:10:58,2018-10-12T10:10:58,2018,2018
multisensor-airborne-geophysical-survey-stewart-river-area-115o-10,"Multisensor airborne geophysical survey, Stewart River area, 115O/10",0,0,0,0,2,information,yukon-geological-survey,2018-10-12T10:10:23,2018-10-12T10:10:23,2018,2018
digital-compilation-of-bedrock-geology-and-till-geochemistry,Digital compilation of bedrock geology and till geochemistry,0,0,0,0,2,information,yukon-geological-survey,2018-10-12T10:10:00,2018-10-12T10:10:00,2018,2018
multisensor-airborne-geophysical-survey-stewart-river-area-115n-1,"Multisensor airborne geophysical survey, Stewart River area, 115N/1",0,0,0,0,2,information,yukon-geological-survey,2018-10-12T09:10:22,2018-10-12T09:10:22,2018,2018
airborne-multisensor-geophysical-survey-minto-area-yukon,"Airborne multisensor geophysical survey, Minto area, Yukon",0,0,0,0,2,information,yukon-geological-survey,2018-10-12T02:10:33,2018-10-12T02:10:33,2018,2018
multisensor-airborne-geophysical-survey-minto-area-115i-11,"Multisensor airborne geophysical survey, Minto area, 115I/11",0,0,0,0,2,information,yukon-geological-survey,2018-10-12T01:10:44,2018-10-12T01:10:44,2018,2018
multisensor-airborne-geophysical-survey-stewart-river-area-115n-115o-116b-parts-of,"Multisensor airborne geophysical survey, Stewart River area, 115N, 115O, 116B (parts of)",0,0,0,0,2,information,yukon-geological-survey,2018-10-12T01:10:40,2018-10-12T01:10:40,2018,2018
multisensor-airborne-geophysical-survey-stewart-river-area-115o-16,"Multisensor airborne geophysical survey, Stewart River area, 115O/16",0,0,0,4,2,information,yukon-geological-survey,2018-10-12T01:10:21,2018-10-12T01:10:21,2018,2018
airborne-geophysical-survey-stewart-river-yukon-territory-parts-of-115n-o-and-116b,"Airborne Geophysical Survey, Stewart River, Yukon Territory (Parts of 115N, O and 116B)",0,0,0,0,2,information,yukon-geological-survey,2018-10-12T01:10:17,2018-10-12T01:10:17,2018,2018
multisensor-airborne-geophysical-survey-minto-area-115i-7,"Multisensor airborne geophysical survey, Minto area, 115I/7",0,0,0,0,2,information,yukon-geological-survey,2018-10-12T01:10:03,2018-10-12T01:10:03,2018,2018
first-vertical-derivative-of-the-magnetic-field-aeromagnetic-survey-of-the-marsh-lake-area-yuko-7,"First Vertical Derivative of the Magnetic Field, Aeromagnetic Survey of the Marsh Lake Area, Yukon, Part of NTS 105F/North",0,0,0,0,5,information,yukon-geological-survey,2018-07-05T11:07:53,2018-07-05T11:07:53,2018,2018
first-vertical-derivative-of-the-magnetic-field-aeromagnetic-survey-of-the-marsh-lake-area-yuko-6,"First Vertical Derivative of the Magnetic Field, Aeromagnetic Survey of the Marsh Lake Area, Yukon, Part of NTS 105F/South",0,0,0,0,5,information,yukon-geological-survey,2018-07-05T11:07:15,2018-07-05T11:07:15,2018,2018
residual-total-magnetic-field-aeromagnetic-survey-of-the-marsh-lake-area-yukon-part-of-nts-105f-1,"Residual Total Magnetic Field, Aeromagnetic Survey of the Marsh Lake Area, Yukon, Part of NTS 105F/North",0,0,0,0,5,information,yukon-geological-survey,2018-07-05T11:07:15,2018-07-05T11:07:15,2018,2018
residual-total-magnetic-field-aeromagnetic-survey-of-the-marsh-lake-area-yukon-part-of-nts-105f,"Residual Total Magnetic Field, Aeromagnetic Survey of the Marsh Lake Area, Yukon, Part of NTS 105F/South",0,0,0,0,5,information,yukon-geological-survey,2018-07-05T10:07:58,2018-07-05T10:07:58,2018,2018
residual-total-magnetic-field-aeromagnetic-survey-of-the-marsh-lake-area-yukon-part-of-nts-105e,"Residual Total Magnetic Field, Aeromagnetic Survey of the Marsh Lake Area, Yukon, Part of NTS 105E/South",0,0,0,0,5,information,yukon-geological-survey,2018-07-05T10:07:56,2018-07-05T10:07:56,2018,2018
first-vertical-derivative-of-the-magnetic-field-aeromagnetic-survey-of-the-marsh-lake-area-yuko-2,"First Vertical Derivative of the Magnetic Field, Aeromagnetic Survey of the Marsh Lake Area, Yukon, Part of NTS 105D/South",0,0,0,0,5,information,yukon-geological-survey,2018-07-05T10:07:50,2018-07-05T10:07:50,2018,2018
residual-total-magnetic-field-aeromagnetic-survey-of-the-marsh-lake-area-yukon-part-of-nts-105e-1,"Residual Total Magnetic Field, Aeromagnetic Survey of the Marsh Lake Area, Yukon, Part of NTS 105E/North",0,0,0,0,5,information,yukon-geological-survey,2018-07-05T10:07:50,2018-07-05T10:07:50,2018,2018
first-vertical-derivative-of-the-magnetic-field-aeromagnetic-survey-of-the-marsh-lake-area-yuko-5,"First Vertical Derivative of the Magnetic Field, Aeromagnetic Survey of the Marsh Lake Area, Yukon, Part of NTS 105E/North",0,0,0,0,5,information,yukon-geological-survey,2018-07-05T10:07:42,2018-07-05T10:07:42,2018,2018
residual-total-magnetic-field-aeromagnetic-survey-of-the-marsh-lake-area-yukon-part-of-nts-105d-1,"Residual Total Magnetic Field, Aeromagnetic Survey of the Marsh Lake Area, Yukon, Part of NTS 105D/North",0,0,0,0,5,information,yukon-geological-survey,2018-07-05T10:07:42,2018-07-05T10:07:42,2018,2018
first-vertical-derivative-of-the-magnetic-field-aeromagnetic-survey-of-the-marsh-lake-area-yuko-1,"First Vertical Derivative of the Magnetic Field, Aeromagnetic Survey of the Marsh Lake Area, Yukon, Part of NTS 105C/South",0,0,0,0,5,information,yukon-geological-survey,2018-07-05T10:07:29,2018-07-05T10:07:29,2018,2018
first-vertical-derivative-of-the-magnetic-field-aeromagnetic-survey-of-the-marsh-lake-area-yuko-4,"First Vertical Derivative of the Magnetic Field, Aeromagnetic Survey of the Marsh Lake Area, Yukon, Part of NTS 105E/South",0,0,0,0,5,information,yukon-geological-survey,2018-07-05T10:07:29,2018-07-05T10:07:29,2018,2018
residual-total-magnetic-field-aeromagnetic-survey-of-the-marsh-lake-area-yukon-part-of-nts-105d,"Residual Total Magnetic Field, Aeromagnetic Survey of the Marsh Lake Area, Yukon, Part of NTS 105D/South",0,0,0,0,5,information,yukon-geological-survey,2018-07-05T10:07:20,2018-07-05T10:07:20,2018,2018
residual-total-magnetic-field-aeromagnetic-survey-of-the-marsh-lake-area-yukon-part-of-nts-105c-1,"Residual Total Magnetic Field, Aeromagnetic Survey of the Marsh Lake Area, Yukon, Part of NTS 105C/North",0,0,0,0,5,information,yukon-geological-survey,2018-07-05T10:07:09,2018-07-05T10:07:09,2018,2018
first-vertical-derivative-of-the-magnetic-field-aeromagnetic-survey-of-the-marsh-lake-area-yuko-3,"First Vertical Derivative of the Magnetic Field, Aeromagnetic Survey of the Marsh Lake Area, Yukon, Part of NTS 105D/North",0,0,0,0,5,information,yukon-geological-survey,2018-07-05T10:07:05,2018-07-05T10:07:05,2018,2018
first-vertical-derivative-of-the-magnetic-field-aeromagnetic-survey-of-the-marsh-lake-area-yuko,"First Vertical Derivative of the Magnetic Field, Aeromagnetic Survey of the Marsh Lake Area, Yukon, Part of NTS 105C/North",0,0,0,0,5,information,yukon-geological-survey,2018-07-05T10:07:02,2018-07-05T10:07:02,2018,2018
residual-total-magnetic-field-aeromagnetic-survey-of-the-marsh-lake-area-yukon-part-of-nts-105c,"Residual Total Magnetic Field, Aeromagnetic Survey of the Marsh Lake Area, Yukon, Part of NTS 105C/South",0,0,0,0,5,information,yukon-geological-survey,2018-07-05T09:07:49,2018-07-05T09:07:49,2018,2018
yukon-mineral-deposits-summary-2018,Yukon Mineral Deposits Summary 2018,0,0,0,0,2,information,yukon-geological-survey,2018-06-22T12:06:05,2018-06-22T12:06:05,2018,2018
geology-matters,Geology Matters,0,0,0,0,2,information,yukon-geological-survey,2018-05-15T08:05:21,2018-05-15T08:05:21,2018,2018
bedrock-geological-map-of-the-mount-freegold-district-dawson-range,"Bedrock geological map of the Mount Freegold district, Dawson Range",0,0,0,0,2,information,yukon-geological-survey,2018-04-16T08:04:44,2018-04-16T08:04:44,2018,2018
yukon-placer-mining-industry-2015-to-2017,Yukon Placer Mining Industry 2015 to 2017,0,0,0,0,2,information,yukon-geological-survey,2018-04-12T08:04:05,2018-04-12T08:04:05,2018,2018
cordilleran-ice-sheet-mass-loss-preceded-climate-reversals-near-the-pleistocene-termination,Cordilleran Ice Sheet mass loss preceded climate reversals near the Pleistocene Termination,0,0,0,0,1,information,yukon-geological-survey,2018-01-22T10:01:53,2018-01-22T10:01:53,2018,2018
natural-thermogenic-gas-seeps-at-the-front-of-the-richardson-mountains-indications-for-a-petrol,"Natural thermogenic gas seeps at the front of the Richardson Mountains: Indications for a petroleum system in Peel Plateau, Yukon, Canada",0,0,0,0,1,information,yukon-geological-survey,2018-01-22T09:01:46,2018-01-22T09:01:46,2018,2018
new-occurrences-of-oldhamia-in-eastern-yukon-canada-stratigraphic-context-and-implications-for-,"New occurrences of Oldhamia in eastern Yukon, Canada: Stratigraphic context and implications for Cambrian deep-marine biostratigraphy",0,0,0,0,1,information,yukon-geological-survey,2018-01-22T09:01:35,2018-01-22T09:01:35,2018,2018
seismic-and-gravity-constraints-on-the-crustal-architecture-of-the-intermontane-terranes-centra,"Seismic and gravity constraints on the crustal architecture of the Intermontane terranes, central Yukon",0,0,0,0,1,information,yukon-geological-survey,2018-01-22T09:01:33,2018-01-22T09:01:33,2018,2018
middle-jurassic-to-earliest-cretaceous-mid-crustal-tectono-metamorphism-in-the-northern-canadia,Middle Jurassic to earliest Cretaceous mid-crustal tectono-metamorphism in the northern Canadian Cordillera: Recording foreland-directed migration of an orogenic front,0,0,0,0,2,information,yukon-geological-survey,2018-01-22T09:01:04,2018-01-22T09:01:04,2018,2018
lithogeochemical-characterization-of-the-middle-upper-devonian-road-river-group-and-canol-and-i,"Lithogeochemical characterization of the Middle–Upper Devonian Road River Group and Canol and Imperial formations on Trail River, east Richardson Mountains, Yukon: age constraints and a depositional model for fine-grained strata in the Lower Paleozoic Richardson trough",0,0,0,0,1,information,yukon-geological-survey,2018-01-22T09:01:02,2018-01-22T09:01:02,2018,2018
geochemistry-of-shale-and-sedimentary-pyrite-as-a-proxy-for-gold-fertility-in-the-selwyn-basin-,"Geochemistry of shale and sedimentary pyrite as a proxy for gold fertility in the Selwyn basin area, Yukon",0,0,0,0,1,information,yukon-geological-survey,2018-01-22T08:01:13,2018-01-22T08:01:13,2018,2018
new-investigations-of-basal-laberge-group-stratigraphy-whitehorse-trough-central-yukon,"New investigations of basal Laberge Group stratigraphy, Whitehorse trough, central Yukon",0,0,0,0,2,information,yukon-geological-survey,2018-01-18T11:01:57,2018-01-18T11:01:57,2018,2018
stratigraphic-affinity-of-late-neoproterozoic-limestone-in-the-vicinity-of-tillei-and-mcpherson,"Stratigraphic affinity of late Neoproterozoic limestone in the vicinity of Tillei and McPherson lakes, 105H/13, 14, southeastern Yukon",0,0,0,0,2,information,yukon-geological-survey,2018-01-18T11:01:35,2018-01-18T11:01:35,2018,2018
mod-property-vms-mineralization-in-the-western-part-of-the-yukon-tanana-terrane-yukon-m-029-031,"Mod Property, VMS Mineralization in the Western Part of the Yukon-Tanana terrane? (Yukon MINFILE 105B 028, 029, 031)",0,0,0,0,2,information,yukon-geological-survey,2018-01-18T11:01:20,2018-01-18T11:01:20,2018,2018
the-structural-framework-for-carlin-type-gold-mineralization-in-the-nadaleen-trend-yukon,"The structural framework for Carlin-type gold mineralization in the Nadaleen trend, Yukon",0,0,0,0,2,information,yukon-geological-survey,2018-01-18T11:01:16,2018-01-18T11:01:16,2018,2018
re-evaluating-the-chronostratigraphic-framework-for-felsic-volcanic-and-intrusive-rocks-of-the-,"Re-evaluating the chronostratigraphic framework for felsic volcanic and intrusive rocks of the Finlayson Lake region, Yukon-Tanana terrane, Yukon",0,0,0,0,2,information,yukon-geological-survey,2018-01-18T11:01:05,2018-01-18T11:01:05,2018,2018
bedrock-geology-of-the-teslin-mountain-and-east-lake-laberge-areas-south-central-yukon,"Bedrock geology of the Teslin Mountain and east Lake Laberge areas, south-central Yukon",0,0,0,0,2,information,yukon-geological-survey,2018-01-18T10:01:43,2018-01-18T10:01:43,2018,2018
clast-fabric-analysis-of-glacial-diamict-at-the-allan-creek-section-and-its-implication-for-pal,"Clast fabric analysis of glacial diamict at the Allan Creek section and its implication for paleo-ice flow of Liard Lowland, southeastern Yukon",0,0,0,0,2,information,yukon-geological-survey,2018-01-18T10:01:35,2018-01-18T10:01:35,2018,2018
new-contributions-to-the-bedrock-geology-of-the-mount-freegold-district-dawson-range-yukon-nts-,"New contributions to the bedrock geology of the Mount Freegold district, Dawson Range, Yukon (NTS 115I/2, 6 and 7)",0,0,0,0,2,information,yukon-geological-survey,2018-01-18T10:01:32,2018-01-18T10:01:32,2018,2018
evidence-for-limited-glaciation-in-northern-kluane-range-southwestern-yukon-with-implications-f,"Evidence for limited glaciation in northern Kluane Range, southwestern Yukon, with implications for surficial geochemical exploration",0,0,0,0,2,information,yukon-geological-survey,2018-01-18T10:01:25,2018-01-18T10:01:25,2018,2018
an-overview-of-shale-studies-in-yukon-during-the-2017-field-season,An overview of shale studies in Yukon during the 2017 field season,0,0,0,0,2,information,yukon-geological-survey,2018-01-18T10:01:21,2018-01-18T10:01:21,2018,2018
an-appraisal-of-devonian-mississippian-shale-strata-in-yukons-liard-basin,An appraisal of Devonian-Mississippian shale strata in Yukon’s Liard basin,0,0,0,0,2,information,yukon-geological-survey,2018-01-18T10:01:03,2018-01-18T10:01:03,2018,2018
yukon-mineral-exploration-program-2017-update,Yukon Mineral Exploration Program 2017 Update,0,0,0,0,2,information,yukon-geological-survey,2018-01-18T09:01:54,2018-01-18T09:01:54,2018,2018
summary-of-yukon-geological-survey-2017-18-activities,Summary of Yukon Geological Survey 2017-18 Activities,0,0,0,0,2,information,yukon-geological-survey,2018-01-18T09:01:42,2018-01-18T09:01:42,2018,2018
yukon-placer-mining-2017-development-overview,Yukon Placer Mining 2017 Development Overview,0,0,0,0,2,information,yukon-geological-survey,2018-01-18T09:01:38,2018-01-18T09:01:38,2018,2018
osiris-cluster-carlin-type-gold-east-central-yukon,"Osiris cluster Carlin-type gold, east-central Yukon",0,0,0,0,2,information,yukon-geological-survey,2018-01-18T09:01:23,2018-01-18T09:01:23,2018,2018
yukon-exploration-and-geology-2017,Yukon Exploration and Geology 2017,0,0,0,0,2,information,yukon-geological-survey,2018-01-18T09:01:19,2018-01-18T09:01:19,2018,2018
yukon-hard-rock-mining-development-and-exploration-overview-2017,"Yukon Hard Rock Mining, Development and Exploration Overview 2017",0,0,0,0,2,information,yukon-geological-survey,2018-01-18T09:01:05,2018-01-18T09:01:05,2018,2018
gold-occurrences-on-the-plateau-south-property-central-yukon,"Gold occurrences on the Plateau South property, central Yukon",0,0,0,0,2,information,yukon-geological-survey,2018-01-18T09:01:02,2018-01-18T09:01:02,2018,2018
yukon-exploration-and-geology-overview-2017,Yukon Exploration and Geology Overview 2017,0,0,0,0,2,information,yukon-geological-survey,2018-01-18T08:01:32,2018-01-18T08:01:32,2018,2018
bedrock-geology-map-of-the-teslin-mountain-and-east-lake-laberge-areas,Bedrock geology map of the Teslin Mountain and east Lake Laberge areas,0,0,0,0,3,information,yukon-geological-survey,2018-01-18T02:01:13,2018-01-18T02:01:13,2018,2018
residual-total-magnetic-field-aeromagnetic-survey-of-the-llewellyn-area,"Residual total magnetic field, aeromagnetic survey of the Llewellyn area",0,0,0,0,5,information,yukon-geological-survey,2017-09-14T07:09:42,2017-09-14T07:09:42,2017,2017
first-vertical-derivative-of-the-magnetic-field-aeromagnetic-survey-of-the-llewellyn-area,"First vertical derivative of the magnetic field, aeromagnetic survey of the Llewellyn area",0,0,0,0,5,information,yukon-geological-survey,2017-09-14T07:09:12,2017-09-14T07:09:12,2017,2017
reprocessing-of-yukon-magnetic-data-for-nts-117b,Reprocessing of Yukon magnetic data for NTS 117B,0,0,0,0,4,information,yukon-geological-survey,2017-08-11T12:08:28,2017-08-11T12:08:28,2017,2017
reprocessing-of-yukon-magnetic-data-for-nts-117c,Reprocessing of Yukon magnetic data for NTS 117C,0,0,0,0,4,information,yukon-geological-survey,2017-08-11T12:08:05,2017-08-11T12:08:05,2017,2017
reprocessing-of-yukon-magnetic-data-for-nts-117d,Reprocessing of Yukon magnetic data for NTS 117D,0,0,0,0,4,information,yukon-geological-survey,2017-08-11T12:08:04,2017-08-11T12:08:04,2017,2017
reprocessing-of-yukon-magnetic-data-for-nts-116p,Reprocessing of Yukon magnetic data for NTS 116P,0,0,0,0,4,information,yukon-geological-survey,2017-08-11T11:08:58,2017-08-11T11:08:58,2017,2017
reprocessing-of-yukon-magnetic-data-for-nts-116i,Reprocessing of Yukon magnetic data for NTS 116I,0,0,0,0,4,information,yukon-geological-survey,2017-08-11T11:08:57,2017-08-11T11:08:57,2017,2017
reprocessing-of-yukon-magnetic-data-for-nts-116j,Reprocessing of Yukon magnetic data for NTS 116J,0,0,0,0,4,information,yukon-geological-survey,2017-08-11T11:08:57,2017-08-11T11:08:57,2017,2017
reprocessing-of-yukon-magnetic-data-for-nts-116o,Reprocessing of Yukon magnetic data for NTS 116O,0,0,0,0,4,information,yukon-geological-survey,2017-08-11T11:08:56,2017-08-11T11:08:56,2017,2017
reprocessing-of-yukon-magnetic-data-for-nts-116g,Reprocessing of Yukon magnetic data for NTS 116G,0,0,0,0,4,information,yukon-geological-survey,2017-08-11T11:08:49,2017-08-11T11:08:49,2017,2017
reprocessing-of-yukon-magnetic-data-for-nts-116f,Reprocessing of Yukon magnetic data for NTS 116F,0,0,0,0,4,information,yukon-geological-survey,2017-08-11T11:08:46,2017-08-11T11:08:46,2017,2017
reprocessing-of-yukon-magnetic-data-for-nts-117a,Reprocessing of Yukon magnetic data for NTS 117A,0,0,0,0,4,information,yukon-geological-survey,2017-08-11T11:08:43,2017-08-11T11:08:43,2017,2017
reprocessing-of-yukon-magnetic-data-for-nts-116k,Reprocessing of Yukon magnetic data for NTS 116K,0,0,0,0,4,information,yukon-geological-survey,2017-08-11T11:08:32,2017-08-11T11:08:32,2017,2017
reprocessing-of-yukon-magnetic-data-for-nts-116c,Reprocessing of Yukon magnetic data for NTS 116C,0,0,0,0,4,information,yukon-geological-survey,2017-08-11T11:08:31,2017-08-11T11:08:31,2017,2017
reprocessing-of-yukon-magnetic-data-for-nts-116b,Reprocessing of Yukon magnetic data for NTS 116B,0,0,0,0,4,information,yukon-geological-survey,2017-08-11T11:08:30,2017-08-11T11:08:30,2017,2017
reprocessing-of-yukon-magnetic-data-for-nts-116n,Reprocessing of Yukon magnetic data for NTS 116N,0,0,0,0,4,information,yukon-geological-survey,2017-08-11T11:08:15,2017-08-11T11:08:15,2017,2017
reprocessing-of-yukon-magnetic-data-for-nts-116h,Reprocessing of Yukon magnetic data for NTS 116H,0,0,0,0,4,information,yukon-geological-survey,2017-08-11T11:08:03,2017-08-11T11:08:03,2017,2017
reprocessing-of-yukon-magnetic-data-for-nts-116a,Reprocessing of Yukon magnetic data for NTS 116A,0,0,0,0,4,information,yukon-geological-survey,2017-08-11T11:08:01,2017-08-11T11:08:01,2017,2017
reprocessing-of-yukon-magnetic-data-for-nts-115o,Reprocessing of Yukon magnetic data for NTS 115O,0,0,0,0,4,information,yukon-geological-survey,2017-08-11T09:08:50,2017-08-11T09:08:50,2017,2017
reprocessing-of-yukon-magnetic-data-for-nts-115n,Reprocessing of Yukon magnetic data for NTS 115N,0,0,0,0,4,information,yukon-geological-survey,2017-08-11T09:08:43,2017-08-11T09:08:43,2017,2017
reprocessing-of-yukon-magnetic-data-for-nts-115j,Reprocessing of Yukon magnetic data for NTS 115J,0,0,0,0,4,information,yukon-geological-survey,2017-08-11T09:08:43,2017-08-11T09:08:43,2017,2017
reprocessing-of-yukon-magnetic-data-for-nts-115i,Reprocessing of Yukon magnetic data for NTS 115I,0,0,0,0,4,information,yukon-geological-survey,2017-08-11T09:08:21,2017-08-11T09:08:21,2017,2017
reprocessing-of-yukon-magnetic-data-for-nts-115p,Reprocessing of Yukon magnetic data for NTS 115P,0,0,0,0,4,information,yukon-geological-survey,2017-08-11T09:08:18,2017-08-11T09:08:18,2017,2017
reprocessing-of-yukon-magnetic-data-for-nts-115k,Reprocessing of Yukon magnetic data for NTS 115K,0,0,0,0,4,information,yukon-geological-survey,2017-08-11T09:08:01,2017-08-11T09:08:01,2017,2017
reprocessing-of-yukon-magnetic-data-for-nts-106d,Reprocessing of Yukon magnetic data for NTS 106D,0,0,0,0,4,information,yukon-geological-survey,2017-08-11T08:08:59,2017-08-11T08:08:59,2017,2017
reprocessing-of-yukon-magnetic-data-for-nts-115b,Reprocessing of Yukon magnetic data for NTS 115B,0,0,0,0,4,information,yukon-geological-survey,2017-08-11T08:08:59,2017-08-11T08:08:59,2017,2017
reprocessing-of-yukon-magnetic-data-for-nts-115h,Reprocessing of Yukon magnetic data for NTS 115H,0,0,0,0,4,information,yukon-geological-survey,2017-08-11T08:08:55,2017-08-11T08:08:55,2017,2017
reprocessing-of-yukon-magnetic-data-for-nts-106c,Reprocessing of Yukon magnetic data for NTS 106C,0,0,0,0,4,information,yukon-geological-survey,2017-08-11T08:08:54,2017-08-11T08:08:54,2017,2017
reprocessing-of-yukon-magnetic-data-for-nts-106f,Reprocessing of Yukon magnetic data for NTS 106F,0,0,0,0,4,information,yukon-geological-survey,2017-08-11T08:08:52,2017-08-11T08:08:52,2017,2017
reprocessing-of-yukon-magnetic-data-for-nts-115f,Reprocessing of Yukon magnetic data for NTS 115F,0,0,0,0,4,information,yukon-geological-survey,2017-08-11T08:08:42,2017-08-11T08:08:42,2017,2017
reprocessing-of-yukon-magnetic-data-for-nts-106e,Reprocessing of Yukon magnetic data for NTS 106E,0,0,0,0,4,information,yukon-geological-survey,2017-08-11T08:08:41,2017-08-11T08:08:41,2017,2017
reprocessing-of-yukon-magnetic-data-for-nts-115a,Reprocessing of Yukon magnetic data for NTS 115A,0,0,0,0,4,information,yukon-geological-survey,2017-08-11T08:08:39,2017-08-11T08:08:39,2017,2017
reprocessing-of-yukon-magnetic-data-for-nts-115g,Reprocessing of Yukon magnetic data for NTS 115G,0,0,0,0,4,information,yukon-geological-survey,2017-08-11T08:08:37,2017-08-11T08:08:37,2017,2017
reprocessing-of-yukon-magnetic-data-for-nts-106b,Reprocessing of Yukon magnetic data for NTS 106B,0,0,0,0,4,information,yukon-geological-survey,2017-08-11T08:08:32,2017-08-11T08:08:32,2017,2017
reprocessing-of-yukon-magnetic-data-for-nts-106k,Reprocessing of Yukon magnetic data for NTS 106K,0,0,0,0,4,information,yukon-geological-survey,2017-08-11T08:08:24,2017-08-11T08:08:24,2017,2017
reprocessing-of-yukon-magnetic-data-for-nts-115c,Reprocessing of Yukon magnetic data for NTS 115C,0,0,0,0,4,information,yukon-geological-survey,2017-08-11T08:08:11,2017-08-11T08:08:11,2017,2017
reprocessing-of-yukon-magnetic-data-for-nts-106l,Reprocessing of Yukon magnetic data for NTS 106L,0,0,0,0,4,information,yukon-geological-survey,2017-08-11T08:08:06,2017-08-11T08:08:06,2017,2017
reprocessing-of-yukon-magnetic-data-for-nts-105o,Reprocessing of Yukon magnetic data for NTS 105O,0,0,0,0,4,information,yukon-geological-survey,2017-08-11T07:08:55,2017-08-11T07:08:55,2017,2017
reprocessing-of-yukon-magnetic-data-for-nts-105p,Reprocessing of Yukon magnetic data for NTS 105P,0,0,0,0,4,information,yukon-geological-survey,2017-08-11T07:08:21,2017-08-11T07:08:21,2017,2017
reprocessing-of-yukon-magnetic-data-for-nts-105n,Reprocessing of Yukon magnetic data for NTS 105N,0,0,0,0,4,information,yukon-geological-survey,2017-08-11T07:08:14,2017-08-11T07:08:14,2017,2017
reprocessing-of-yukon-magnetic-data-for-nts-095b,Reprocessing of Yukon magnetic data for NTS 095B,0,0,0,0,4,information,yukon-geological-survey,2017-08-10T12:08:24,2017-08-10T12:08:24,2017,2017
reprocessing-of-yukon-magnetic-data-for-nts-105k,Reprocessing of Yukon magnetic data for NTS 105K,0,0,0,0,4,information,yukon-geological-survey,2017-08-10T03:08:58,2017-08-10T03:08:58,2017,2017
reprocessing-of-yukon-magnetic-data-for-nts-105l,Reprocessing of Yukon magnetic data for NTS 105L,0,0,0,0,4,information,yukon-geological-survey,2017-08-10T03:08:42,2017-08-10T03:08:42,2017,2017
reprocessing-of-yukon-magnetic-data-for-nts-105m,Reprocessing of Yukon magnetic data for NTS 105M,0,0,0,0,4,information,yukon-geological-survey,2017-08-10T03:08:17,2017-08-10T03:08:17,2017,2017
reprocessing-of-yukon-magnetic-data-for-nts-105j,Reprocessing of Yukon magnetic data for NTS 105J,0,0,0,0,4,information,yukon-geological-survey,2017-08-10T03:08:09,2017-08-10T03:08:09,2017,2017
reprocessing-of-yukon-magnetic-data-for-nts-105c,Reprocessing of Yukon magnetic data for NTS 105C,0,0,0,0,4,information,yukon-geological-survey,2017-08-10T02:08:53,2017-08-10T02:08:53,2017,2017
reprocessing-of-yukon-magnetic-data-for-nts-105i,Reprocessing of Yukon magnetic data for NTS 105I,0,0,0,0,4,information,yukon-geological-survey,2017-08-10T02:08:39,2017-08-10T02:08:39,2017,2017
reprocessing-of-yukon-magnetic-data-for-nts-105b,Reprocessing of Yukon magnetic data for NTS 105B,0,0,0,0,4,information,yukon-geological-survey,2017-08-10T02:08:32,2017-08-10T02:08:32,2017,2017
reprocessing-of-yukon-magnetic-data-for-nts-105f,Reprocessing of Yukon magnetic data for NTS 105F,0,0,0,0,4,information,yukon-geological-survey,2017-08-10T02:08:17,2017-08-10T02:08:17,2017,2017
reprocessing-of-yukon-magnetic-data-for-nts-105h,Reprocessing of Yukon magnetic data for NTS 105H,0,0,0,0,4,information,yukon-geological-survey,2017-08-10T02:08:09,2017-08-10T02:08:09,2017,2017
reprocessing-of-yukon-magnetic-data-for-nts-105d,Reprocessing of Yukon magnetic data for NTS 105D,0,0,0,0,4,information,yukon-geological-survey,2017-08-10T02:08:06,2017-08-10T02:08:06,2017,2017
reprocessing-of-yukon-magnetic-data-for-nts-105e,Reprocessing of Yukon magnetic data for NTS 105E,0,0,0,0,4,information,yukon-geological-survey,2017-08-10T02:08:00,2017-08-10T02:08:00,2017,2017
reprocessing-of-yukon-magnetic-data-for-nts-105g,Reprocessing of Yukon magnetic data for NTS 105G,0,0,0,0,4,information,yukon-geological-survey,2017-08-10T02:08:00,2017-08-10T02:08:00,2017,2017
reprocessing-of-yukon-magnetic-data-for-nts-105a,Reprocessing of Yukon magnetic data for NTS 105A,0,0,0,0,4,information,yukon-geological-survey,2017-08-10T01:08:59,2017-08-10T01:08:59,2017,2017
reprocessing-of-yukon-magnetic-data-for-nts-095c,Reprocessing of Yukon magnetic data for NTS 095C,0,0,0,0,4,information,yukon-geological-survey,2017-08-10T01:08:58,2017-08-10T01:08:58,2017,2017
reprocessing-of-yukon-magnetic-data-for-nts-095e,Reprocessing of Yukon magnetic data for NTS 095E,0,0,0,0,4,information,yukon-geological-survey,2017-08-10T01:08:34,2017-08-10T01:08:34,2017,2017
reprocessing-of-yukon-magnetic-data-for-nts-095d,Reprocessing of Yukon magnetic data for NTS 095D,0,0,0,0,4,information,yukon-geological-survey,2017-08-10T01:08:28,2017-08-10T01:08:28,2017,2017
assessment-of-yukon-regional-stream-sediment-catchment-basin-and-geochemical-data-quality,Assessment of Yukon regional stream sediment catchment basin and geochemical data quality,0,0,0,0,3,information,yukon-geological-survey,2017-06-14T09:06:10,2017-06-14T09:06:10,2017,2017
potential-radiogenic-heat-production-from-cretaceous-and-younger-granitoid-plutons-in-southern-,Potential radiogenic heat production from Cretaceous and younger granitoid plutons in southern Yukon,0,0,0,0,4,information,yukon-geological-survey,2017-06-08T09:06:53,2017-06-08T09:06:53,2017,2017
curie-point-depth-mapping-in-yukon,Curie point depth mapping in Yukon,0,0,0,0,5,information,yukon-geological-survey,2017-05-15T01:05:58,2017-05-15T01:05:58,2017,2017
ross-river-geothermal-exploration-project-review-of-the-2014-work-program,Ross River geothermal exploration project: Review of the 2014 work program,0,0,0,0,2,information,yukon-geological-survey,2017-04-11T10:04:56,2017-04-11T10:04:56,2017,2017
structure-and-kinematic-evolution-of-the-duke-river-fault-southwestern-yukon,"Structure and kinematic evolution of the Duke River fault, southwestern Yukon",0,0,0,0,1,information,yukon-geological-survey,2017-03-31T02:03:17,2017-03-31T02:03:17,2017,2017
whitehorse-trough-past-present-and-future-petroleum-research-with-a-focus-on-reservoir-characte,"Whitehorse trough: Past, present and future petroleum research – with a focus on reservoir characterization of the northern Laberge Group",0,0,0,0,4,information,yukon-geological-survey,2017-03-06T02:03:49,2017-03-06T02:03:49,2017,2017
geothermal-energy-yukon,Geothermal Energy Yukon,0,0,0,0,2,information,yukon-geological-survey,2017-02-17T09:02:07,2017-02-17T09:02:07,2017,2017
digital-analysis-of-historic-drilling-data-to-reconstruct-the-placer-gold-distribution-in-sulph,"Digital analysis of historic drilling data to reconstruct the placer gold distribution in Sulphur Creek and lower Dominion Creek, central Yukon",0,0,0,0,2,information,yukon-geological-survey,2017-01-20T10:01:36,2017-01-20T10:01:36,2017,2017
mapping-magma-prospectivity-for-cordilleran-volcanogenic-massive-sulphide-vms-deposits-using-nd,Mapping magma prospectivity for Cordilleran volcanogenic massive sulphide (VMS) deposits using Nd-Hf isotopes: Preliminary results,0,0,0,0,2,information,yukon-geological-survey,2017-01-20T10:01:18,2017-01-20T10:01:18,2017,2017
jurassic-stratigraphy-and-tectonic-evolution-of-the-whitehorse-trough-central-yukon-project-out,"Jurassic stratigraphy and tectonic evolution of the  Whitehorse trough, central Yukon: Project outline and preliminary field results",0,0,0,0,2,information,yukon-geological-survey,2017-01-20T10:01:07,2017-01-20T10:01:07,2017,2017
volcanic-stratigraphy-of-the-cambrian-ordovician-kechika-group-pelly-mountains-south-central-yu,"Volcanic stratigraphy of the Cambrian-Ordovician Kechika group, Pelly Mountains, south-central Yukon",0,0,0,0,2,information,yukon-geological-survey,2017-01-20T09:01:32,2017-01-20T09:01:32,2017,2017
progress-report-on-geological-mapping-in-the-upper-hyland-river-region-of-southeastern-yukon-02,"Progress report on geological mapping in the upper Hyland River region of southeastern Yukon  (parts of NTS 105H/08,09,10,15,16 and 105I/02)",0,0,0,0,2,information,yukon-geological-survey,2017-01-20T09:01:29,2017-01-20T09:01:29,2017,2017
preliminary-investigations-of-placer-gold-settings-in-arch-creek-kluane-district-southwestern-y,"Preliminary investigations of placer gold settings in Arch Creek, Kluane district, southwestern Yukon",0,0,0,0,2,information,yukon-geological-survey,2017-01-20T09:01:29,2017-01-20T09:01:29,2017,2017
preliminary-observations-on-the-volcanic-rocks-of-the-keno-mayo-district-105m-13-14-the-anvil-d,"Preliminary observations on the volcanic rocks of the Keno-Mayo district (105M/13, 14), the Anvil district (105K/3, 6), and the MacMillan Pass district (105O/1, 2), central Yukon",0,0,0,0,2,information,yukon-geological-survey,2017-01-20T09:01:25,2017-01-20T09:01:25,2017,2017
near-surface-geophysical-investigation-of-a-gravel-site-near-whitehorse-yukon,"Near-surface geophysical investigation of a gravel site near Whitehorse, Yukon",0,0,0,0,2,information,yukon-geological-survey,2017-01-20T09:01:21,2017-01-20T09:01:21,2017,2017
the-slide-mountain-ophiolite-big-salmon-range-south-central-yukon-preliminary-results-from-fiel,"The Slide Mountain ophiolite, Big Salmon Range, south-central Yukon: Preliminary results from fieldwork",0,0,0,0,2,information,yukon-geological-survey,2017-01-20T09:01:12,2017-01-20T09:01:12,2017,2017
new-geological-insights-into-the-carmacks-copper-cu-au-ag-deposit-central-yukon-yukon-minfi-008,"New geological insights into the Carmacks Copper Cu-Au-Ag deposit, central Yukon (Yukon  MINFILE 115I 008)",0,0,0,0,2,information,yukon-geological-survey,2017-01-20T09:01:09,2017-01-20T09:01:09,2017,2017
geophysical-geochemical-and-geochronological-constraints-on-the-geology-and-mineral-potential-o,"Geophysical, geochemical and geochronological constraints on the geology and mineral potential of the Livingstone Creek area, south-central Yukon (NTS 105E/8)",0,0,0,0,4,information,yukon-geological-survey,2017-01-20T09:01:01,2017-01-20T09:01:01,2017,2017
preliminary-bedrock-geology-of-the-long-lake-and-moraine-lake-areas-southwestern-yukon-nts-115a,"Preliminary bedrock geology of the Long Lake and Moraine Lake areas, southwestern Yukon (NTS 115A/15 and 115H/2 and 7)",0,0,0,0,2,information,yukon-geological-survey,2017-01-20T09:01:00,2017-01-20T09:01:00,2017,2017
updates-on-the-middle-triassic-middle-jurassic-stratigraphy-and-structure-of-the-teslin-mountai,"Updates on the Middle Triassic-Middle Jurassic stratigraphy and structure of the Teslin Mountain and east Lake Laberge areas, south-central Yukon",0,0,0,0,2,information,yukon-geological-survey,2017-01-20T08:01:33,2017-01-20T08:01:33,2017,2017
update-on-the-minto-deposit,Update on the Minto deposit,0,0,0,0,3,information,yukon-geological-survey,2017-01-19T03:01:51,2017-01-19T03:01:51,2017,2017
yukon-mineral-exploration-program-2016-17-update,Yukon Mineral Exploration Program: 2016-17 Update,0,0,0,0,2,information,yukon-geological-survey,2017-01-19T03:01:38,2017-01-19T03:01:38,2017,2017
klaza-project-an-expanding-high-grade-au-and-ag-resource-in-the-mount-nansen-gold-camp,Klaza project: An expanding high-grade Au and Ag resource in the Mount Nansen gold camp,0,0,0,0,2,information,yukon-geological-survey,2017-01-19T03:01:37,2017-01-19T03:01:37,2017,2017
casino-porphyry-copper-gold-molybdenum-deposit-central-yukon,"Casino porphyry copper-gold-molybdenum deposit, central Yukon",0,0,0,0,3,information,yukon-geological-survey,2017-01-19T03:01:33,2017-01-19T03:01:33,2017,2017
yukon-hardrock-mining-development-and-exploration-overview-2016,"Yukon Hardrock Mining, Development and Exploration Overview 2016",0,0,0,0,2,information,yukon-geological-survey,2017-01-19T03:01:12,2017-01-19T03:01:12,2017,2017
summary-of-yukon-geological-survey-2016-17-activities,Summary of Yukon Geological Survey 2016-17 Activities,0,0,0,0,2,information,yukon-geological-survey,2017-01-19T02:01:36,2017-01-19T02:01:36,2017,2017
yukon-placer-mining-2016-development-overview,Yukon Placer Mining 2016 Development Overview,0,0,0,0,2,information,yukon-geological-survey,2017-01-19T02:01:07,2017-01-19T02:01:07,2017,2017
revised-geological-map-of-livingstone-creek-area-nts-105e-8,Revised geological map of Livingstone Creek area (NTS 105E/8),0,0,0,0,3,information,yukon-geological-survey,2017-01-17T12:01:49,2017-01-17T12:01:49,2017,2017
bedrock-geology-of-the-upper-hyland-river-area-nts-105h-8-9-10-15-16-and-105i-2-southeast-yukon,"Bedrock geology of the upper Hyland River area, NTS 105H/8, 9, 10, 15, 16 and 105I/2, southeast Yukon",0,0,0,0,2,information,yukon-geological-survey,2016-12-14T10:12:14,2016-12-14T10:12:14,2016,2016
enhanced-interpretation-of-stream-sediment-geochemical-data-for-nts-105d,Enhanced interpretation of stream sediment geochemical data for NTS 105D,0,0,0,0,3,information,yukon-geological-survey,2016-11-17T11:11:36,2016-11-17T11:11:36,2016,2016
geological-map-of-the-earn-lake-area-central-yukon-parts-of-nts-105l-9-15-and-16,"Geological map of the Earn Lake area, central Yukon, parts of NTS 105L/9, 15 and 16",0,0,0,0,2,information,yukon-geological-survey,2016-11-17T10:11:48,2016-11-17T10:11:48,2016,2016
preliminary-geological-map-of-the-hutshi-lakes-and-cracker-creek-map-areas-parts-of-nts-115a-15,"Preliminary geological map of the Hutshi Lakes and Cracker Creek map areas, parts of NTS 115A/15 and 115H/2",0,0,0,0,2,information,yukon-geological-survey,2016-11-17T10:11:34,2016-11-17T10:11:34,2016,2016
enhanced-interpretation-of-stream-sediment-geochemical-data-for-nts-116b-and-116c,Enhanced interpretation of stream sediment geochemical data for NTS 116B and 116C,0,0,0,0,3,information,yukon-geological-survey,2016-11-17T09:11:57,2016-11-17T09:11:57,2016,2016
enhanced-interpretation-of-stream-sediment-geochemical-data-for-nts-115a,Enhanced interpretation of stream sediment geochemical data for NTS 115A,0,0,0,0,3,information,yukon-geological-survey,2016-11-17T09:11:53,2016-11-17T09:11:53,2016,2016
enhanced-interpretation-of-stream-sediment-geochemical-data-for-nts-105o-and-105p,Enhanced interpretation of stream sediment geochemical data for NTS 105O and 105P,0,0,0,0,3,information,yukon-geological-survey,2016-11-17T09:11:41,2016-11-17T09:11:41,2016,2016
enhanced-interpretation-of-stream-sediment-geochemical-data-for-nts-115p,Enhanced interpretation of stream sediment geochemical data for NTS 115P,0,0,0,0,3,information,yukon-geological-survey,2016-11-17T09:11:28,2016-11-17T09:11:28,2016,2016
enhanced-interpretation-of-stream-sediment-geochemical-data-for-nts-115n-and-115o,Enhanced interpretation of stream sediment geochemical data for NTS 115N and 115O,0,0,0,0,3,information,yukon-geological-survey,2016-11-17T09:11:00,2016-11-17T09:11:00,2016,2016
enhanced-interpretation-of-stream-sediment-geochemical-data-for-nts-105m,Enhanced interpretation of stream sediment geochemical data for NTS 105M,0,0,0,0,3,information,yukon-geological-survey,2016-11-17T08:11:17,2016-11-17T08:11:17,2016,2016
bedrock-geology-map-of-the-teslin-mountain-and-east-lake-laberge-areas-parts-of-nts-105e-2-3-an,"Bedrock geology map of the Teslin Mountain and East Lake Laberge areas, parts of NTS 105E/2, 3 and 6",0,0,0,0,2,information,yukon-geological-survey,2016-11-17T03:11:14,2016-11-17T03:11:14,2016,2016
yukon-plutonic-suites,Yukon Plutonic Suites,0,0,0,0,2,information,yukon-geological-survey,2016-11-17T03:11:00,2016-11-17T03:11:00,2016,2016
volcanogenic-massive-sulphide-and-orogenic-gold-deposits-in-northern-southeast-alaska,Volcanogenic massive sulphide and orogenic gold deposits in northern Southeast Alaska,0,0,0,0,3,information,yukon-geological-survey,2016-11-08T03:11:38,2016-11-08T03:11:38,2016,2016
the-keno-hill-silver-mining-district,The Keno Hill silver mining district,0,0,0,0,4,information,yukon-geological-survey,2016-11-08T03:11:32,2016-11-08T03:11:32,2016,2016
tectonics-of-the-intermontane-and-insular-terranes-and-development-of-mesozoic-synorogenic-basi,"Tectonics of the Intermontane and Insular terranes, and development of Mesozoic synorogenic basins in southern Yukon: Carmacks to Kluane Lake",0,0,0,0,4,information,yukon-geological-survey,2016-11-08T03:11:22,2016-11-08T03:11:22,2016,2016
the-anvil-district,The Anvil District,0,0,0,2,4,information,yukon-geological-survey,2016-11-08T02:11:39,2016-11-08T02:11:39,2016,2016
veins-to-valleys-the-klondike-district,Veins to valleys: the Klondike District,0,0,0,0,3,information,yukon-geological-survey,2016-11-08T02:11:08,2016-11-08T02:11:08,2016,2016
inventory-of-mass-movement-geohazards-along-the-dempster-highway-yukon,"Inventory of mass movement geohazards along the Dempster Highway, Yukon",0,0,0,0,3,information,yukon-geological-survey,2016-11-07T01:11:30,2016-11-07T01:11:30,2016,2016
surficial-geology-old-crow-yukon-parts-of-nts-116o-12,"Surficial geology, Old Crow, Yukon, parts of NTS 116O/12",0,0,0,0,5,information,yukon-geological-survey,2016-10-18T01:10:45,2016-10-18T01:10:45,2016,2016
analytical-methods-and-non-interpretative-data-compilation-for-unconventional-shale-plays-of-yu,Analytical methods and non-interpretative data compilation for unconventional shale plays of Yukon's Liard basin,0,0,0,0,2,information,yukon-geological-survey,2016-09-21T08:09:43,2016-09-21T08:09:43,2016,2016
enhanced-interpretation-of-stream-sediment-geochemical-data-for-nts-115i,Enhanced interpretation of stream sediment geochemical data for NTS 115I,0,0,0,0,3,information,yukon-geological-survey,2016-09-06T08:09:36,2016-09-06T08:09:36,2016,2016
enhanced-interpretation-of-stream-sediment-geochemical-data-for-nts-115j-and-115k,Enhanced interpretation of stream sediment geochemical data for NTS 115J and 115K,0,0,0,0,3,information,yukon-geological-survey,2016-09-06T08:09:06,2016-09-06T08:09:06,2016,2016
electromagnetic-survey-of-the-livingstone-creek-area-yukon-parts-of-nts-105-e-7-8-9-and-10,"Electromagnetic Survey of the Livingstone Creek area, Yukon, Parts of NTS 105-E/7, 8, 9 and 10",0,0,0,0,7,information,yukon-geological-survey,2016-09-02T07:09:58,2016-09-02T07:09:58,2016,2016
electromagnetic-survey-of-the-livingstone-creek-area-yukon-parts-of-nts-105-e-1-and-8,"Electromagnetic Survey of the Livingstone Creek area, Yukon, Parts of NTS 105-E/1 and 8",0,0,0,0,7,information,yukon-geological-survey,2016-09-02T07:09:35,2016-09-02T07:09:35,2016,2016
residual-total-magnetic-field-aeromagnetic-survey-of-the-frances-lake-area-yukon-nts-105-a-15-a,"Residual Total Magnetic Field, Aeromagnetic Survey of the Frances Lake Area, Yukon, NTS 105-A/15 and parts of 105-A/14, 16, H/2, 3, 4",0,0,0,0,4,information,yukon-geological-survey,2016-07-27T02:07:54,2016-07-27T02:07:54,2016,2016
residual-total-magnetic-field-aeromagnetic-survey-of-the-frances-lake-area-yukon-nts-105--10-11,"Residual Total Magnetic Field, Aeromagnetic Survey of the Frances Lake Area, Yukon, NTS 105-H/6, 12, and parts of 105-G/9, H/5, 7, 10, 11",0,0,0,0,4,information,yukon-geological-survey,2016-07-27T02:07:44,2016-07-27T02:07:44,2016,2016
residual-total-magnetic-field-aeromagnetic-survey-of-the-frances-lake-area-yukon-nts-105-g-16-a,"Residual Total Magnetic Field, Aeromagnetic Survey of the Frances Lake Area, Yukon, NTS 105-G/16 and parts of 105-G/15, H/13, 14, I/4, J/1, 2",0,0,0,0,4,information,yukon-geological-survey,2016-07-27T02:07:40,2016-07-27T02:07:40,2016,2016
first-vertical-derivative-of-the-magnetic-field-aeromagnetic-survey-of-the-frances-lake-a-10-11,"First Vertical Derivative of the Magnetic Field, Aeromagnetic Survey of the Frances Lake Area, Yukon, NTS 105-H/6, 12 and parts of 105-G/9, H/5, 7, 10 11",0,0,0,0,4,information,yukon-geological-survey,2016-07-27T02:07:36,2016-07-27T02:07:36,2016,2016
first-vertical-derivative-of-the-magnetic-field-aeromagnetic-survey-of-the-frances-lake-area-yu,"First Vertical Derivative of the Magnetic Field, Aeromagnetic Survey of the Frances Lake Area, Yukon, NTS 105-A/15 and parts of 105-A/14, 16, H/2, 3, 4",0,0,0,0,4,information,yukon-geological-survey,2016-07-27T02:07:16,2016-07-27T02:07:16,2016,2016
first-vertical-derivative-of-the-magnetic-field-aeromagnetic-survey-of-the-frances-lake-area-yu-1,"First Vertical Derivative of the Magnetic Field, Aeromagnetic Survey of the Frances Lake Area, Yukon, NTS 105-G/16 and parts of 105-G/15, H13, 14, I/4, J/1, 2",0,0,0,0,4,information,yukon-geological-survey,2016-07-27T02:07:13,2016-07-27T02:07:13,2016,2016
first-vertical-derivative-of-the-magnetic-field-aeromagnetic-survey-of-the-frances-lake-area-11,"First Vertical Derivative of the Magnetic Field, Aeromagnetic Survey of the Frances Lake Area, Yukon, NTS 105-A/10 and parts of 105-A/6, 7, 9, 11",0,0,0,0,4,information,yukon-geological-survey,2016-07-27T01:07:18,2016-07-27T01:07:18,2016,2016
residual-total-magnetic-field-aeromagnetic-survey-of-the-frances-lake-area-yukon-nts-105-a-1-11,"Residual Total Magnetic Field, Aeromagnetic Survey of the Frances Lake Area, Yukon, NTS 105-A/10 and parts of 105-A/6, 7, 9, 11",0,0,0,0,4,information,yukon-geological-survey,2016-07-27T01:07:18,2016-07-27T01:07:18,2016,2016
pressure-data-assessment-liard-basin-yukon,"Pressure data assessment, Liard Basin, Yukon",0,0,0,0,2,information,yukon-geological-survey,2016-07-06T10:07:08,2016-07-06T10:07:08,2016,2016
technical-report-a-comparison-of-aerochem-and-traditional-stream-sediment-sampling,Technical report: A comparison of aerochem and traditional stream sediment sampling,0,0,0,0,3,information,yukon-geological-survey,2016-06-23T01:06:22,2016-06-23T01:06:22,2016,2016
enhanced-interpretation-of-stream-sediment-geochemical-data-for-nts-105l,Enhanced interpretation of stream sediment geochemical data for NTS 105L,0,0,0,0,3,information,yukon-geological-survey,2016-06-17T10:06:57,2016-06-17T10:06:57,2016,2016
enhanced-interpretation-of-stream-sediment-geochemical-data-for-nts-115h,Enhanced interpretation of stream sediment geochemical data for NTS 115H,0,0,0,0,3,information,yukon-geological-survey,2016-06-17T10:06:27,2016-06-17T10:06:27,2016,2016
enhanced-interpretation-of-stream-sediment-geochemical-data-for-nts-115f-and-115g,Enhanced interpretation of stream sediment geochemical data for NTS 115F and 115G,0,0,0,0,3,information,yukon-geological-survey,2016-06-17T10:06:17,2016-06-17T10:06:17,2016,2016
enhanced-interpretation-of-stream-sediment-geochemical-data-for-nts-105c,Enhanced interpretation of stream sediment geochemical data for NTS 105C,0,0,0,1,3,information,yukon-geological-survey,2016-06-17T10:06:04,2016-06-17T10:06:04,2016,2016
southern-yukon-geological-highway-map,Southern Yukon geological highway map,0,0,0,0,2,information,yukon-geological-survey,2016-06-17T10:06:03,2016-06-17T10:06:03,2016,2016
regional-stream-sediment-geochemical-data-watson-lake-area-southeastern-yukon-nts-095d-and-105a-1,"Regional stream sediment geochemical data, Watson Lake area, southeastern Yukon (NTS 095D and 105A)",0,0,0,0,2,information,yukon-geological-survey,2016-05-24T12:05:42,2016-05-24T12:05:42,2016,2016
regional-lake-sediment-geochemical-data-watson-lake-area-southeastern-yukon-nts-105a,"Regional lake sediment geochemical data, Watson Lake area, southeastern Yukon (NTS 105A)",0,0,0,0,2,information,yukon-geological-survey,2016-05-24T12:05:03,2016-05-24T12:05:03,2016,2016
regional-stream-sediment-geochemical-data-dezadeash-range-area-southwestern-yukon-nts-115a-and-,"Regional stream sediment geochemical data, Dezadeash Range area, southwestern Yukon (NTS 115A and 115B)",0,0,0,0,2,information,yukon-geological-survey,2016-05-24T12:05:01,2016-05-24T12:05:01,2016,2016
regional-stream-sediment-geochemical-data-stewart-river-area-western-yukon-nts-115n-east-and-11,"Regional stream sediment geochemical data, Stewart River area, western Yukon (NTS 115N east & 115O)",0,0,0,0,2,information,yukon-geological-survey,2016-05-24T11:05:12,2016-05-24T11:05:12,2016,2016
enhanced-interpretation-of-stream-sediment-geochemical-data-for-nts-105e,Enhanced interpretation of stream sediment geochemical data for NTS 105E,0,0,0,0,3,information,yukon-geological-survey,2016-05-24T03:05:45,2016-05-24T03:05:45,2016,2016
enhanced-interpretation-of-stream-sediment-geochemical-data-for-nts-105b,Enhanced interpretation of stream sediment geochemical data for NTS 105B,0,0,0,0,3,information,yukon-geological-survey,2016-05-24T03:05:29,2016-05-24T03:05:29,2016,2016
yukon-mineral-property-update,Yukon Mineral Property Update,0,0,0,0,2,information,yukon-geological-survey,2016-04-29T08:04:08,2016-04-29T08:04:08,2016,2016
sedimentology-and-regional-significance-of-the-argillite-unit-a-probable-cryogenian-map-unit-in,"Sedimentology and regional significance of the ‘argillite unit’, a probable Cryogenian map unit in southeast Yukon, Canada",0,0,0,0,1,information,yukon-geological-survey,2016-03-29T09:03:22,2016-03-29T09:03:22,2016,2016
the-unconventional-gas-resources-of-mississippian-devonian-shales-in-the-liard-basin-of-british,"The unconventional gas resources of Mississippian-Devonian shales in the Liard basin of British Columbia, the Northwest Territories and Yukon",0,0,0,0,2,information,yukon-geological-survey,2016-03-17T10:03:33,2016-03-17T10:03:33,2016,2016
an-orogenic-wedge-model-for-diachronous-deformation-metamorphism-and-exhumation-in-the-hinterla,"An orogenic wedge model for diachronous deformation, metamorphism, and exhumation in the hinterland of the northern Canadian Cordillera",0,0,0,0,2,information,yukon-geological-survey,2016-02-09T11:02:50,2016-02-09T11:02:50,2016,2016
copper-gold-silver-mineralization-at-the-stu-occurrence-central-yukon-yukon-minfile-115i-011,"Copper-gold ± silver mineralization at the Stu occurrence, central Yukon (Yukon MINFILE 115I 011)",0,0,0,0,2,information,yukon-geological-survey,2016-01-25T11:01:52,2016-01-25T11:01:52,2016,2016
late-holocene-fluctuations-of-the-north-lobe-of-llewellyn-glacier-upper-yukon-river-basin,"Late Holocene fluctuations of the north lobe of Llewellyn Glacier, Upper Yukon River Basin",0,0,0,0,2,information,yukon-geological-survey,2016-01-25T11:01:44,2016-01-25T11:01:44,2016,2016
digitizing-and-spatially-analyzing-historic-ycgc-drill-data-from-dominion-creek-a-pilot-project,Digitizing and spatially analyzing historic YCGC drill data from Dominion Creek: a pilot project,0,0,0,0,2,information,yukon-geological-survey,2016-01-25T11:01:34,2016-01-25T11:01:34,2016,2016
crustal-depth-of-emplacement-of-the-early-jurassic-aishihik-and-tatchun-batholiths-west-central,"Crustal depth of emplacement of the Early Jurassic Aishihik and Tatchun batholiths, west-central Yukon",0,0,0,0,2,information,yukon-geological-survey,2016-01-25T11:01:12,2016-01-25T11:01:12,2016,2016
placer-lode-gold-relationships-in-the-nansen-placer-district-yukon,"Placer-lode gold relationships in the Nansen placer district, Yukon",0,0,0,0,2,information,yukon-geological-survey,2016-01-25T10:01:58,2016-01-25T10:01:58,2016,2016
early-pleistocene-glaciation-and-implications-for-placer-gold-deposits-in-back-creek-mount-nans,"Early Pleistocene glaciation and implications for placer gold deposits in Back Creek, Mount Nansen area, Yukon",0,0,0,0,2,information,yukon-geological-survey,2016-01-25T10:01:57,2016-01-25T10:01:57,2016,2016
preliminary-observations-on-the-geology-of-tay-mountain-area-parts-of-nts-105k-12-and-13-105l-0,"Preliminary observations on the geology of Tay Mountain Area (parts of NTS 105K/12 and 13, 105L/09 and 16), central Yukon",0,0,0,0,2,information,yukon-geological-survey,2016-01-25T10:01:25,2016-01-25T10:01:25,2016,2016
a-type-granite-plutons-and-tin-skarns-in-southeast-yukon-mindy-prospect-and-surrounding-granite,A-type granite plutons and tin skarns in southeast Yukon: Mindy prospect and surrounding granite of 105C/9,0,0,0,0,2,information,yukon-geological-survey,2016-01-25T10:01:19,2016-01-25T10:01:19,2016,2016
u-pb-zircon-age-and-pb-isotopic-constraints-on-the-age-and-origin-of-porphyry-and-epithermal-ve,"U-Pb zircon age and Pb isotopic constraints on the age and origin of porphyry and epithermal vein mineralization in the eastern Dawson Range, Yukon",0,0,0,0,2,information,yukon-geological-survey,2016-01-25T10:01:15,2016-01-25T10:01:15,2016,2016
protopiceoxylon-yukonense-sp-nov-a-remarkable-extinct-conifer-from-the-mackenzie-delta-area-nor,"Protopiceoxylon yukonense sp. nov. – A remarkable extinct conifer from the Mackenzie Delta area, northern Yukon",0,0,0,0,2,information,yukon-geological-survey,2016-01-25T10:01:08,2016-01-25T10:01:08,2016,2016
new-u-pb-zircon-dates-from-the-aishihik-batholith-southern-yukon,"New U-Pb zircon dates from the Aishihik batholith, southern Yukon",0,0,0,0,2,information,yukon-geological-survey,2016-01-25T10:01:03,2016-01-25T10:01:03,2016,2016
preliminary-results-on-the-middle-triassic-middle-jurassic-stratigraphy-and-structure-of-the-te,"Preliminary results on the Middle Triassic-Middle Jurassic stratigraphy and structure of the Teslin Mountain area, southern Yukon",0,0,0,0,2,information,yukon-geological-survey,2016-01-25T09:01:39,2016-01-25T09:01:39,2016,2016
the-paradise-gravel-evidence-for-a-pre-white-channel-gravel-in-the-klondike,The Paradise gravel: Evidence for a pre-White Channel Gravel in the Klondike,0,0,0,0,2,information,yukon-geological-survey,2016-01-25T09:01:37,2016-01-25T09:01:37,2016,2016
paleozoic-stratigraphy-tectonics-and-metallogeny-of-the-pelly-mountains-quiet-lake-and-finlayso,"Paleozoic stratigraphy, tectonics and metallogeny of the Pelly Mountains, Quiet Lake and Finlayson Lake map areas (NTS 105F and G), central Yukon: Project outline and preliminary field results",0,0,0,0,2,information,yukon-geological-survey,2016-01-25T09:01:27,2016-01-25T09:01:27,2016,2016
field-investigations-of-the-sugar-gold-prospect-dawson-range-yukon-nts-115j-14-and-115j-15,"Field investigations of the Sugar gold prospect, Dawson Range, Yukon (NTS 115J/14 and 115J/15)",0,0,0,0,2,information,yukon-geological-survey,2016-01-25T09:01:02,2016-01-25T09:01:02,2016,2016
yukon-exploration-and-geology-2015,Yukon Exploration and Geology 2015,0,0,0,0,2,information,yukon-geological-survey,2016-01-25T08:01:58,2016-01-25T08:01:58,2016,2016
summary-of-yukon-geological-survey-2015-16-activities,Summary of Yukon Geological Survey 2015-16 Activities,0,0,0,0,2,information,yukon-geological-survey,2016-01-25T02:01:50,2016-01-25T02:01:50,2016,2016
yukon-mineral-exploration-program-update-2015-2016,Yukon Mineral Exploration Program Update 2015-2016,0,0,0,0,2,information,yukon-geological-survey,2016-01-25T02:01:13,2016-01-25T02:01:13,2016,2016
yukon-placer-mining-exploration-and-development-overview-2015,Yukon Placer Mining Exploration and Development Overview 2015,0,0,0,0,2,information,yukon-geological-survey,2016-01-25T02:01:13,2016-01-25T02:01:13,2016,2016
yukon-hard-rock-mining-development-and-exploration-overview-2015,"Yukon Hard Rock Mining, Development and Exploration Overview 2015",0,0,0,0,2,information,yukon-geological-survey,2016-01-25T02:01:08,2016-01-25T02:01:08,2016,2016
bedrock-geology-compilation-of-the-eastern-rackla-belt-nts-105n-15-105n-16-105o-13-106b-4-106c-,"Bedrock geology compilation of the eastern Rackla belt, NTS 105N/15, 105N/16, 105O/13, 106B/4, 106C/1, 106C/2, east-central Yukon",0,0,0,0,4,information,yukon-geological-survey,2016-01-22T10:01:41,2016-01-22T10:01:41,2016,2016
bedrock-geology-of-the-tay-mountain-area-central-yukon,"Bedrock geology of the Tay Mountain area, central Yukon",0,0,0,0,2,information,yukon-geological-survey,2016-01-22T10:01:09,2016-01-22T10:01:09,2016,2016
yukon-exploration-and-geology-overview-2015,Yukon Exploration and Geology Overview 2015,0,0,0,0,2,information,yukon-geological-survey,2016-01-18T02:01:19,2016-01-18T02:01:19,2016,2016
enhanced-interpretation-of-stream-sediment-geochemical-data-for-nts-105i-and-105j,Enhanced interpretation of stream sediment geochemical data for NTS 105I and 105J,0,0,0,0,3,information,yukon-geological-survey,2016-01-15T09:01:53,2016-01-15T09:01:53,2016,2016
enhanced-interpretation-of-stream-sediment-geochemical-data-for-nts-95d-and-105a,Enhanced interpretation of stream sediment geochemical data for NTS 95D and 105A,0,0,0,0,3,information,yukon-geological-survey,2016-01-07T10:01:04,2016-01-07T10:01:04,2016,2016
yukon-mineral-deposits-summary-2015,Yukon Mineral Deposits Summary 2015,0,0,0,0,2,information,yukon-geological-survey,2016-01-01T12:01:55,2016-01-01T12:01:55,2016,2016
preliminary-geological-map-of-the-long-lake-area-parts-of-nts-115h-2-and-115h-7,"Preliminary geological map of the Long Lake area, parts of NTS 115H/2 and 115H/7",0,0,0,0,2,information,yukon-geological-survey,2015-12-09T12:12:26,2015-12-09T12:12:26,2015,2015
provenance-and-depositional-framework-of-braided-and-meandering-gravel-bed-river-deposits-and-a,"Provenance and depositional framework of braided and meandering gravel-bed river deposits and associated coal deposits in active intermontane piggyback basins: The Upper Jurassic to Lower Cretaceous Tantalus Formation, Yukon",0,0,0,0,4,information,yukon-geological-survey,2015-12-02T12:12:58,2015-12-02T12:12:58,2015,2015
enhanced-interpretation-of-stream-sediment-geochemical-data-for-nts-105f,Enhanced interpretation of stream sediment geochemical data for NTS 105F,0,0,0,0,3,information,yukon-geological-survey,2015-10-27T11:10:50,2015-10-27T11:10:50,2015,2015
enhanced-interpretation-of-stream-sediment-geochemical-data-for-nts-105n,Enhanced interpretation of stream sediment geochemical data for NTS 105N,0,0,0,0,3,information,yukon-geological-survey,2015-10-27T11:10:42,2015-10-27T11:10:42,2015,2015
building-blocks-of-tombstone,Building blocks of Tombstone,0,0,0,0,2,information,yukon-geological-survey,2015-10-27T11:10:22,2015-10-27T11:10:22,2015,2015
regional-bedrock-geology-for-coal-river-map-area-nts-95d-southeast-yukon,"Regional bedrock geology for Coal River map area (NTS 95D), southeast Yukon",0,0,0,0,3,information,yukon-geological-survey,2015-10-26T10:10:50,2015-10-26T10:10:50,2015,2015
enhanced-interpretation-of-stream-sediment-geochemical-data-for-nts-105h,Enhanced interpretation of stream sediment geochemical data for NTS 105H,0,0,0,0,3,information,yukon-geological-survey,2015-09-24T10:09:33,2015-09-24T10:09:33,2015,2015
enhanced-interpretation-of-stream-sediment-geochemical-data-for-nts-105g,Enhanced interpretation of stream sediment geochemical data for NTS 105G,0,0,0,0,3,information,yukon-geological-survey,2015-09-24T09:09:10,2015-09-24T09:09:10,2015,2015
kluane-lake-west-electromagnetic-survey-parts-of-nts-115g-5-6-11-and-12,"Kluane Lake West Electromagnetic Survey, parts of NTS 115G/5, 6, 11 and 12.",0,0,0,0,6,information,yukon-geological-survey,2015-09-09T09:09:49,2015-09-09T09:09:49,2015,2015
enhanced-interpretation-of-stream-sediment-geochemical-data-for-nts-105k,Enhanced interpretation of stream sediment geochemical data for NTS 105K,0,0,0,0,3,information,yukon-geological-survey,2015-09-09T03:09:02,2015-09-09T03:09:02,2015,2015
enhanced-interpretation-of-regional-geochemical-stream-sediment-data-from-yukon-catchment-basin,Enhanced interpretation of regional geochemical stream sediment data from Yukon: catchment basin analysis and weighted sums modeling,0,0,0,1,2,information,yukon-geological-survey,2015-08-03T10:08:20,2015-08-03T10:08:20,2015,2015
birth-of-the-northern-cordilleran-orogen-as-recorded-by-detrital-zircons-in-jurassic-synorogeni,"Birth of the northern Cordilleran orogen, as recorded by detrital zircons in Jurassic synorogenic strata and regional exhumation in Yukon",0,0,0,0,2,information,yukon-geological-survey,2015-07-27T12:07:51,2015-07-27T12:07:51,2015,2015
conventional-reservoir-petrophysical-property-assessment-for-34-wells-eagle-plain-yukon-6545-to,"Conventional reservoir petrophysical property assessment for 34 wells, Eagle Plain, Yukon (65°45’ to 67°30’ N; 135°50’ to 138°45’ W)",0,0,0,0,3,information,yukon-geological-survey,2015-07-09T09:07:25,2015-07-09T09:07:25,2015,2015
kluane-lake-west-aeromagnetic-survey-residual-total-magnetic-field-nts-115g-6-and-parts-of-nts-,"Kluane Lake West Aeromagnetic Survey, Residual Total magnetic Field, NTS 115G/6 and parts of NTS 115G/5 and 7, Yukon",0,0,0,0,4,information,yukon-geological-survey,2015-07-09T04:07:50,2015-07-09T04:07:50,2015,2015
kluane-lake-west-aeromagnetic-survey-first-vertical-derivative-of-the-magnetic-field-nts-115g-1,"Kluane Lake West Aeromagnetic Survey, First Vertical Derivative of the Magnetic Field, NTS 115G/12 and parts of NTS 115G/11, 13, 14 and NTS 115F/9 and 16, Yukon",0,0,0,0,4,information,yukon-geological-survey,2015-07-09T04:07:37,2015-07-09T04:07:37,2015,2015
kluane-lake-west-aeromagnetic-survey-residual-total-magnetic-field-parts-of-nts-115g-2-and-3-yu,"Kluane Lake West Aeromagnetic Survey, Residual Total magnetic Field, Parts of NTS 115G/2 and 3, Yukon",0,0,0,0,4,information,yukon-geological-survey,2015-07-09T04:07:24,2015-07-09T04:07:24,2015,2015
kluane-lake-west-aeromagnetic-survey-first-vertical-derivative-of-the-magnetic-field-nts-115g-6,"Kluane Lake West Aeromagnetic Survey, First Vertical Derivative of the Magnetic Field, NTS 115G/6 and parts of NTS 115G/5 and 7, Yukon",0,0,0,0,4,information,yukon-geological-survey,2015-07-09T04:07:10,2015-07-09T04:07:10,2015,2015
kluane-lake-west-aeromagnetic-survey-first-vertical-derivative-of-the-magnetic-field-parts-of-n,"Kluane Lake West Aeromagnetic Survey, First Vertical Derivative of the Magnetic Field, Parts of NTS 115G/2 and 3, Yukon",0,0,0,0,4,information,yukon-geological-survey,2015-07-09T04:07:08,2015-07-09T04:07:08,2015,2015
kluane-lake-west-aeromagnetic-survey-residual-total-magnetic-field-nts-115g-12-and-parts-of-nts,"Kluane Lake West Aeromagnetic Survey, Residual Total magnetic Field, NTS 115G/12 and parts of NTS 115G/11, 13, 14 and NTS 115F/9 and 16, Yukon",0,0,0,0,4,information,yukon-geological-survey,2015-07-09T04:07:05,2015-07-09T04:07:05,2015,2015
regional-stream-sediment-geochemical-data-teslin-area-southern-yukon-nts-105c,"Regional stream sediment geochemical data, Teslin area, southern Yukon (NTS 105C)",0,0,0,0,2,information,yukon-geological-survey,2015-07-02T11:07:57,2015-07-02T11:07:57,2015,2015
regional-stream-sediment-geochemical-data-wolf-lake-yukon-nts-105b,"Regional stream sediment geochemical data, Wolf Lake, Yukon (NTS 105B)",0,0,0,0,2,information,yukon-geological-survey,2015-07-02T11:07:44,2015-07-02T11:07:44,2015,2015
regional-stream-sediment-geochemical-data-lake-laberge-area-southern-yukon-nts-105e,"Regional stream sediment geochemical data, Lake Laberge area, southern Yukon (NTS 105E)",0,0,0,0,2,information,yukon-geological-survey,2015-07-02T11:07:22,2015-07-02T11:07:22,2015,2015
regional-stream-sediment-geochemical-data-glenlyon-area-central-yukon-nts-105k-and-l,"Regional stream sediment geochemical data, Glenlyon area, central Yukon (NTS 105K & L)",0,0,0,0,2,information,yukon-geological-survey,2015-07-02T11:07:17,2015-07-02T11:07:17,2015,2015
regional-stream-sediment-geochemical-data-quiet-lake-area-southern-yukon-nts-105f,"Regional stream sediment geochemical data, Quiet Lake area, southern Yukon (NTS 105F)",0,0,0,0,2,information,yukon-geological-survey,2015-07-02T11:07:11,2015-07-02T11:07:11,2015,2015
regional-stream-sediment-geochemical-data-whitehorse-area-southern-yukon-nts-105d,"Regional stream sediment geochemical data, Whitehorse area, southern Yukon (NTS 105D)",0,0,0,0,2,information,yukon-geological-survey,2015-07-02T01:07:58,2015-07-02T01:07:58,2015,2015
regional-stream-sediment-geochemical-data-aishihik-lake-area-southern-yukon-nts-115h,"Regional stream sediment geochemical data, Aishihik Lake area, southern Yukon (NTS 115H)",0,0,0,0,2,information,yukon-geological-survey,2015-07-02T01:07:57,2015-07-02T01:07:57,2015,2015
regional-stream-sediment-geochemical-data-kluane-lake-area-southwest-yukon-nts-115f-and-g,"Regional stream sediment geochemical data, Kluane Lake area, southwest Yukon (NTS 115F & G)",0,0,0,0,2,information,yukon-geological-survey,2015-07-02T01:07:47,2015-07-02T01:07:47,2015,2015
regional-stream-sediment-geochemical-data-carmacks-area-southern-yukon-nts-115i,"Regional stream sediment geochemical data, Carmacks area, southern Yukon (NTS 115I)",0,0,0,0,2,information,yukon-geological-survey,2015-07-02T01:07:07,2015-07-02T01:07:07,2015,2015
upper-grayling-creek-fluvial-deposit-map-and-placer-potential,Upper Grayling Creek Fluvial Deposit Map and Placer Potential,0,0,0,0,2,information,yukon-geological-survey,2015-05-12T08:05:55,2015-05-12T08:05:55,2015,2015
surficial-geology-nts-115j-3,Surficial Geology (NTS 115J/3),0,0,0,0,2,information,yukon-geological-survey,2015-05-12T08:05:37,2015-05-12T08:05:37,2015,2015
surficial-geology-of-mackinnon-creek-nts-115j-4,Surficial geology of Mackinnon Creek (NTS 115J/4),0,0,0,0,2,information,yukon-geological-survey,2015-05-12T08:05:04,2015-05-12T08:05:04,2015,2015
stratigraphy-age-and-petroleum-potential-of-upper-devonian-black-shale-unit-cf-east-richardson-,"Stratigraphy, age, and petroleum potential of Upper Devonian black shale (unit 'Cf'), east Richardson Mountains and Peel Plateau, Yukon",0,0,0,0,2,information,yukon-geological-survey,2015-05-07T11:05:12,2015-05-07T11:05:12,2015,2015
tad-an-unusual-porphyry-occurrence-in-the-dawson-range-yukon,"TAD - an unusual porphyry occurrence in the Dawson Range, Yukon",0,0,0,0,2,information,yukon-geological-survey,2015-04-24T03:04:39,2015-04-24T03:04:39,2015,2015
geology-and-mineral-deposits-of-the-mount-nansen-camp-yukon,"Geology and mineral deposits of the Mount Nansen camp, Yukon",0,0,0,0,2,information,yukon-geological-survey,2015-04-24T03:04:32,2015-04-24T03:04:32,2015,2015
geological-map-of-the-anvil-lake-area-central-yukon-parts-of-nts-105k-11-and-105k-12,"Geological map of the Anvil Lake area, central Yukon, parts of NTS 105K/11 and 105K/12",0,0,0,0,2,information,yukon-geological-survey,2015-03-31T08:03:01,2015-03-31T08:03:01,2015,2015
geophysical-and-borehole-investigation-of-aggregate-resources-in-the-whitehorse-area-yukon,"Geophysical and borehole investigation of aggregate resources in the Whitehorse area, Yukon",0,0,0,1,2,information,yukon-geological-survey,2015-02-11T01:02:35,2015-02-11T01:02:35,2015,2015
geophysical-and-geological-exploration-for-aggregate-in-the-city-of-whitehorse-area,Geophysical and geological exploration for aggregate in the City of Whitehorse area,0,0,0,0,2,information,yukon-geological-survey,2015-02-04T04:02:38,2015-02-04T04:02:38,2015,2015
fault-tectonics-in-the-rapid-depression-of-the-yukon-north-slope-canadian-arctic-summary-of-pre,Fault tectonics in the Rapid depression of the Yukon North Slope (Canadian Arctic) - Summary of preliminary results,0,0,0,0,2,information,yukon-geological-survey,2015-01-23T11:01:56,2015-01-23T11:01:56,2015,2015
the-bear-creek-assemblage-a-latest-triassic-volcano-sedimentary-succession-in-southwest-yukon,The Bear Creek assemblage: A latest Triassic volcano-sedimentary succession in southwest Yukon.,0,0,0,0,2,information,yukon-geological-survey,2015-01-23T11:01:27,2015-01-23T11:01:27,2015,2015
summary-of-yukon-geological-survey-permafrost-monitoring-network-results-2008-2013,"Summary of Yukon Geological Survey permafrost monitoring network results, 2008-2013",0,0,0,0,2,information,yukon-geological-survey,2015-01-23T11:01:16,2015-01-23T11:01:16,2015,2015
soft-sediment-textures-in-clasts-in-wernecke-breccia-reconstruction-of-an-eroded-late-paleoprot,Soft sediment textures in clasts in Wernecke Breccia: Reconstruction of an eroded late Paleoproterozoic succession in northern Yukon,0,0,0,0,2,information,yukon-geological-survey,2015-01-23T11:01:04,2015-01-23T11:01:04,2015,2015
preliminary-detrital-zircon-geochronology-of-the-neruokpuk-formation-in-the-barn-mountains-yuko,"Preliminary detrital zircon geochronology of the Neruokpuk Formation in the Barn Mountains, Yukon",0,0,0,0,2,information,yukon-geological-survey,2015-01-23T10:01:54,2015-01-23T10:01:54,2015,2015
palaeoenvironment-palaeohydrography-and-chemostratigraphic-zonation-of-the-canol-formation-rich,"Palaeoenvironment, palaeohydrography and chemostratigraphic zonation of the Canol Formation, Richardson Mountains, north Yukon",0,0,0,0,2,information,yukon-geological-survey,2015-01-23T10:01:36,2015-01-23T10:01:36,2015,2015
advances-in-the-mineralization-styles-and-petrogenesis-of-the-coffee-gold-deposit-yukon,"Advances in the mineralization styles and petrogenesis of the Coffee gold deposit, Yukon",0,0,0,0,2,information,yukon-geological-survey,2015-01-23T10:01:35,2015-01-23T10:01:35,2015,2015
using-terrestrial-cosmogenic-nuclides-to-constrain-timing-of-penultimate-ice-advance-in-the-ogi,"Using terrestrial cosmogenic nuclides to constrain timing of penultimate ice advance in the Ogilvie Mountains, Yukon",0,0,0,0,2,information,yukon-geological-survey,2015-01-23T10:01:32,2015-01-23T10:01:32,2015,2015
yukon-exploration-and-geology-2014,Yukon Exploration and Geology 2014,0,0,0,0,2,information,yukon-geological-survey,2015-01-23T10:01:29,2015-01-23T10:01:29,2015,2015
stratigraphy-geochemistry-and-source-rock-potential-of-the-boundary-creek-formation-north-slope,"Stratigraphy, geochemistry and source rock potential of the Boundary Creek Formation, North Slope, Yukon and a description of its burning shale locality",0,0,0,0,2,information,yukon-geological-survey,2015-01-23T10:01:08,2015-01-23T10:01:08,2015,2015
geology-of-the-takhanne-river-nts-115a-2-and-kluhini-river-115a-7-map-areas-southwest-yukon,"Geology of the Takhanne River (NTS 115A/2) and Kluhini River (115A/7) map areas, southwest Yukon",0,0,0,0,2,information,yukon-geological-survey,2015-01-23T10:01:05,2015-01-23T10:01:05,2015,2015
yukon-mineral-exploration-program-2014-2015-update,Yukon Mineral Exploration Program: 2014-2015 Update,0,0,0,0,2,information,yukon-geological-survey,2015-01-20T10:01:32,2015-01-20T10:01:32,2015,2015
yukon-placer-mining-2014-exploration-and-development-overview,Yukon Placer Mining 2014 Exploration and Development Overview,0,0,0,0,2,information,yukon-geological-survey,2015-01-20T10:01:16,2015-01-20T10:01:16,2015,2015
yukon-oil-and-gas-overview-2014,Yukon Oil and Gas Overview 2014,0,0,0,0,2,information,yukon-geological-survey,2015-01-20T10:01:00,2015-01-20T10:01:00,2015,2015
yukon-hardrock-mining-development-and-exploration-overview-2014,"Yukon Hardrock Mining, Development and Exploration Overview 2014",0,0,0,0,2,information,yukon-geological-survey,2015-01-20T09:01:56,2015-01-20T09:01:56,2015,2015
summary-of-yukon-geological-survey-2014-15-activities,Summary of Yukon Geological Survey 2014-15 Activities,0,0,0,0,2,information,yukon-geological-survey,2015-01-20T09:01:46,2015-01-20T09:01:46,2015,2015
yukon-exploration-and-geology-overview-2014,Yukon Exploration and Geology Overview 2014,0,0,0,0,2,information,yukon-geological-survey,2015-01-20T09:01:46,2015-01-20T09:01:46,2015,2015
preliminary-geological-map-of-the-kluhini-river-area-nts-115a-07,"Preliminary geological map of the Kluhini River area, NTS 115A/07",0,0,0,0,2,information,yukon-geological-survey,2014-12-19T10:12:30,2014-12-19T10:12:30,2014,2014
preliminary-geological-map-of-the-takhanne-river-area-nts-115a-02,"Preliminary geological map of the Takhanne River area, NTS 115A/02",0,0,0,0,2,information,yukon-geological-survey,2014-12-19T10:12:27,2014-12-19T10:12:27,2014,2014
preliminary-bedrock-geology-of-the-mt-decoeli-area-parts-of-nts-115a-12-13-and-115b-9-16,"Preliminary bedrock geology of the Mt. Decoeli area (parts of NTS 115A/12, 13 and 115B/9, 16)",0,0,0,0,2,information,yukon-geological-survey,2014-12-19T10:12:04,2014-12-19T10:12:04,2014,2014
geological-map-of-the-coal-creek-inlier-ogilvie-mountains-nts-116b-10-15-and-116c-9-16,"Geological map of the Coal Creek Inlier, Ogilvie Mountains (NTS 116B/10-15 and 116C/9, 16)",0,0,0,0,2,information,yukon-geological-survey,2014-12-08T10:12:42,2014-12-08T10:12:42,2014,2014
surficial-geology-faro-region-yukon-parts-of-nts-105k-3-4-5-and-6,"Surficial geology, Faro Region, Yukon, parts of NTS 105K/3, 4, 5 & 6",0,0,0,0,4,information,yukon-geological-survey,2014-11-17T03:11:03,2014-11-17T03:11:03,2014,2014
surficial-geology-ross-river-region-yukon-parts-of-nts-105k-1-and-2-and-105f-15-and-16,"Surficial geology, Ross River Region, Yukon, parts of NTS 105K/1 & 2 and 105F/15 & 16",0,0,0,0,4,information,yukon-geological-survey,2014-11-17T03:11:01,2014-11-17T03:11:01,2014,2014
yukon-placer-mining-industry-2010-to-2014,Yukon Placer Mining Industry 2010 to 2014,0,0,0,0,2,information,yukon-geological-survey,2014-11-14T11:11:44,2014-11-14T11:11:44,2014,2014
case-studies-of-high-resolution-resistivity-ip-surveying-over-known-mineral-deposits-yukon-cana,"Case studies of high resolution resistivity/IP surveying over known mineral deposits: Yukon, Canada",0,0,0,0,2,information,yukon-geological-survey,2014-10-02T09:10:49,2014-10-02T09:10:49,2014,2014
new-ties-between-the-alexander-terrane-and-wrangellia-and-implications-for-north-america-cordil,New ties between the Alexander terrane and Wrangellia and implications for North America Cordilleran evolution,0,0,0,0,2,information,yukon-geological-survey,2014-09-03T01:09:43,2014-09-03T01:09:43,2014,2014
first-vertical-derivative-of-the-magnetic-field-aeromagnetic-survey-of-the-dawson-area-nts-1-13,"First Vertical Derivative of the Magnetic Field, aeromagnetic survey of the Dawson area, NTS 115N/15 and parts of 115N/7, 9, 10, 16, and 115O/13",0,0,0,0,5,information,yukon-geological-survey,2014-08-20T09:08:55,2014-08-20T09:08:55,2014,2014
residual-total-magnetic-field-aeromagnetic-survey-of-the-dawson-area-nts-115n-15-and-parts-o-13,"Residual Total Magnetic Field, aeromagnetic survey of the Dawson area, NTS 115N/15 and parts of 115N/7, 9, 10, 16, and 115O/13",0,0,0,0,5,information,yukon-geological-survey,2014-08-20T09:08:54,2014-08-20T09:08:54,2014,2014
first-vertical-derivative-of-the-magnetic-field-aeromagnetic-survey-of-the-dawson-area-nts-116b,"First Vertical Derivative of the Magnetic Field, aeromagnetic survey of the Dawson area, NTS 116B/4, 5, 116C/1, 2, 7, 8",0,0,0,0,5,information,yukon-geological-survey,2014-08-20T09:08:48,2014-08-20T09:08:48,2014,2014
residual-total-magnetic-field-aeromagnetic-survey-of-the-dawson-area-nts-116c-9-10-and-pa-15-16,"Residual Total Magnetic Field, aeromagnetic survey of the Dawson area, NTS 116C/9, 10, and parts of 116B/11, 12, 116C/15, 16",0,0,0,0,5,information,yukon-geological-survey,2014-08-20T09:08:47,2014-08-20T09:08:47,2014,2014
residual-total-magnetic-field-aeromagnetic-survey-of-the-dawson-area-nts-116b-4-5-116c-1-2-7-8,"Residual Total Magnetic Field, aeromagnetic survey of the Dawson area, NTS 116B/4, 5, 116C/1, 2, 7, 8",0,0,0,0,5,information,yukon-geological-survey,2014-08-20T09:08:45,2014-08-20T09:08:45,2014,2014
first-vertical-derivative-of-the-magnetic-field-aeromagnetic-survey-of-the-dawson-area-nt-15-16,"First Vertical Derivative of the Magnetic Field, aeromagnetic survey of the Dawson area, NTS 116C/9, 10, and parts of 116B/11, 12, 116C/15, 16",0,0,0,0,5,information,yukon-geological-survey,2014-08-20T09:08:35,2014-08-20T09:08:35,2014,2014
residual-total-magnetic-field-aeromagnetic-survey-of-the-dawson-area-nts-parts-of-115o-14-15-16,"Residual Total Magnetic Field, aeromagnetic survey of the Dawson area, NTS parts of 115O/14, 15, 16, 116B/1, 2, 3, 6, 7",0,0,0,0,5,information,yukon-geological-survey,2014-08-20T09:08:15,2014-08-20T09:08:15,2014,2014
first-vertical-derivative-of-the-magnetic-field-aeromagnetic-survey-of-the-dawson-area-nts-part,"First Vertical Derivative of the Magnetic Field, aeromagnetic survey of the Dawson area, NTS parts of 115O/14, 15, 16, 116B/1, 2, 3, 6, 7",0,0,0,0,5,information,yukon-geological-survey,2014-08-20T09:08:00,2014-08-20T09:08:00,2014,2014
geological-map-of-michie-creek-nts-105d-9-and-parts-of-tagish-nts-105d-8-areas,Geological map of Michie Creek (NTS 105D/9) and parts of Tagish (NTS 105D/8) areas,0,0,0,0,2,information,yukon-geological-survey,2014-08-11T03:08:14,2014-08-11T03:08:14,2014,2014
klondike-regional-gravity-survey,Klondike Regional Gravity Survey,0,0,0,0,4,information,yukon-geological-survey,2014-08-04T08:08:09,2014-08-04T08:08:09,2014,2014
an-evaluation-of-factors-influencing-spontaneous-vegetation-succession-in-northern-latitude-dis,An evaluation of factors influencing spontaneous vegetation succession in northern latitude disturbances: Assessment of natural recolonization of disturbances in Yukon,0,0,0,0,2,information,yukon-geological-survey,2014-05-22T02:05:01,2014-05-22T02:05:01,2014,2014
evaluation-of-yukon-live-willow-staking,Evaluation of Yukon live willow staking,0,0,0,0,2,information,yukon-geological-survey,2014-04-03T02:04:51,2014-04-03T02:04:51,2014,2014
the-use-of-humic-substances-leonardite-as-a-soil-amendment,The use of humic substances - Leonardite as a soil amendment,0,0,0,0,2,information,yukon-geological-survey,2014-04-03T01:04:54,2014-04-03T01:04:54,2014,2014
yukon-ecological-and-landscape-classification-elc-guidelines,Yukon ecological and landscape classification (ELC) guidelines,0,0,0,0,2,information,yukon-geological-survey,2014-04-03T01:04:01,2014-04-03T01:04:01,2014,2014
geology-of-the-main-zone-at-mt-skukum-wheaton-river-area-southern-yukon,"Geology of the Main Zone at Mt. Skukum, Wheaton River area, southern Yukon",0,0,0,0,2,information,yukon-geological-survey,2014-02-13T10:02:57,2014-02-13T10:02:57,2014,2014
trace-element-content-of-sedimentary-pyrite-as-a-new-proxy-for-deep-time-ocean-atmosphere-evolu,Trace element content of sedimentary pyrite as a new proxy for deep-time ocean–atmosphere evolution,0,0,0,0,2,information,yukon-geological-survey,2014-02-04T11:02:39,2014-02-04T11:02:39,2014,2014
placer-grouping-50k,Placer Grouping - 50k,0,0,0,0,3,data,geomatics-yukon,2020-01-30T17:09:31,2014-02-04T00:00:00,2020,2014
quartz-grouping-50k,Quartz Grouping - 50k,0,0,0,0,3,data,geomatics-yukon,2020-01-30T17:14:25,2014-02-04T00:00:00,2020,2014
magnetic-first-vertical-derivative-106l-se-sw-yukon-territory,"Magnetic First Vertical Derivative, 106L/SE-SW, Yukon Territory",0,0,0,0,2,information,yukon-geological-survey,2014-02-03T10:02:59,2014-02-03T10:02:59,2014,2014
aeromagnetic-total-field-106l-se-sw-yukon-territory,"Aeromagnetic Total Field, 106L/SE-SW, Yukon Territory",0,0,0,0,2,information,yukon-geological-survey,2014-02-03T10:02:33,2014-02-03T10:02:33,2014,2014
magnetic-first-vertical-derivative-106e-se-sw-yukon-territory,"Magnetic First Vertical Derivative, 106E/SE-SW, Yukon Territory",0,0,0,0,2,information,yukon-geological-survey,2014-02-03T10:02:26,2014-02-03T10:02:26,2014,2014
magnetic-first-vertical-derivative-106e-ne-nw-yukon-territory,"Magnetic First Vertical Derivative, 106E/NE-NW, Yukon Territory",0,0,0,0,2,information,yukon-geological-survey,2014-02-03T10:02:20,2014-02-03T10:02:20,2014,2014
aeromagnetic-total-field-106e-se-sw-yukon-territory,"Aeromagnetic Total Field, 106E/SE-SW, Yukon Territory",0,0,0,0,2,information,yukon-geological-survey,2014-02-03T09:02:27,2014-02-03T09:02:27,2014,2014
aeromagnetic-total-field-106e-ne-nw-yukon-territory,"Aeromagnetic Total Field, 106E/NE-NW, Yukon Territory",0,0,0,0,2,information,yukon-geological-survey,2014-02-03T09:02:23,2014-02-03T09:02:23,2014,2014
bathymetric-and-geophysical-surveys-of-the-southern-end-of-kluane-lake-yukon,"Bathymetric and geophysical surveys of the southern end of Kluane Lake, Yukon",0,0,0,0,2,information,yukon-geological-survey,2014-01-24T12:01:42,2014-01-24T12:01:42,2014,2014
sedimentary-pyrite-as-a-gold-source-in-sediment-hosted-gold-occurrences-in-the-selwyn-basin-are,"Sedimentary pyrite as a gold-source in sediment-hosted gold occurrences in the Selwyn basin area, eastern Yukon",0,0,0,0,2,information,yukon-geological-survey,2014-01-24T12:01:05,2014-01-24T12:01:05,2014,2014
a-four-stage-evolution-of-the-white-channel-gravel-implications-for-stratigraphy-and-palaeoclim,A four stage evolution of the White Channel gravel: Implications for stratigraphy and palaeoclimates,0,0,0,0,2,information,yukon-geological-survey,2014-01-24T11:01:56,2014-01-24T11:01:56,2014,2014
geological-map-of-nts-106b-04-east-central-yukon,"Geological map of NTS 106B/04, east-central Yukon",0,0,0,0,4,information,yukon-geological-survey,2014-01-24T11:01:51,2014-01-24T11:01:51,2014,2014
geochemistry-and-u-pb-zircon-geochronology-of-mid-cretaceous-tay-river-suite-intrusions-in-sout,Geochemistry and U-Pb zircon geochronology of  mid-Cretaceous tay river suite intrusions in southeast Yukon,0,0,0,0,2,information,yukon-geological-survey,2014-01-24T11:01:45,2014-01-24T11:01:45,2014,2014
u-pb-age-whole-rock-geochemistry-and-radiogenic-isotopic-compositions-of-late-cretaceous-volcan,"U-Pb age, whole-rock geochemistry and radiogenic isotopic compositions of late Cretaceous volcanic rocks in the central aishihik lake area, Yukon (NTS 115H)",0,0,0,0,2,information,yukon-geological-survey,2014-01-24T11:01:13,2014-01-24T11:01:13,2014,2014
structural-controls-on-alteration-and-mineralization-at-the-coffee-gold-deposits-yukon,"Structural controls on alteration and mineralization at the Coffee gold deposits, Yukon",0,0,0,0,2,information,yukon-geological-survey,2014-01-24T11:01:11,2014-01-24T11:01:11,2014,2014
the-early-neoproterozoic-chandindu-formation-of-the-fifteenmile-group-in-the-ogilvie-mountains,The early Neoproterozoic Chandindu Formation of the Fifteenmile Group in the Ogilvie Mountains,0,0,0,0,2,information,yukon-geological-survey,2014-01-24T11:01:08,2014-01-24T11:01:08,2014,2014
bedrock-geology-of-nts-106b-04-eastern-rackla-belt,"Bedrock Geology of NTS 106B/04, Eastern Rackla Belt",0,0,0,0,2,information,yukon-geological-survey,2014-01-24T11:01:06,2014-01-24T11:01:06,2014,2014
preliminary-investigation-into-the-geologic-relationships-in-the-granite-lake-area-parts-of-nts,"Preliminary investigation into the geologic relationships in the Granite Lake area, parts of NTS 115A/10, 11, 14, and 15, southwest Yukon",0,0,0,0,2,information,yukon-geological-survey,2014-01-24T10:01:54,2014-01-24T10:01:54,2014,2014
peliminary-observations-on-the-geology-of-the-anvil-lake-area-parts-of-nts-105k-11-and-12-centr,"Peliminary observations on the geology of the Anvil Lake area (parts of NTS 105K/11 and 12), central Yukon",0,0,0,0,2,information,yukon-geological-survey,2014-01-24T10:01:45,2014-01-24T10:01:45,2014,2014
geology-and-jade-prospects-of-the-northern-st-cyr-klippe-nts-105f-6-yukon,"Geology and jade prospects of the northern St. Cyr klippe (NTS 105F/6), Yukon",0,0,0,0,2,information,yukon-geological-survey,2014-01-24T10:01:40,2014-01-24T10:01:40,2014,2014
preliminary-stable-isotope-and-geochemical-investigation-of-carbonate-in-the-klondike-district,Preliminary stable isotope and geochemical investigation of carbonate in the Klondike district,0,0,0,0,2,information,yukon-geological-survey,2014-01-24T10:01:23,2014-01-24T10:01:23,2014,2014
field-descriptions-of-the-middle-upper-devonian-canol-formation-on-trail-river-east-richardson-,"Field descriptions of the Middle-Upper Devonian Canol Formation on Trail River, east Richardson Mountains, Yukon",0,0,0,0,2,information,yukon-geological-survey,2014-01-24T10:01:06,2014-01-24T10:01:06,2014,2014
pathfinder-signatures-in-placer-gold-derived-from-au-bearing-porphyries,Pathfinder signatures in placer gold derived from Au-bearing porphyries,0,0,0,0,2,information,yukon-geological-survey,2014-01-24T10:01:02,2014-01-24T10:01:02,2014,2014
yukon-exploration-and-geology-2013,Yukon Exploration and Geology 2013,0,0,0,0,2,information,yukon-geological-survey,2014-01-24T09:01:06,2014-01-24T09:01:06,2014,2014
geologically-constrained-inversion-of-magnetic-and-gravity-data-over-parts-of-the-yukon-tanana-,Geologically-constrained inversion of magnetic and gravity data over parts of the Yukon-Tanana terrane and Whitehorse trough,0,0,0,0,4,information,yukon-geological-survey,2014-01-23T09:01:54,2014-01-23T09:01:54,2014,2014
yukon-exploration-and-geology-overview-2013,Yukon Exploration and Geology Overview 2013,0,0,0,0,2,information,yukon-geological-survey,2014-01-22T09:01:03,2014-01-22T09:01:03,2014,2014
preliminary-geological-map-of-the-granite-lake-area-parts-of-nts-115a-10-11-14-and-15,"Preliminary geological map of the Granite Lake area, parts of NTS 115A/10, 11, 14 and 15.",0,0,0,0,2,information,yukon-geological-survey,2013-12-23T12:12:32,2013-12-23T12:12:32,2013,2013
selwyn-basin-geophysics-for-parts-of-105i-105j-105k-105n-105o-and-105p,"Selwyn basin geophysics for parts of 105I, 105J, 105K, 105N, 105O, and 105P",0,0,0,5,15,information,yukon-geological-survey,2013-11-14T03:11:55,2013-11-14T03:11:55,2013,2013
bedrock-geology-of-the-macmillan-pass-area-yukon-and-adjacent-northwest-territories,"Bedrock geology of the Macmillan Pass area, Yukon and adjacent Northwest Territories",0,0,0,0,3,information,yukon-geological-survey,2013-09-20T08:09:57,2013-09-20T08:09:57,2013,2013
property-scale-classification-of-surficial-geology-for-soil-geochemical-sampling-in-the-unglaci,"Property-scale classification of surficial geology for soil geochemical sampling in the unglaciated Klondike Plateau, west-central Yukon",0,0,0,0,2,information,yukon-geological-survey,2013-09-13T10:09:37,2013-09-13T10:09:37,2013,2013
the-timing-composition-and-petrogenesis-of-syn-to-post-accretionary-magmatism-in-the-northern-c,"The timing, composition, and petrogenesis of syn to post-accretionary magmatism in the northern Cordilleran miogeocline, eastern Yukon and southwestern Northwest Territories",0,0,0,0,1,information,yukon-geological-survey,2013-06-18T11:06:05,2013-06-18T11:06:05,2013,2013
surficial-geology-of-burwash-landing-and-destruction-bay-parts-of-nts-115g-2-6-and-7-yukon,"Surficial geology of Burwash Landing and Destruction Bay (parts of NTS 115G/2, 6 and 7), Yukon",0,0,0,0,4,information,yukon-geological-survey,2013-05-29T09:05:54,2013-05-29T09:05:54,2013,2013
dawson-land-use-planning-mineral-potential-assessment,Dawson Land Use Planning Mineral Potential Assessment,0,0,0,0,3,information,yukon-geological-survey,2013-04-26T08:04:06,2013-04-26T08:04:06,2013,2013
u-pb-zircon-age-of-an-ordovician-tuff-in-southeast-yukon-implications-for-the-age-of-the-cambri,U-Pb zircon age of an Ordovician tuff in southeast Yukon: implications for the age of the Cambrian–Ordovician boundary,0,0,0,0,1,information,yukon-geological-survey,2013-04-24T10:04:44,2013-04-24T10:04:44,2013,2013
seismic-and-geological-constraints-on-the-structure-and-hydrocarbon-potential-of-the-northern-w,"Seismic and geological constraints on the structure and hydrocarbon potential of the northern Whitehorse trough, Yukon, Canada",0,0,0,0,1,information,yukon-geological-survey,2013-04-24T10:04:20,2013-04-24T10:04:20,2013,2013
dune-stabilization-in-central-and-southern-yukon-in-relation-to-early-holocene-environmental-ch,"Dune stabilization in central and southern Yukon in relation to early Holocene environmental change, northwestern North America",0,0,0,0,2,information,yukon-geological-survey,2013-04-24T09:04:59,2013-04-24T09:04:59,2013,2013
cryostratigraphic-record-of-permafrost-degradation-and-recovery-following-historic-1898-1992-su,"Cryostratigraphic record of permafrost degradation and recovery following historic (1898–1992) surface disturbances in the Klondike region, central Yukon Territory",0,0,0,0,1,information,yukon-geological-survey,2013-04-24T09:04:44,2013-04-24T09:04:44,2013,2013
a-latest-pliocene-age-for-the-earliest-and-most-extensive-cordilleran-ice-sheet-in-northwestern,A latest Pliocene age for the earliest and most extensive Cordilleran Ice Sheet in northwestern Canada,0,0,0,0,2,information,yukon-geological-survey,2013-04-24T09:04:41,2013-04-24T09:04:41,2013,2013
volcaniclastic-gravity-flow-deposits-in-the-dezadeash-formation-jura-cretaceous-yukon-canada-im,"Volcaniclastic gravity flow deposits in the Dezadeash Formation (Jura-Cretaceous), Yukon, Canada: Implications regarding the tectonomagmatic evolution of the Chitina arc in the northern Cordillera of North America",0,0,0,0,1,information,yukon-geological-survey,2013-04-24T09:04:13,2013-04-24T09:04:13,2013,2013
a-catalogue-of-late-cenozoic-tephra-beds-in-the-klondike-goldfields-and-adjacent-areas-yukon-te,"A catalogue of late Cenozoic tephra beds in the Klondike goldfields and adjacent areas, Yukon Territory",0,0,0,0,1,information,yukon-geological-survey,2013-04-24T09:04:07,2013-04-24T09:04:07,2013,2013
an-integrated-assessment-of-potential-granular-aggregate-resources-in-northern-and-southeastern,An integrated assessment of potential granular aggregate resources in northern and southeastern Yukon based on seismic shothole drillers' logs and surficial geology maps,0,0,0,0,2,information,yukon-geological-survey,2013-04-24T08:04:50,2013-04-24T08:04:50,2013,2013
glacial-history-and-drift-prospecting-in-the-canadian-cordillera-recent-developments,Glacial history and drift prospecting in the Canadian Cordillera: recent developments,0,0,0,0,2,information,yukon-geological-survey,2013-04-24T04:04:46,2013-04-24T04:04:46,2013,2013
a-palaeozoic-northwest-passage-and-the-timanian-caledonian-and-uralian-connections-of-some-cord,"A Palaeozoic Northwest Passage and the Timanian, Caledonian and Uralian connections of some Cordilleran exotic terranes in the North American Cordillera",0,0,0,0,1,information,yukon-geological-survey,2013-04-23T11:04:44,2013-04-23T11:04:44,2013,2013
petroleum-source-rock-potential-of-whitehorse-trough-a-frontier-basin-in-south-central-yukon,Petroleum Source Rock Potential of Whitehorse Trough: A Frontier Basin in South-central Yukon,0,0,0,0,1,information,yukon-geological-survey,2013-04-23T11:04:42,2013-04-23T11:04:42,2013,2013
composition-and-provenance-of-the-snowcap-assemblage-basement-to-the-yukon-tanana-terrane-north,"Composition and provenance of the Snowcap assemblage, basement to the Yukon-Tanana terrane, northern Cordillera: implications for Cordilleran crustal growth",0,0,0,0,2,information,yukon-geological-survey,2013-04-23T11:04:30,2013-04-23T11:04:30,2013,2013
data-collected-from-upper-devonian-to-carboniferous-strata-ii-tuttle-fm-in-digital-atlas-to-acc,"Data collected from Upper Devonian to Carboniferous Strata II - Tuttle Fm. In: Digital Atlas to accompany Regional Geoscience Studies and Petroleum Potential, Peel Plateau and Plain, Northwest Territories and Yukon",0,0,0,0,1,information,yukon-geological-survey,2013-04-23T10:04:38,2013-04-23T10:04:38,2013,2013
genesis-of-turbic-cryosols-on-north-facing-slopes-in-a-dissected-unglaciated-landscape-west-cen,"Genesis of Turbic Cryosols on north-facing slopes in a dissected, unglaciated landscape, west-central Yukon Territory",0,0,0,0,2,information,yukon-geological-survey,2013-04-23T10:04:35,2013-04-23T10:04:35,2013,2013
a-palaeozoic-northwest-passage-incursion-of-caledonian-baltican-and-siberian-terranes-into-east,"A Palaeozoic Northwest Passage: incursion of Caledonian, Baltican and Siberian terranes into eastern Panthalassa, and the early evolution of the North American Cordillera",0,0,0,0,1,information,yukon-geological-survey,2013-04-23T10:04:28,2013-04-23T10:04:28,2013,2013
geological-map-of-the-rackla-belt-east-central-yukon-nts-106c-1-4-106d-1,"Geological map of the Rackla belt, east-central Yukon (NTS 106C/1-4, 106D/1)",0,0,0,0,9,information,yukon-geological-survey,2013-04-05T03:04:46,2013-04-05T03:04:46,2013,2013
yukon-exploration-and-geology-2012,Yukon Exploration and Geology 2012,0,0,0,0,2,information,yukon-geological-survey,2013-02-25T12:02:56,2013-02-25T12:02:56,2013,2013
mount-harper-volcanic-complex-ogilvie-mountains-a-far-flung-occurrence-of-the-franklin-igneous-,"Mount Harper Volcanic Complex, Ogilvie Mountains: A far-flung occurrence of the Franklin Igneous Event?",0,0,0,0,2,information,yukon-geological-survey,2013-02-25T12:02:08,2013-02-25T12:02:08,2013,2013
cache-creek-terrane-stikinia-and-overlap-assemblages-of-eastern-whitehorse-nts-105d-and-western,"Cache Creek terrane, Stikinia, and overlap assemblages of eastern Whitehorse (NTS 105D) and western Teslin (NTS 105C) map areas",0,0,0,0,2,information,yukon-geological-survey,2013-02-25T11:02:21,2013-02-25T11:02:21,2013,2013
preliminary-observations-on-the-geology-and-mineralogy-of-the-rapid-creek-formation-blow-river-,"Preliminary observations on the geology and mineralogy of the Rapid Creek Formation, Blow River and Davidson Mountains map area (NTS 117A/8 and NTS 117A/9), Yukon",0,0,0,0,2,information,yukon-geological-survey,2013-02-25T01:02:52,2013-02-25T01:02:52,2013,2013
field-portable-x-ray-fluorescence-spectrometer-use-in-volcanogenic-massive-sulphide-exploration,Field-portable x-ray fluorescence spectrometer use in volcanogenic massive sulphide exploration with examples from the Touleary occurrence (MINFILE Occurrence 115O 176) in west-central Yukon,0,0,0,0,4,information,yukon-geological-survey,2013-02-25T01:02:51,2013-02-25T01:02:51,2013,2013
mid-cretaceous-orogenic-gold-and-molybdenite-mineralization-in-the-independence-creek-area-d-14,"Mid-Cretaceous orogenic gold and molybdenite mineralization in the Independence Creek area, Dawson Range, parts of NTS 115J/13 and 14",0,0,0,0,2,information,yukon-geological-survey,2013-02-25T01:02:49,2013-02-25T01:02:49,2013,2013
geology-alteration-and-mineralization-of-the-carlin-type-conrad-zone-yukon,"Geology, alteration, and mineralization of the Carlin-type Conrad zone, Yukon",0,0,0,0,2,information,yukon-geological-survey,2013-02-25T01:02:46,2013-02-25T01:02:46,2013,2013
a-preliminary-assessment-of-low-pressure-amphibolite-facies-metamorphism-in-the-upper-hyland-ri,"A preliminary assessment of low pressure, amphibolite-facies metamorphism in the upper Hyland River area (NTS 105H), southeast Yukon",0,0,0,0,2,information,yukon-geological-survey,2013-02-25T01:02:36,2013-02-25T01:02:36,2013,2013
re-os-dating-of-gold-in-gold-bearing-orogenic-vein-systems-in-the-klondike-district-progress-re,Re-Os dating of gold in gold-bearing orogenic vein systems in the Klondike district – progress report,0,0,0,0,2,information,yukon-geological-survey,2013-02-25T01:02:36,2013-02-25T01:02:36,2013,2013
besa-river-formation-in-liard-basin-southeast-yukon-report-on-2012-reconnaissance-fieldwork,"Besa River Formation in Liard basin, southeast Yukon: Report on 2012 reconnaissance fieldwork",0,0,0,0,2,information,yukon-geological-survey,2013-02-25T01:02:32,2013-02-25T01:02:32,2013,2013
foliation-development-and-hydrothermal-gold-emplacement-in-metagabbroic-rocks-central-yukon-can,"Foliation development and hydrothermal gold emplacement in metagabbroic rocks, central Yukon, Canada",0,0,0,0,2,information,yukon-geological-survey,2013-02-25T01:02:09,2013-02-25T01:02:09,2013,2013
orogen-perpendicular-magnetic-segmentation-of-the-western-yukon-and-eastern-alaska-cordilleran-,Orogen-perpendicular magnetic segmentation of the western Yukon and eastern Alaska cordilleran hinterland: Implications for structural control of mineralization,0,0,0,0,2,information,yukon-geological-survey,2013-02-25T01:02:09,2013-02-25T01:02:09,2013,2013
bedrock-geology-along-the-duke-river-fault-near-jessie-creek-yukon-part-of-nts-115b-16,"Bedrock geology along the Duke River fault near Jessie Creek, Yukon (part of NTS 115B/16)",0,0,0,0,2,information,yukon-geological-survey,2013-01-21T12:01:42,2013-01-21T12:01:42,2013,2013
bedrock-geology-along-the-duke-river-fault-near-bullion-creek-yukon-part-of-nts-115g-02,"Bedrock geology along the Duke River fault near Bullion Creek, Yukon (part of NTS 115G/02)",0,0,0,0,2,information,yukon-geological-survey,2013-01-21T12:01:40,2013-01-21T12:01:40,2013,2013
bedrock-geology-along-the-duke-river-fault-near-silver-creek-yukon-part-of-nts-115b-16,"Bedrock geology along the Duke River fault near Silver Creek, Yukon (part of NTS 115B/16)",0,0,0,0,2,information,yukon-geological-survey,2013-01-21T12:01:40,2013-01-21T12:01:40,2013,2013
bedrock-geology-along-the-duke-river-fault-near-klutlan-glacier-yukon-part-of-nts-115f-07,"Bedrock geology along the Duke River fault near Klutlan Glacier, Yukon (part of NTS 115F/07)",0,0,0,0,2,information,yukon-geological-survey,2013-01-21T12:01:26,2013-01-21T12:01:26,2013,2013
bedrock-geology-along-the-duke-river-fault-near-squaw-creek-yukon-and-british-columbia-part--14,"Bedrock geology along the Duke River fault near Squaw Creek, Yukon and British Columbia (part of NTS 115A/03 and 114P/14)",0,0,0,0,2,information,yukon-geological-survey,2013-01-21T12:01:07,2013-01-21T12:01:07,2013,2013
bedrock-geology-along-the-duke-river-fault-near-hoge-creek-yukon-part-of-nts-115g-05,"Bedrock geology along the Duke River fault near Hoge Creek, Yukon (part of NTS 115G/05)",0,0,0,0,2,information,yukon-geological-survey,2013-01-21T12:01:05,2013-01-21T12:01:05,2013,2013
yukon-exploration-and-geology-overview-2012,Yukon Exploration and Geology Overview 2012,0,0,0,0,2,information,yukon-geological-survey,2013-01-21T11:01:59,2013-01-21T11:01:59,2013,2013
surficial-geology-115j-06-yukon,"Surficial geology, 115J/06, Yukon",0,0,0,0,2,information,yukon-geological-survey,2013-01-21T04:01:45,2013-01-21T04:01:45,2013,2013
surficial-geology-of-wellesley-lake-115j-05,Surficial geology of Wellesley Lake (115J/05),0,0,0,1,2,information,yukon-geological-survey,2013-01-21T04:01:40,2013-01-21T04:01:40,2013,2013
surficial-geology-of-onion-creek-115j-02-yukon,"Surficial geology of Onion Creek (115J/02), Yukon",0,0,0,1,2,information,yukon-geological-survey,2013-01-21T04:01:35,2013-01-21T04:01:35,2013,2013
surficial-geology-of-mount-pattison-115j-07-yukon,"Surficial geology of Mount Pattison (115J/07), Yukon",0,0,0,0,2,information,yukon-geological-survey,2013-01-21T04:01:18,2013-01-21T04:01:18,2013,2013
surficial-geology-of-klaza-river-115j-01-yukon,"Surficial geology of Klaza River (115J/01), Yukon",0,0,0,1,2,information,yukon-geological-survey,2013-01-21T04:01:17,2013-01-21T04:01:17,2013,2013
surficial-geology-of-apex-mountain-115j-08-yukon,"Surficial geology of Apex Mountain (115J/08), Yukon",0,0,0,0,2,information,yukon-geological-survey,2013-01-21T04:01:14,2013-01-21T04:01:14,2013,2013
ecoregions-of-the-yukon-territory-biophysical-properties-of-yukon-landscapes,Ecoregions of the Yukon Territory: Biophysical properties of Yukon landscapes,0,0,0,0,2,information,yukon-geological-survey,2013-01-14T02:01:52,2013-01-14T02:01:52,2013,2013
residual-total-magnetic-field-aeromagnetic-survey-of-the-scroggie-creek-and-wolverine-creek-are,"Residual total magnetic field, Aeromagnetic Survey of the Scroggie Creek and Wolverine Creek Areas, NTS 115O/2 and part of 115O/3",0,0,0,0,3,information,yukon-geological-survey,2012-11-18T12:11:57,2012-11-18T12:11:57,2012,2012
residual-total-magnetic-field-aeromagnetic-survey-of-the-scroggie-creek-and-wolverine-creek-are-2,"Residual total magnetic field, Aeromagnetic Survey of the Scroggie Creek and Wolverine Creek Areas, NTS 115O/6 and part of 115O/7",0,0,0,0,3,information,yukon-geological-survey,2012-11-18T12:11:19,2012-11-18T12:11:19,2012,2012
first-vertical-derivative-of-the-magnetic-field-aeromagnetic-survey-of-the-scroggie-creek-an-12,"First vertical derivative of the magnetic field, Aeromagnetic Survey of the Scroggie Creek and Wolverine Creek Areas, NTS 115I/11 and parts of 115I/5, 6, 12",0,0,0,0,3,information,yukon-geological-survey,2012-11-18T12:11:15,2012-11-18T12:11:15,2012,2012
first-vertical-derivative-of-the-magnetic-field-aeromagnetic-survey-of-the-scroggie-creek-and-w-1,"First vertical derivative of the magnetic field, Aeromagnetic Survey of the Scroggie Creek and Wolverine Creek Areas, NTS 115O/4 and part of 115O/3",0,0,0,0,3,information,yukon-geological-survey,2012-11-18T12:11:11,2012-11-18T12:11:11,2012,2012
residual-total-magnetic-field-aeromagnetic-survey-of-the-scroggie-creek-and-wolverine-creek--12,"Residual total magnetic field, Aeromagnetic Survey of the Scroggie Creek and Wolverine Creek Areas, NTS 115I/11 and parts of 115I/5, 6, 12",0,0,0,0,3,information,yukon-geological-survey,2012-11-18T12:11:09,2012-11-18T12:11:09,2012,2012
residual-total-magnetic-field-aeromagnetic-survey-of-the-scroggie-creek-and-wolverine-creek-are-1,"Residual total magnetic field, Aeromagnetic Survey of the Scroggie Creek and Wolverine Creek Areas, NTS 115O/4 and part of 115O/3",0,0,0,0,3,information,yukon-geological-survey,2012-11-18T12:11:05,2012-11-18T12:11:05,2012,2012
first-vertical-derivative-of-the-magnetic-field-aeromagnetic-survey-of-the-scroggie-creek-and-w,"First vertical derivative of the magnetic field, Aeromagnetic Survey of the Scroggie Creek and Wolverine Creek Areas, NTS 115O/2 and part of 115O/3",0,0,0,0,3,information,yukon-geological-survey,2012-11-18T12:11:04,2012-11-18T12:11:04,2012,2012
first-vertical-derivative-of-the-magnetic-field-aeromagnetic-survey-of-the-scroggie-creek-an-14,"First vertical derivative of the magnetic field, Aeromagnetic Survey of the Scroggie Creek and Wolverine Creek Areas, NTS 115P/13 and part of 115P/14",0,0,0,0,3,information,yukon-geological-survey,2012-11-18T02:11:55,2012-11-18T02:11:55,2012,2012
residual-total-magnetic-field-aeromagnetic-survey-of-the-scroggie-creek-and-wolverine-creek-are-3,"Residual total magnetic field, Aeromagnetic Survey of the Scroggie Creek and Wolverine Creek Areas, NTS 115O/8 and part of 115O/7",0,0,0,0,3,information,yukon-geological-survey,2012-11-18T02:11:49,2012-11-18T02:11:49,2012,2012
first-vertical-derivative-of-the-magnetic-field-aeromagnetic-survey-of-the-scroggie-creek-and-w-3,"First vertical derivative of the magnetic field, Aeromagnetic Survey of the Scroggie Creek and Wolverine Creek Areas, NTS 115O/8 and part of 115O/7",0,0,0,0,3,information,yukon-geological-survey,2012-11-18T02:11:33,2012-11-18T02:11:33,2012,2012
first-vertical-derivative-of-the-magnetic-field-aeromagnetic-survey-of-the-scroggie-creek-an-10,"First vertical derivative of the magnetic field, Aeromagnetic Survey of the Scroggie Creek and Wolverine Creek Areas, NTS 115O/9 and part of 115O/10",0,0,0,0,3,information,yukon-geological-survey,2012-11-18T02:11:26,2012-11-18T02:11:26,2012,2012
residual-total-magnetic-field-aeromagnetic-survey-of-the-scroggie-creek-and-wolverine-creek--11,"Residual total magnetic field, Aeromagnetic Survey of the Scroggie Creek and Wolverine Creek Areas, NTS 115P/12 and part of 115P/11",0,0,0,0,3,information,yukon-geological-survey,2012-11-18T02:11:25,2012-11-18T02:11:25,2012,2012
residual-total-magnetic-field-aeromagnetic-survey-of-the-scroggie-creek-and-wolverine-creek--10,"Residual total magnetic field, Aeromagnetic Survey of the Scroggie Creek and Wolverine Creek Areas, NTS 115O/9 and part of 115O/10",0,0,0,0,3,information,yukon-geological-survey,2012-11-18T02:11:21,2012-11-18T02:11:21,2012,2012
first-vertical-derivative-of-the-magnetic-field-aeromagnetic-survey-of-the-scroggie-creek-an-11,"First vertical derivative of the magnetic field, Aeromagnetic Survey of the Scroggie Creek and Wolverine Creek Areas, NTS 115P/12 and part of 115P/11",0,0,0,0,3,information,yukon-geological-survey,2012-11-18T02:11:15,2012-11-18T02:11:15,2012,2012
residual-total-magnetic-field-aeromagnetic-survey-of-the-scroggie-creek-and-wolverine-creek--14,"Residual total magnetic field, Aeromagnetic Survey of the Scroggie Creek and Wolverine Creek Areas, NTS 115P/13 and part of 115P/14",0,0,0,0,3,information,yukon-geological-survey,2012-11-18T02:11:11,2012-11-18T02:11:11,2012,2012
first-vertical-derivative-of-the-magnetic-field-aeromagnetic-survey-of-the-scroggie-creek-and-w-2,"First vertical derivative of the magnetic field, Aeromagnetic Survey of the Scroggie Creek and Wolverine Creek Areas, NTS 115O/6 and part of 115O/7",0,0,0,0,3,information,yukon-geological-survey,2012-11-18T02:11:09,2012-11-18T02:11:09,2012,2012
placer-gold-potential-map-dawson-land-use-plan-nts-115n-o-and-part-of-115p-116b-c-f-g-yukon,"Placer Gold Potential Map - Dawson Land Use Plan (NTS 115N, O and part of 115P, 116B, C, F, G) Yukon",0,0,0,0,2,information,yukon-geological-survey,2012-11-16T09:11:43,2012-11-16T09:11:43,2012,2012
yukon-mineral-property-update-2008,Yukon Mineral Property Update 2008,0,0,0,0,2,information,yukon-geological-survey,2012-10-19T04:10:36,2012-10-19T04:10:36,2012,2012
first-finding-of-pt-pd-rich-chromitite-and-platinum-group-element-mineralization-in-southwest-y,First finding of Pt-Pd-rich chromitite and platinum-group element mineralization in southwest Yukon mantle peridotite complexes,0,0,0,0,2,information,yukon-geological-survey,2012-10-17T04:10:19,2012-10-17T04:10:19,2012,2012
scoping-study-of-unconventional-oil-and-gas-potential-yukon,"Scoping study of unconventional oil and gas potential, Yukon",0,0,0,0,2,information,yukon-geological-survey,2012-09-13T11:09:40,2012-09-13T11:09:40,2012,2012
timing-and-kinematics-of-the-duke-river-fault-insights-into-the-evolution-of-the-insular-terran,"Timing and kinematics of the Duke River fault: insights into the evolution of the Insular Terrane, southwest Yukon",0,0,0,0,1,information,yukon-geological-survey,2012-07-24T02:07:44,2012-07-24T02:07:44,2012,2012
petroleum-resource-assessment-of-whitehorse-trough-yukon-canada,"Petroleum resource assessment of Whitehorse trough, Yukon, Canada",0,0,0,0,3,information,yukon-geological-survey,2012-07-04T10:07:12,2012-07-04T10:07:12,2012,2012
regional-gravity-survey-carmacks-area-yukon,"Regional gravity survey, Carmacks area, Yukon",0,0,0,0,2,information,yukon-geological-survey,2012-07-03T01:07:02,2012-07-03T01:07:02,2012,2012
preliminary-geological-map-of-mount-ferrell-106c-3-southern-nadaleen-map-area-yukon,"Preliminary geological map of Mount Ferrell (106C/3), southern Nadaleen map area, Yukon",0,0,0,0,2,information,yukon-geological-survey,2012-04-11T02:04:15,2012-04-11T02:04:15,2012,2012
yukon-exploration-and-geology-2011,Yukon Exploration and Geology 2011,0,0,0,0,2,information,yukon-geological-survey,2012-03-04T12:03:35,2012-03-04T12:03:35,2012,2012
lithofacies-and-lithostratigraphic-correlation-potential-of-the-rapitan-iron-formation-snake-ri,"Lithofacies and lithostratigraphic correlation potential of the Rapitan iron formation, Snake River area (NTS 106F), Yukon",0,0,0,0,2,information,yukon-geological-survey,2012-03-04T12:03:22,2012-03-04T12:03:22,2012,2012
preliminary-observations-on-the-geology-of-the-rackla-belt-mount-ferrell-map-area-nts-106c-3-ce,"Preliminary observations on the geology of the Rackla belt, Mount Ferrell map area (NTS 106C/3), central Yukon",0,0,0,0,2,information,yukon-geological-survey,2012-03-04T12:03:00,2012-03-04T12:03:00,2012,2012
geology-and-mineral-potential-of-the-northwestern-aishihik-lake-map-area-parts-of-nts-115h-1-13,"Geology and mineral potential of the northwestern Aishihik Lake map area, parts of NTS 115H/12 and 13",0,0,0,0,2,information,yukon-geological-survey,2012-03-04T01:03:45,2012-03-04T01:03:45,2012,2012
contrasting-structural-settings-of-mafic-and-ultramafic-rocks-in-the-yukon-tanana-terrane,Contrasting structural settings of mafic and ultramafic rocks in the Yukon-Tanana terrane,0,0,0,0,2,information,yukon-geological-survey,2012-03-04T01:03:37,2012-03-04T01:03:37,2012,2012
new-u-pb-geochronology-of-early-cretaceous-porphyry-and-skarn-mineralization-in-southwest-yukon,New U-Pb geochronology of Early Cretaceous porphyry and skarn mineralization in southwest Yukon,0,0,0,0,2,information,yukon-geological-survey,2012-03-04T01:03:32,2012-03-04T01:03:32,2012,2012
shale-gas-potential-of-devonian-shale-in-north-yukon-results-from-a-diamond-drillhole-study-in-,Shale gas potential of Devonian shale in north Yukon: Results from a diamond drillhole study in western Richardson Mountains,0,0,0,0,2,information,yukon-geological-survey,2012-03-04T01:03:30,2012-03-04T01:03:30,2012,2012
updated-definition-and-correlation-of-the-lower-fifteenmile-group-in-the-central-and-eastern-og,Updated definition and correlation of the lower Fifteenmile Group in the central and eastern Ogilvie Mountains,0,0,0,0,2,information,yukon-geological-survey,2012-03-04T01:03:24,2012-03-04T01:03:24,2012,2012
upper-age-constraint-and-paragenesis-of-the-tiger-zone-rau-property-central-yukon,"Upper age constraint and paragenesis of the Tiger zone, Rau property, central Yukon",0,0,0,0,2,information,yukon-geological-survey,2012-03-04T01:03:18,2012-03-04T01:03:18,2012,2012
the-proterozoic-pinguicula-group-wernecke-mountains-yukon-a-siliciclastic-and-carbonate-slope-t,"The Proterozoic Pinguicula Group, Wernecke Mountains, Yukon: A siliciclastic and carbonate slope to basin succession with local and exotic sediment provenance",0,0,0,0,2,information,yukon-geological-survey,2012-03-04T01:03:03,2012-03-04T01:03:03,2012,2012
regional-stream-sediment-geochemical-data-dawson-yukon-nts-116b-and-c,"Regional stream sediment geochemical data, Dawson, Yukon (NTS 116B & C)",0,0,0,0,4,information,yukon-geological-survey,2012-01-20T10:01:54,2012-01-20T10:01:54,2012,2012
regional-stream-sediment-geochemical-data-watson-lake-area-southeastern-yukon-nts-095d-and-105a,"Regional stream sediment geochemical data, Watson Lake area, southeastern Yukon (NTS 095D & 105A)",0,0,0,0,3,information,yukon-geological-survey,2012-01-20T10:01:48,2012-01-20T10:01:48,2012,2012
regional-stream-sediment-geochemical-data-mcquesten-area-central-yukon-nts-115p,"Regional stream sediment geochemical data, McQuesten area, central Yukon (NTS 115P)",0,0,0,0,3,information,yukon-geological-survey,2012-01-20T10:01:26,2012-01-20T10:01:26,2012,2012
regional-stream-sediment-geochemical-data-glenlyon-area-central-yukon-nts-105k-west-and-105l,"Regional stream sediment geochemical data, Glenlyon area, central Yukon (NTS 105K west & 105L)",0,0,0,0,3,information,yukon-geological-survey,2012-01-20T10:01:25,2012-01-20T10:01:25,2012,2012
regional-stream-sediment-geochemical-data-mayo-area-central-yukon-nts-105m,"Regional stream sediment geochemical data, Mayo area, central Yukon (NTS 105M)",0,0,0,0,3,information,yukon-geological-survey,2012-01-20T10:01:22,2012-01-20T10:01:22,2012,2012
surficial-geology-of-tom-creek-115j-12-yukon-1-50-000-scale,"Surficial geology of Tom Creek (115J/12), Yukon (1:50 000 scale)",0,0,0,0,2,information,yukon-geological-survey,2012-01-20T02:01:56,2012-01-20T02:01:56,2012,2012
surficial-geology-of-selwyn-river-115j-09-yukon-1-50-000,"Surficial geology of Selwyn River (115J/09), Yukon (1:50 000)",0,0,0,0,2,information,yukon-geological-survey,2012-01-20T02:01:43,2012-01-20T02:01:43,2012,2012
surficial-geology-of-colorado-creek-115j-10-yukon-1-50-000-scale,"Surficial geology of Colorado Creek (115J/10), Yukon (1:50 000 scale)",0,0,0,0,2,information,yukon-geological-survey,2012-01-20T02:01:14,2012-01-20T02:01:14,2012,2012
surficial-geology-of-doyle-creek-115j-11-yukon-1-50-000-scale,"Surficial geology of Doyle Creek (115J/11), Yukon (1:50 000 scale)",0,0,0,0,2,information,yukon-geological-survey,2012-01-20T02:01:14,2012-01-20T02:01:14,2012,2012
surficial-geology-of-home-creek-115j-13-yukon-1-50-000-scale,"Surficial geology of Home Creek (115J/13), Yukon (1:50 000 scale)",0,0,0,0,2,information,yukon-geological-survey,2012-01-20T02:01:00,2012-01-20T02:01:00,2012,2012
yukon-exploration-and-geology-overview-2011,Yukon Exploration and Geology Overview 2011,0,0,0,0,2,information,yukon-geological-survey,2012-01-13T12:01:28,2012-01-13T12:01:28,2012,2012
petrography-and-reservoir-characterization-of-cretaceous-sandstones-of-the-parkin-fishing-branc,"Petrography and reservoir characterization of Cretaceous sandstones of the Parkin, Fishing Branch, and Cody Creek formations of the Eagle Plains sedimentary basin, Yukon",0,0,0,0,1,information,yukon-geological-survey,2011-12-19T11:12:05,2011-12-19T11:12:05,2011,2011
geological-compilation-of-whitehorse-trough,Geological compilation of Whitehorse trough,0,0,0,0,7,information,yukon-geological-survey,2011-12-15T02:12:30,2011-12-15T02:12:30,2011,2011
a-review-of-placer-gold-concentrate-recovery-and-upgrade-options,A review of placer gold concentrate recovery and upgrade options,0,0,0,0,2,information,yukon-geological-survey,2011-12-02T10:12:15,2011-12-02T10:12:15,2011,2011
preliminary-geological-map-of-the-northwestern-aishihik-lake-area-parts-of-nts-115h-12-and-13-1,"Preliminary geological map of the northwestern Aishihik Lake area, parts of NTS 115H/12 and 13 (1:50 000-scale)",0,0,0,0,2,information,yukon-geological-survey,2011-12-01T11:12:33,2011-12-01T11:12:33,2011,2011
regional-stream-sediment-geochemical-data-niddery-lake-yukon-105o-and-p,"Regional stream sediment geochemical data Niddery Lake, Yukon (105O & P)",0,0,0,0,3,information,yukon-geological-survey,2011-11-24T04:11:52,2011-11-24T04:11:52,2011,2011
bouger-gravity-anomaly-of-the-northern-aishihik-lake-area-yukon-parts-of-nts-115h-i-and-g,"Bouger gravity anomaly of the northern Aishihik Lake area, Yukon (parts of NTS 115H, I and G)",0,0,0,0,2,information,yukon-geological-survey,2011-11-24T04:11:38,2011-11-24T04:11:38,2011,2011
regional-stream-sediment-geochemical-data-stevenson-ridge-yukon-nts-115j-and-k,"Regional stream sediment geochemical data Stevenson Ridge, Yukon (NTS 115J & K)",0,0,0,0,3,information,yukon-geological-survey,2011-11-24T04:11:03,2011-11-24T04:11:03,2011,2011
regional-stream-sediment-geochemical-data-tay-river-yukon-nts-105k-east,"Regional stream sediment geochemical data Tay River, Yukon (NTS 105K east)",0,0,0,0,3,information,yukon-geological-survey,2011-11-24T04:11:00,2011-11-24T04:11:00,2011,2011
yukon-exploration-and-geology-2010,Yukon Exploration and Geology 2010,0,0,0,0,2,information,yukon-geological-survey,2011-11-02T11:11:19,2011-11-02T11:11:19,2011,2011
bedrock-geology-of-coal-river-map-area-nts-95d-yukon,"Bedrock geology of Coal River map area (NTS 95D), Yukon",0,0,0,0,2,information,yukon-geological-survey,2011-10-26T08:10:04,2011-10-26T08:10:04,2011,2011
residual-total-magnetic-field-aeromagnetic-survey-of-the-nisling-river-area-nts-115-j-2-and-par,"Residual total magnetic field, Aeromagnetic Survey of the Nisling River Area, NTS 115 J/2 and part of 115 J/3, Yukon",0,0,0,0,4,information,yukon-geological-survey,2011-07-18T11:07:45,2011-07-18T11:07:45,2011,2011
first-vertical-derivative-of-the-magnetic-field-aeromagnetic-survey-of-the-nisling-river-area-n-3,"First vertical derivative of the magnetic field, Aeromagnetic Survey of the Nisling River Area, NTS 115 I/4 and 115 J/1, Yukon",0,0,0,0,4,information,yukon-geological-survey,2011-07-18T11:07:43,2011-07-18T11:07:43,2011,2011
first-vertical-derivative-of-the-magnetic-field-aeromagnetic-survey-of-the-nisling-river-area-n-6,"First vertical derivative of the magnetic field, Aeromagnetic Survey of the Nisling River Area, NTS 115 J/7, 8, Yukon",0,0,0,0,4,information,yukon-geological-survey,2011-07-18T11:07:41,2011-07-18T11:07:41,2011,2011
first-vertical-derivative-of-the-magnetic-field-aeromagnetic-survey-of-the-nisling-river-area-n-5,"First vertical derivative of the magnetic field, Aeromagnetic Survey of the Nisling River Area, NTS 115 J/5, 6, Yukon",0,0,0,0,4,information,yukon-geological-survey,2011-07-18T11:07:41,2011-07-18T11:07:41,2011,2011
residual-total-magnetic-field-aeromagnetic-survey-of-the-nisling-river-area-nts-115-j-5-6-yukon,"Residual total magnetic field, Aeromagnetic Survey of the Nisling River Area, NTS 115 J/5, 6, Yukon",0,0,0,0,4,information,yukon-geological-survey,2011-07-18T11:07:37,2011-07-18T11:07:37,2011,2011
first-vertical-derivative-of-the-magnetic-field-aeromagnetic-survey-of-the-nisling-river-area-n-4,"First vertical derivative of the magnetic field, Aeromagnetic Survey of the Nisling River Area, NTS 115 J/2 and part of 115 J/3, Yukon",0,0,0,0,4,information,yukon-geological-survey,2011-07-18T11:07:19,2011-07-18T11:07:19,2011,2011
residual-total-magnetic-field-aeromagnetic-survey-of-the-nisling-river-area-nts-115-j-7-8-yukon,"Residual total magnetic field, Aeromagnetic Survey of the Nisling River Area, NTS 115 J/7, 8, Yukon",0,0,0,0,4,information,yukon-geological-survey,2011-07-18T11:07:18,2011-07-18T11:07:18,2011,2011
residual-total-magnetic-field-aeromagnetic-survey-of-the-nisling-river-area-nts-115-h-14-and-pa,"Residual total magnetic field, Aeromagnetic Survey of the Nisling River Area, NTS 115 H/14 and part of 115 H/15, Yukon",0,0,0,0,4,information,yukon-geological-survey,2011-07-18T10:07:37,2011-07-18T10:07:37,2011,2011
residual-total-magnetic-field-aeromagnetic-survey-of-the-nisling-river-area-nts-115-i-4-and-115,"Residual total magnetic field, Aeromagnetic Survey of the Nisling River Area, NTS 115 I/4 and 115 J/1, Yukon",0,0,0,0,4,information,yukon-geological-survey,2011-07-18T10:07:32,2011-07-18T10:07:32,2011,2011
first-vertical-derivative-of-the-magnetic-field-aeromagnetic-survey-of-the-nisling-river-area-n-2,"First vertical derivative of the magnetic field, Aeromagnetic Survey of the Nisling River Area, NTS 115 H/14 and part of 115 H/15, Yukon",0,0,0,0,4,information,yukon-geological-survey,2011-07-18T10:07:26,2011-07-18T10:07:26,2011,2011
residual-total-magnetic-field-aeromagnetic-survey-of-the-nisling-river-area-parts-of-nts-115-g--1,"Residual total magnetic field, Aeromagnetic Survey of the Nisling River Area, Parts of NTS 115 G/10, 11, Yukon",0,0,0,0,4,information,yukon-geological-survey,2011-07-15T09:07:46,2011-07-15T09:07:46,2011,2011
first-vertical-derivative-of-the-magnetic-field-aeromagnetic-survey-of-the-nisling-river-area-p-1,"First vertical derivative of the magnetic field, Aeromagnetic Survey of the Nisling River Area, Parts of NTS 115 G/10, 11, Yukon",0,0,0,0,4,information,yukon-geological-survey,2011-07-15T09:07:34,2011-07-15T09:07:34,2011,2011
residual-total-magnetic-field-aeromagnetic-survey-of-the-nisling-river-area-parts-of-nts-115-h-,"Residual total magnetic field, Aeromagnetic Survey of the Nisling River Area, Parts of NTS 115 H/6, 7, 10, 11, Yukon",0,0,0,0,4,information,yukon-geological-survey,2011-07-15T03:07:27,2011-07-15T03:07:27,2011,2011
first-vertical-derivative-of-the-magnetic-field-aeromagnetic-survey-of-the-nisling-river-area-p-3,"First vertical derivative of the magnetic field, Aeromagnetic Survey of the Nisling River Area, Parts of NTS 115 H/6, 7, 10, 11, Yukon",0,0,0,0,4,information,yukon-geological-survey,2011-07-15T03:07:09,2011-07-15T03:07:09,2011,2011
first-vertical-derivative-of-the-magnetic-field-aeromagnetic-survey-of-the-nisling-river-area-n,"First vertical derivative of the magnetic field, Aeromagnetic Survey of the Nisling River Area, NTS 115 G/15 and part of 115 G/14, Yukon",0,0,0,0,4,information,yukon-geological-survey,2011-07-15T02:07:41,2011-07-15T02:07:41,2011,2011
residual-total-magnetic-field-aeromagnetic-survey-of-the-nisling-river-area-nts-115-g-16-and-11,"Residual total magnetic field, Aeromagnetic Survey of the Nisling River Area, NTS 115 G/16 and 115 H/13, Yukon",0,0,0,0,4,information,yukon-geological-survey,2011-07-15T02:07:34,2011-07-15T02:07:34,2011,2011
first-vertical-derivative-of-the-magnetic-field-aeromagnetic-survey-of-the-nisling-river-area-n-1,"First vertical derivative of the magnetic field, Aeromagnetic Survey of the Nisling River Area, NTS 115 G/16 and 115 H/13, Yukon",0,0,0,0,4,information,yukon-geological-survey,2011-07-15T02:07:23,2011-07-15T02:07:23,2011,2011
residual-total-magnetic-field-aeromagnetic-survey-of-the-nisling-river-area-part-of-nts-115-g-1,"Residual total magnetic field, Aeromagnetic Survey of the Nisling River Area, Part of NTS 115 G/13, Yukon",0,0,0,0,4,information,yukon-geological-survey,2011-07-15T01:07:12,2011-07-15T01:07:12,2011,2011
first-vertical-derivative-of-the-magnetic-field-aeromagnetic-survey-of-the-nisling-river-area-p-2,"First vertical derivative of the magnetic field, Aeromagnetic Survey of the Nisling River Area, Part of NTS 115 G/13, Yukon",0,0,0,0,4,information,yukon-geological-survey,2011-07-15T01:07:04,2011-07-15T01:07:04,2011,2011
residual-total-magnetic-field-aeromagnetic-survey-of-the-nisling-river-area-nts-115-g-15-and-pa,"Residual total magnetic field, Aeromagnetic Survey of the Nisling River Area, NTS 115 G/15 and part of 115 G/14, Yukon",0,0,0,0,4,information,yukon-geological-survey,2011-07-15T01:07:02,2011-07-15T01:07:02,2011,2011
first-vertical-derivative-of-the-magnetic-field-aeromagnetic-survey-of-the-nisling-river-area-p,"First vertical derivative of the magnetic field, Aeromagnetic Survey of the Nisling River Area, Parts of NTS 115 G/8, 9 and H/5, 12, Yukon",0,0,0,0,4,information,yukon-geological-survey,2011-07-14T03:07:45,2011-07-14T03:07:45,2011,2011
residual-total-magnetic-field-aeromagnetic-survey-of-the-nisling-river-area-parts-of-nts-115-g-,"Residual total magnetic field, Aeromagnetic Survey of the Nisling River Area, Parts of NTS 115 G/8, 9 and H/5, 12, Yukon",0,0,0,0,4,information,yukon-geological-survey,2011-07-14T02:07:46,2011-07-14T02:07:46,2011,2011
assessment-of-low-permeability-cover-as-infiltration-and-oxygen-barrier-to-reduce-acid-generati,"Assessment of low permeability cover as infiltration and oxygen barrier to reduce acid generation in mine tailing at the Arctic Gold and Silver Mine Site, Carcross, Yukon",0,0,0,0,2,information,yukon-geological-survey,2011-06-29T03:06:49,2011-06-29T03:06:49,2011,2011
report-on-the-experimental-vegetation-plots-established-on-3-abandoned-toxic-yukon-mine-ta-2009,"Report on the experimental vegetation plots established on 3 abandoned toxic Yukon mine tailings sites, revisited in 2009",0,0,0,0,1,information,yukon-geological-survey,2011-06-29T03:06:43,2011-06-29T03:06:43,2011,2011
evaluation-of-the-effectiveness-of-biological-treatment-of-mine-waters,Evaluation of the effectiveness of biological treatment of mine waters,0,0,0,0,2,information,yukon-geological-survey,2011-06-29T03:06:37,2011-06-29T03:06:37,2011,2011
seismic-line-recovery-in-the-southeast-yukon-patterns-and-processes,Seismic line recovery in the Southeast Yukon: Patterns and processes,0,0,0,0,2,information,yukon-geological-survey,2011-06-29T03:06:30,2011-06-29T03:06:30,2011,2011
alternative-methods-for-the-reclamation-of-an-exploration-trail-off-the-dempster-highway-yukon,"Alternative methods for the reclamation of an exploration trail off the Dempster Highway, Yukon",0,0,0,0,2,information,yukon-geological-survey,2011-06-29T03:06:23,2011-06-29T03:06:23,2011,2011
arsenic-chromium-and-selenium-speciation-in-selwyn-basin-yukon,"Arsenic, chromium, and selenium speciation in Selwyn Basin, Yukon",0,0,0,0,2,information,yukon-geological-survey,2011-06-29T03:06:01,2011-06-29T03:06:01,2011,2011
brewery-creek-from-assessment-and-permitting-through-producation-to-post-closure-a-post-closure,Brewery Creek: From assessment and permitting through producation to post closure: A post closure analysis of a northern heap leach mine,0,0,0,0,2,information,yukon-geological-survey,2011-06-29T02:06:23,2011-06-29T02:06:23,2011,2011
natural-source-contaminants-in-the-yukon-focus-on-selenium,Natural Source Contaminants in the Yukon: Focus on Selenium,0,0,0,0,2,information,yukon-geological-survey,2011-06-29T02:06:18,2011-06-29T02:06:18,2011,2011
uranium-facts-myths-and-phobia,"Uranium: Facts, Myths and Phobia",0,0,0,0,2,information,yukon-geological-survey,2011-06-29T02:06:07,2011-06-29T02:06:07,2011,2011
a-review-of-serveral-yukon-revegetation-projects-and-techniques,A review of serveral Yukon revegetation projects and techniques,0,0,0,0,2,information,yukon-geological-survey,2011-06-29T02:06:01,2011-06-29T02:06:01,2011,2011
yukon-placer-mining-industry-2007-2009,Yukon Placer Mining Industry 2007-2009,0,0,0,0,2,information,yukon-geological-survey,2011-05-19T02:05:21,2011-05-19T02:05:21,2011,2011
2d-resistivity-ip-data-release-for-placer-mining-and-shallow-quartz-mining-yukon-2010,2D Resistivity/IP Data Release for Placer Mining and shallow Quartz Mining - Yukon 2010,0,0,0,0,2,information,yukon-geological-survey,2011-05-11T03:05:57,2011-05-11T03:05:57,2011,2011
conventional-reservoir-petrophysical-property-assessment-for-17-wells-peel-plateau-and-plain-yu,"Conventional reservoir petrophysical property assessment for 17 wells, Peel Plateau and Plain, Yukon Territory (65º 00’ to 67º 00’ N; 132º 00’ to 136º 00’ W)",0,0,0,0,2,information,yukon-geological-survey,2011-05-10T11:05:40,2011-05-10T11:05:40,2011,2011
surficial-geology-of-pelly-crossing-part-of-nts-115i-15-yukon-1-20-000-scale,Surficial Geology of Pelly Crossing (part of NTS 115I/15) Yukon (1:20 000-scale),0,0,0,0,4,information,yukon-geological-survey,2011-04-20T01:04:17,2011-04-20T01:04:17,2011,2011
what-about-those-emeralds-eh-geological-setting-of-emeralds-at-regal-ridge-se-yukon-provides-cl,"What about those emeralds, eh? Geological setting of emeralds at Regal Ridge (SE Yukon) provides clues to their origin - and to other places to explore",0,0,0,0,2,information,yukon-geological-survey,2011-04-04T03:04:59,2011-04-04T03:04:59,2011,2011
a-spectrographic-and-mineralographic-investigation-of-alluvial-gold-from-the-central-yukon,A spectrographic and mineralographic investigation of alluvial gold from the central Yukon,0,0,0,0,1,information,yukon-geological-survey,2011-04-04T03:04:58,2011-04-04T03:04:58,2011,2011
a-study-of-seasonal-frost-mounds-north-fork-pass-northern-interior-yukon-territory,"A study of seasonal frost mounds, North Fork Pass, Northern Interior, Yukon Territory",0,0,0,0,2,information,yukon-geological-survey,2011-04-04T03:04:58,2011-04-04T03:04:58,2011,2011
geomorphology-of-the-klondike-placer-goldfields-yukon-territory,"Geomorphology of the Klondike Placer Goldfields, Yukon Territory",0,0,0,0,2,information,yukon-geological-survey,2011-04-04T03:04:58,2011-04-04T03:04:58,2011,2011
middle-ordovician-trilobites-south-nahanni-river-area-district-of-mackenzie,"Middle Ordovician trilobites, south Nahanni River area, District of MacKenzie",0,0,0,0,1,information,yukon-geological-survey,2011-04-04T03:04:58,2011-04-04T03:04:58,2011,2011
occurrences-of-psigraptus-and-chigraptus-gen-nov-in-the-tremadoc-of-the-yukon-territory-canada,"Occurrences of Psigraptus and Chigraptus gen. nov. in the Tremadoc of the Yukon Territory, Canada",0,0,0,0,2,information,yukon-geological-survey,2011-04-04T03:04:58,2011-04-04T03:04:58,2011,2011
petrology-chemistry-age-and-isotope-study-of-the-high-potassium-emerald-lake-pluton-eastern-yuk,"Petrology, chemistry, age, and isotope study of the high potassium Emerald Lake Pluton, eastern Yukon Territory",0,0,0,0,1,information,yukon-geological-survey,2011-04-04T03:04:58,2011-04-04T03:04:58,2011,2011
regional-scale-transposition-and-late-large-scale-folding-in-the-teslin-zone-pelly-mountains-yu,"Regional-scale transposition and late large-scale folding in the Teslin Zone, Pelly Mountains, Yukon",0,0,0,0,1,information,yukon-geological-survey,2011-04-04T03:04:58,2011-04-04T03:04:58,2011,2011
the-rapitan-group-relevance-to-the-global-association-of-late-proterozoic-glaciation-and-iron-f,The Rapitan Group: relevance to the global association of Late Proterozoic glaciation and iron-formation,0,0,0,0,1,information,yukon-geological-survey,2011-04-04T03:04:58,2011-04-04T03:04:58,2011,2011
ecological-consequences-of-recreation-on-subarctic-alpine-tundra-experimental-assessment-and-pr,Ecological consequences of recreation on subarctic-alpine tundra; experimental assessment and predictive modeling as planning tools for sustainable visitor management in protected areas,0,0,0,0,1,information,yukon-geological-survey,2011-04-04T03:04:57,2011-04-04T03:04:57,2011,2011
wall-rock-alteration-at-the-brown-mcdade-mine,Wall Rock alteration at the Brown McDade mine,0,0,0,0,1,information,yukon-geological-survey,2011-04-04T03:04:57,2011-04-04T03:04:57,2011,2011
contaminants-found-me-a-science-curriculum-for-yukoners,Contaminants found me; a science curriculum for Yukoners,0,0,0,0,2,information,yukon-geological-survey,2011-04-04T03:04:56,2011-04-04T03:04:56,2011,2011
metallogeny-of-epithermal-gold-and-base-metal-veins-of-the-southern-dawson-range-yukon,"Metallogeny of epithermal gold and base metal veins of the southern Dawson Range, Yukon",0,0,0,0,1,information,yukon-geological-survey,2011-04-04T03:04:56,2011-04-04T03:04:56,2011,2011
geology-and-mineralization-of-the-oly-lake-gold-silver-tin-prospect-eastern-central-yukon,"Geology and mineralization of the Oly Lake gold-silver-tin prospect, eastern central Yukon",0,0,0,0,1,information,yukon-geological-survey,2011-04-04T03:04:56,2011-04-04T03:04:56,2011,2011
fluid-characteristics-and-evolution-of-porphyry-cu-au-mo-and-mo-systems-yukon-and-british-colum,"Fluid characteristics and evolution of porphyry Cu-Au-Mo and Mo systems, Yukon and British Columbia, Canada",0,0,0,0,1,information,yukon-geological-survey,2011-04-04T03:04:56,2011-04-04T03:04:56,2011,2011
sedimentology-and-stratigraphy-of-placer-gold-deposits-at-haggart-creek-central-yukon-territory,"Sedimentology and stratigraphy of placer gold deposits at Haggart Creek, central Yukon Territory",0,0,0,0,1,information,yukon-geological-survey,2011-04-04T03:04:56,2011-04-04T03:04:56,2011,2011
hydromechanical-behaviour-of-a-surge-type-glacier-trapridge-glacier-yukon-territory-canada,"Hydromechanical behaviour of a surge-type glacier; Trapridge Glacier, Yukon Territory, Canada",0,0,0,0,1,information,yukon-geological-survey,2011-04-04T03:04:55,2011-04-04T03:04:55,2011,2011
geology-of-the-williams-creek-copper-prospect,Geology of the Williams Creek copper prospect,0,0,0,0,1,information,yukon-geological-survey,2011-04-04T03:04:55,2011-04-04T03:04:55,2011,2011
late-cenozoic-alkaline-volcanics-of-the-level-mountain-range-northwestern-british-columbia-geol,"Late Cenozoic alkaline volcanics of the Level Mountain Range, northwestern British Columbia geology petrology and paleomagnetism",0,0,0,0,1,information,yukon-geological-survey,2011-04-04T03:04:55,2011-04-04T03:04:55,2011,2011
lithologic-and-textural-study-of-the-clear-lake-fe-zn-pb-ag-ba-massive-sulphide-deposit-yukon-t,"Lithologic and textural study of the Clear Lake Fe-Zn-Pb-Ag-Ba Massive sulphide deposit, Yukon Territory, Canada",0,0,0,0,1,information,yukon-geological-survey,2011-04-04T03:04:55,2011-04-04T03:04:55,2011,2011
petrology-of-some-new-ultramafic-occurrences-between-shakwak-and-tintina-trenches-western-yukon,"Petrology of some new ultramafic occurrences between Shakwak and Tintina trenches, western Yukon",0,0,0,0,1,information,yukon-geological-survey,2011-04-04T03:04:55,2011-04-04T03:04:55,2011,2011
quaternary-geology-in-the-southern-ogilvie-ranges-yukon-territory-and-an-investigation-of-morph,"Quaternary geology in the southern Ogilvie Ranges, Yukon Territory and an investigation of morphological, periglacial, pedological and botanical criteria for possible use in the chronology of morainal sequences",0,0,0,0,1,information,yukon-geological-survey,2011-04-04T03:04:55,2011-04-04T03:04:55,2011,2011
the-cordilleran-glacier,The Cordilleran Glacier,0,0,0,0,1,information,yukon-geological-survey,2011-04-04T03:04:55,2011-04-04T03:04:55,2011,2011
surficial-geology-scroggie-creek-yukon-territory-115o-2,"Surficial geology, Scroggie Creek, Yukon Territory (115O/2)",0,0,0,0,1,information,yukon-geological-survey,2011-04-04T03:04:54,2011-04-04T03:04:54,2011,2011
the-geology-of-part-of-keno-hill-yukon-territory-and-the-relationship-between-the-dispersion-of,"The geology of part of Keno Hill, Yukon Territory and the relationship between the dispersion of metals in the soils and tills and known bedrock sources",0,0,0,0,1,information,yukon-geological-survey,2011-04-04T03:04:54,2011-04-04T03:04:54,2011,2011
the-geology-of-the-raz-property-anvil-range-yukon-territory,"The geology of the Raz property, Anvil Range, Yukon Territory",0,0,0,0,1,information,yukon-geological-survey,2011-04-04T03:04:54,2011-04-04T03:04:54,2011,2011
petrology-and-tectonic-setting-of-felsic-and-mafic-volcanic-and-intrusive-rocks-in-the-finlayso,"Petrology and Tectonic Setting of Felsic and Mafic Volcanic and Intrusive Rocks in the Finlayson Lake Volcanic-hosted Massive Sulphide (VHMS) District, Yukon, Canada: A Record of mid-paleozoic Arc and Back-arc Magmatism and Metallogeny",0,0,0,0,1,information,yukon-geological-survey,2011-04-04T03:04:52,2011-04-04T03:04:52,2011,2011
field-guide-to-quaternary-research-in-central-and-western-yukon-territory,Field Guide to Quaternary Research in Central and Western Yukon Territory,0,0,0,0,2,information,yukon-geological-survey,2011-04-04T03:04:51,2011-04-04T03:04:51,2011,2011
white-channel-alteration-paradise-hill,White Channel alteration: Paradise Hill,0,0,0,0,1,information,yukon-geological-survey,2011-04-04T03:04:51,2011-04-04T03:04:51,2011,2011
rich-replacement-deposits-and-related-mineralization-styles-in-the-ketza-river-deposit-yukon-te,"Rich replacement deposits and related mineralization styles in the Ketza River Deposit, Yukon Territory",0,0,0,0,1,information,yukon-geological-survey,2011-04-04T03:04:48,2011-04-04T03:04:48,2011,2011
eolian-sediment-transport-slims-river-valley-yukon-territory,"Eolian sediment transport, Slims River valley, Yukon Territory",0,0,0,0,1,information,yukon-geological-survey,2011-04-04T03:04:47,2011-04-04T03:04:47,2011,2011
geological-geochronological-and-pb-isotopic-constraints-on-the-age-and-origin-of-the-mount-nans,"Geological, geochronological and Pb isotopic constraints on the age and origin of the Mount Nansen epithermal Au-Ag vein deposit, eastern Dawson Range, Yukon",0,0,0,0,1,information,yukon-geological-survey,2011-04-04T03:04:47,2011-04-04T03:04:47,2011,2011
physical-and-chemical-zonation-in-the-emerald-lake-pluton-yukon-territory,"Physical and chemical zonation in the Emerald Lake Pluton, Yukon Territory",0,0,0,0,1,information,yukon-geological-survey,2011-04-04T03:04:47,2011-04-04T03:04:47,2011,2011
periglacial-processes-and-landforms-in-the-western-canadian-arctic,Periglacial processes and landforms in the western Canadian Arctic,0,0,0,0,2,information,yukon-geological-survey,2011-04-04T03:04:47,2011-04-04T03:04:47,2011,2011
a-geochemical-survey-and-the-nature-of-lead-silver-ores-in-sixty-mile-river-area-yukon-territor,"A geochemical survey and the nature of lead-silver ores in Sixty Mile River area, Yukon Territory",0,0,0,0,1,information,yukon-geological-survey,2011-04-04T03:04:46,2011-04-04T03:04:46,2011,2011
gravity-and-temperature-measurement-on-the-fox-glacier-yukon,"Gravity and temperature measurement on the Fox glacier, Yukon",0,0,0,0,1,information,yukon-geological-survey,2011-04-04T03:04:46,2011-04-04T03:04:46,2011,2011
permo-pennsylvanian-spiriferids-from-the-yukon-territory,Permo-Pennsylvanian spiriferids from the Yukon Territory,0,0,0,0,1,information,yukon-geological-survey,2011-04-04T03:04:46,2011-04-04T03:04:46,2011,2011
structural-glaciology-of-a-glacier-confluence-kaskawulsh-glacier-yukon-territory-canada,"Structural glaciology of a glacier confluence, Kaskawulsh glacier, Yukon Territory, Canada",0,0,0,0,1,information,yukon-geological-survey,2011-04-04T03:04:46,2011-04-04T03:04:46,2011,2011
thermal-drilling-and-deep-ice-temperature-measurements-on-the-fox-glacier-yukon,"Thermal drilling and deep ice-temperature measurements on the Fox glacier, Yukon",0,0,0,0,1,information,yukon-geological-survey,2011-04-04T03:04:46,2011-04-04T03:04:46,2011,2011
a-study-of-barium-minerals-from-the-yukon-territory,A study of barium minerals from the Yukon Territory,0,0,0,0,1,information,yukon-geological-survey,2011-04-04T03:04:45,2011-04-04T03:04:45,2011,2011
babbage-river-delta-and-lagoon-hydrology-and-sedimentology-of-an-arctic-estuarine-system,Babbage River delta and lagoon; hydrology and sedimentology of an Arctic estuarine system,0,0,0,0,1,information,yukon-geological-survey,2011-04-04T03:04:45,2011-04-04T03:04:45,2011,2011
depositional-themes-in-a-turbidite-succession-dezadeash-formation-jura-cretaceous-yukon,"Depositional themes in a turbidite succession, Dezadeash Formation (Jura-Cretaceous), Yukon",0,0,0,0,1,information,yukon-geological-survey,2011-04-04T03:04:45,2011-04-04T03:04:45,2011,2011
middle-ordovician-to-silurian-wenlock-conodont-taxonomy-and-biostratigraphy-from-basinal-strata,"Middle Ordovician to Silurian (Wenlock) conodont taxonomy and biostratigraphy from basinal strata of the Road River Formation in the Richardson Mountains, northern Yukon Territory",0,0,0,0,1,information,yukon-geological-survey,2011-04-04T03:04:45,2011-04-04T03:04:45,2011,2011
model-ages-and-applied-whole-rock-geochemistry-of-silver-lead-zinc-veins-keno-hill-galena-hill-,"Model ages and applied whole rock geochemistry of silver-lead-zinc veins, Keno Hill-Galena Hill mining camp, Yukon Territory",0,0,0,0,1,information,yukon-geological-survey,2011-04-04T03:04:45,2011-04-04T03:04:45,2011,2011
geochemistry-of-bedrock-and-soils-in-the-vicinity-of-the-anvil-mine-yukon-territory,"Geochemistry of bedrock and soils in the vicinity of the Anvil Mine, Yukon Territory",0,0,0,0,1,information,yukon-geological-survey,2011-04-04T03:04:45,2011-04-04T03:04:45,2011,2011
geology-of-the-mount-brenner-stock-near-dawson-city-yukon-territory,"Geology of the Mount Brenner Stock near Dawson City, Yukon Territory",0,0,0,0,1,information,yukon-geological-survey,2011-04-04T03:04:45,2011-04-04T03:04:45,2011,2011
geology-of-the-guano-guayes-rare-earth-element-bearing-skarn-property-pelly-mountains-yukon-ter,"Geology of the Guano-Guayes rare earth element bearing skarn property, Pelly Mountains, Yukon Territory",0,0,0,0,1,information,yukon-geological-survey,2011-04-04T03:04:45,2011-04-04T03:04:45,2011,2011
isotopic-identification-of-subglacial-processes,Isotopic identification of subglacial processes,0,0,0,0,1,information,yukon-geological-survey,2011-04-04T03:04:45,2011-04-04T03:04:45,2011,2011
lower-cambrian-archeocyatha-from-the-yukon-territory,Lower Cambrian Archeocyatha from the Yukon Territory,0,0,0,0,1,information,yukon-geological-survey,2011-04-04T03:04:45,2011-04-04T03:04:45,2011,2011
petrologic-and-geochemical-constraints-on-genesis-of-the-jason-pb-zn-deposits-yukon-territory,"Petrologic and geochemical constraints on genesis of the Jason Pb-Zn deposits, Yukon Territory",0,0,0,0,1,information,yukon-geological-survey,2011-04-04T03:04:45,2011-04-04T03:04:45,2011,2011
on-the-origin-of-aggradational-ice-in-permafrost,On the origin of aggradational ice in permafrost,0,0,0,0,1,information,yukon-geological-survey,2011-04-04T03:04:45,2011-04-04T03:04:45,2011,2011
origin-and-diagenesis-of-the-manetoe-facies-southern-yukon-and-northwest-territories-canada,"Origin and diagenesis of the Manetoe Facies, southern Yukon and Northwest Territories, Canada",0,0,0,0,1,information,yukon-geological-survey,2011-04-04T03:04:45,2011-04-04T03:04:45,2011,2011
pollen-sedimentary-environment-relations-and-late-holocene-palynostratigraphy-of-the-ruby-range,"Pollen-sedimentary environment relations and late Holocene palynostratigraphy of the Ruby Range, Yukon Territory, Canada",0,0,0,0,1,information,yukon-geological-survey,2011-04-04T03:04:45,2011-04-04T03:04:45,2011,2011
stratigraphic-structural-and-tectonic-setting-of-an-upper-devonian-mississippian-volcanic-sedim,"Stratigraphic, structural, and tectonic setting of an upper Devonian-Mississippian volcanic sedimentary sequence and associated base metal deposits in the Pelly Mountains, southeastern Yukon Territory",0,0,0,0,1,information,yukon-geological-survey,2011-04-04T03:04:45,2011-04-04T03:04:45,2011,2011
sampling-problems-and-hydraulic-factors-related-to-the-dispersion-of-scheelite-in-drainage-sedi,"Sampling problems and hydraulic factors related to the dispersion of scheelite in drainage sediments, Clea Property, Yukon Territory",0,0,0,0,1,information,yukon-geological-survey,2011-04-04T03:04:45,2011-04-04T03:04:45,2011,2011
sedimentology-and-drainage-history-of-a-glacier-dammed-lake-st-elias-mountains-yukon-territory,"Sedimentology and drainage history of a glacier dammed lake, St. Elias Mountains, Yukon Territory",0,0,0,0,1,information,yukon-geological-survey,2011-04-04T03:04:45,2011-04-04T03:04:45,2011,2011
sedimentology-and-stratigraphy-of-the-ordovician-silurian-road-river-formation-southern-richard,"Sedimentology and stratigraphy of the Ordovician-Silurian Road River Formation, southern Richardson Mountains, Yukon Territory",0,0,0,0,1,information,yukon-geological-survey,2011-04-04T03:04:45,2011-04-04T03:04:45,2011,2011
sedimentology-of-the-sixtymile-river-placer-gravels-yukon-territory,"Sedimentology of the Sixtymile River placer gravels, Yukon Territory",0,0,0,0,1,information,yukon-geological-survey,2011-04-04T03:04:45,2011-04-04T03:04:45,2011,2011
setting-and-origin-of-skarn-deposits-in-the-whitehorse-copper-belt-yukon,"Setting and origin of skarn deposits in the Whitehorse Copper Belt, Yukon",0,0,0,0,1,information,yukon-geological-survey,2011-04-04T03:04:45,2011-04-04T03:04:45,2011,2011
regional-stream-sediment-reconnaissance-and-trace-element-content-of-rock-soil-and-plant-materi,"Regional stream sediment reconnaissance and trace element content of rock, soil and plant material in eastern Yukon Territory",0,0,0,0,1,information,yukon-geological-survey,2011-04-04T03:04:45,2011-04-04T03:04:45,2011,2011
the-development-of-a-completely-automated-oxygen-isotope-mass-spectrometer,The development of a completely automated oxygen isotope mass spectrometer,0,0,0,0,1,information,yukon-geological-survey,2011-04-04T03:04:45,2011-04-04T03:04:45,2011,2011
the-middle-proterozoic-wernecke-supergroup-wernecke-mountains-yukon-territory,"The Middle Proterozoic Wernecke Supergroup, Wernecke Mountains, Yukon Territory",0,0,0,0,1,information,yukon-geological-survey,2011-04-04T03:04:45,2011-04-04T03:04:45,2011,2011
the-white-river-ash-yukon-territory-a-petrologic-study,"The White River Ash, Yukon Territory; a petrologic study",0,0,0,0,1,information,yukon-geological-survey,2011-04-04T03:04:45,2011-04-04T03:04:45,2011,2011
the-stratigraphy-structure-and-ore-deposits-of-the-southern-yukon,"The stratigraphy, structure and ore deposits of the southern Yukon",0,0,0,0,1,information,yukon-geological-survey,2011-04-04T03:04:45,2011-04-04T03:04:45,2011,2011
upper-devonian-stratiform-barite-lead-zinc-silver-mineralization-at-tom-claims-macmillan-pass-y,"Upper Devonian stratiform barite-lead-zinc-silver mineralization at Tom Claims, Macmillan Pass, Yukon Territory",0,0,0,0,1,information,yukon-geological-survey,2011-04-04T03:04:45,2011-04-04T03:04:45,2011,2011
2011-cordilleran-tectonics-workshop-program-and-abstracts-volume,2011 Cordilleran Tectonics Workshop Program and Abstracts Volume,0,0,0,0,2,information,yukon-geological-survey,2011-04-04T03:04:44,2011-04-04T03:04:44,2011,2011
a-reconnaissance-of-organic-maturation-and-petroleum-source-potential-of-phanerozoic-strata-in-,A reconnaissance of organic maturation and petroleum source potential of Phanerozoic strata in northern Yukon and northwestern district of Mackenzie,0,0,0,0,1,information,yukon-geological-survey,2011-04-04T03:04:44,2011-04-04T03:04:44,2011,2011
a-study-of-lead-isotopes-from-mineral-deposits-in-southeastern-british-columbia-and-from-the-an,"A study of lead isotopes from mineral deposits in southeastern British Columbia and from the Anvil Range, Yukon Territory",0,0,0,0,1,information,yukon-geological-survey,2011-04-04T03:04:44,2011-04-04T03:04:44,2011,2011
digital-impulse-radar-for-glaciology-instrumentation-modelling-and-field-studies,"Digital impulse radar for glaciology; instrumentation, modelling, and field studies",0,0,0,0,1,information,yukon-geological-survey,2011-04-04T03:04:44,2011-04-04T03:04:44,2011,2011
first-vertical-derivative-of-the-magnetic-field-kluane-area-aeromagnetic-survey-parts-of-nts-11-2,"First vertical derivative of the magnetic field, Kluane area aeromagnetic survey, Parts of NTS 115 H/11 and 115 H/12, Yukon",0,0,0,0,4,information,yukon-geological-survey,2011-04-04T03:04:44,2011-04-04T03:04:44,2011,2011
first-vertical-derivative-of-the-magnetic-field-little-nahanni-aeromagnetic-survey-part-of-nts--1,"First vertical derivative of the magnetic field, Little Nahanni Aeromagnetic Survey,  Part of NTS 105-I (north half), Yukon",0,0,0,0,4,information,yukon-geological-survey,2011-04-04T03:04:44,2011-04-04T03:04:44,2011,2011
first-vertical-derivative-of-the-magnetic-field-little-nahanni-aeromagnetic-survey-part-of-nts--2,"First vertical derivative of the magnetic field, Little Nahanni Aeromagnetic Survey,  Part of NTS 105-P, Yukon",0,0,0,0,4,information,yukon-geological-survey,2011-04-04T03:04:44,2011-04-04T03:04:44,2011,2011
geology-and-genesis-of-the-mount-skukum-tertiary-epithermal-gold-silver-vein-deposit-southweste,"Geology and genesis of the Mount Skukum Tertiary epithermal gold-silver vein deposit, southwestern Yukon Territory",0,0,0,0,1,information,yukon-geological-survey,2011-04-04T03:04:44,2011-04-04T03:04:44,2011,2011
geology-and-geochemistry-of-stratabound-ore-deposits-in-south-central-yukon-territory-and-south,"Geology and geochemistry of stratabound ore deposits in South-central Yukon Territory and southwestern District of Mackenzie, Northwest Territories",0,0,0,0,1,information,yukon-geological-survey,2011-04-04T03:04:44,2011-04-04T03:04:44,2011,2011
geology-of-casino-porphyry-copper-molybdenum-deposit-dawson-range-y-t,"Geology of Casino porphyry copper-molybdenum deposit, Dawson Range, Y. T",0,0,0,0,1,information,yukon-geological-survey,2011-04-04T03:04:44,2011-04-04T03:04:44,2011,2011
formation-and-wastage-of-neoglacial-surge-moraines-of-the-klutlan-glacier-yukon-territory-canad,"Formation and wastage of neoglacial surge moraines of the Klutlan Glacier, Yukon Territory, Canada",0,0,0,0,1,information,yukon-geological-survey,2011-04-04T03:04:44,2011-04-04T03:04:44,2011,2011
geology-of-the-northwest-quarter-of-whitehorse-map-area-yukon-and-studies-of-weathered-granitic,"Geology of the northwest quarter of Whitehorse map area, Yukon and studies of weathered granitic rocks near Whitehorse",0,0,0,0,1,information,yukon-geological-survey,2011-04-04T03:04:44,2011-04-04T03:04:44,2011,2011
geology-of-the-haggart-creek-dublin-gulch-area-mayo-district-yukon-territory,"Geology of the Haggart Creek-Dublin Gulch area, Mayo District, Yukon Territory",0,0,0,0,1,information,yukon-geological-survey,2011-04-04T03:04:44,2011-04-04T03:04:44,2011,2011
lower-cambrian-stratigraphy-of-pelly-mountains-central-yukon-territory,"Lower Cambrian stratigraphy of Pelly Mountains, central Yukon Territory",0,0,0,0,1,information,yukon-geological-survey,2011-04-04T03:04:44,2011-04-04T03:04:44,2011,2011
permian-spiriferella-from-the-yukon-territory,Permian Spiriferella from the Yukon Territory,0,0,0,0,1,information,yukon-geological-survey,2011-04-04T03:04:44,2011-04-04T03:04:44,2011,2011
preliminary-assessment-of-aggregate-potential-in-peel-river-basin-including-parts-of-106e-106f-,"Preliminary assessment of aggregate potential in Peel River basin (including parts of 106E, 106F, 106K, 106L, 116H and 116I).",0,0,0,0,3,information,yukon-geological-survey,2011-04-04T03:04:44,2011-04-04T03:04:44,2011,2011
preliminary-bedrock-geology-of-the-ruby-ranges-southwestern-yukon-parts-of-nts-115g-115h-115a-a,"Preliminary bedrock geology of the Ruby Ranges, southwestern Yukon, (Parts of NTS 115G, 115H, 115A and 115B) (1:150 000 scale)",0,0,0,0,2,information,yukon-geological-survey,2011-04-04T03:04:44,2011-04-04T03:04:44,2011,2011
regional-tectonic-setting-and-evolution-of-the-late-proterozoic-mount-harper-volcanic-complex-o,"Regional tectonic setting and evolution of the late Proterozoic Mount Harper volcanic complex, Ogilvie Mountains, Yukon",0,0,0,0,1,information,yukon-geological-survey,2011-04-04T03:04:44,2011-04-04T03:04:44,2011,2011
surficial-geology-soils-and-permafrost-of-the-northern-dawson-range,"Surficial geology, soils and permafrost of the northern Dawson Range.",0,0,0,0,2,information,yukon-geological-survey,2011-04-04T03:04:44,2011-04-04T03:04:44,2011,2011
preliminary-results-from-a-diamond-drill-hole-study-to-assess-shale-gas-potential-of-devonian-s,"Preliminary results from a diamond drill hole study to assess shale gas potential of Devonian strata, Eagle Plain, Yukon.",0,0,0,0,2,information,yukon-geological-survey,2011-04-04T03:04:44,2011-04-04T03:04:44,2011,2011
quaternary-sedimentology-and-stratigraphy-peel-plateau-and-richardson-mountains-yukon-and-n-w-t,"Quaternary sedimentology and stratigraphy, Peel Plateau and Richardson Mountains, Yukon and N.W.T",0,0,0,0,1,information,yukon-geological-survey,2011-04-04T03:04:44,2011-04-04T03:04:44,2011,2011
the-gossan-of-a-lead-deposit-in-limestone-yukon-territory,"The gossan of a lead deposit in limestone, Yukon Territory",0,0,0,0,1,information,yukon-geological-survey,2011-04-04T03:04:44,2011-04-04T03:04:44,2011,2011
thermal-studies-related-to-surging-glaciers,Thermal studies related to surging glaciers,0,0,0,0,1,information,yukon-geological-survey,2011-04-04T03:04:44,2011-04-04T03:04:44,2011,2011
upper-devonian-lower-carboniferous-miospore-biostratigraphy-of-the-imperial-formation-district-,"Upper Devonian-Lower Carboniferous miospore biostratigraphy of the Imperial Formation, District of Mackenzie and Yukon",0,0,0,0,1,information,yukon-geological-survey,2011-04-04T03:04:44,2011-04-04T03:04:44,2011,2011
variations-in-the-abundance-of-o18-in-ice-and-snow-from-the-kaskawulsh-glacier,Variations in the abundance of O18 in ice and snow from the Kaskawulsh Glacier,0,0,0,0,1,information,yukon-geological-survey,2011-04-04T03:04:44,2011-04-04T03:04:44,2011,2011
total-magnetic-field-little-nahanni-aeromagnetic-survey-part-of-nts-105-i-north-half-yukon,"Total magnetic field, Little Nahanni Aeromagnetic Survey,  Part of NTS 105-I (north half), Yukon",0,0,0,0,4,information,yukon-geological-survey,2011-04-04T03:04:44,2011-04-04T03:04:44,2011,2011
total-magnetic-field-little-nahanni-aeromagnetic-survey-part-of-nts-105-i-south-half-yukon,"Total magnetic field, Little Nahanni Aeromagnetic Survey,  Part of NTS 105-I (south half), Yukon",0,0,0,0,4,information,yukon-geological-survey,2011-04-04T03:04:44,2011-04-04T03:04:44,2011,2011
total-magnetic-field-little-nahanni-aeromagnetic-survey-part-of-nts-105-p-yukon,"Total magnetic field, Little Nahanni Aeromagnetic Survey,  Part of NTS 105-P, Yukon",0,0,0,0,4,information,yukon-geological-survey,2011-04-04T03:04:44,2011-04-04T03:04:44,2011,2011
yukon-exploration-and-geology-overview-2010,Yukon Exploration and Geology Overview 2010,0,0,0,0,2,information,yukon-geological-survey,2011-04-04T03:04:44,2011-04-04T03:04:44,2011,2011
yukon-geoprocess-file-geological-processes-and-terrain-hazards,Yukon GEOPROCESS File: Geological Processes and Terrain Hazards,0,0,0,0,34,information,yukon-geological-survey,2011-04-04T03:04:44,2011-04-04T03:04:44,2011,2011
yukon-mineral-deposits-summary-2009,Yukon Mineral Deposits Summary 2009,0,0,0,0,2,information,yukon-geological-survey,2011-04-04T03:04:44,2011-04-04T03:04:44,2011,2011
first-vertical-derivative-of-the-magnetic-field-little-nahanni-aeromagnetic-survey-part-of-nts-,"First vertical derivative of the magnetic field, Little Nahanni Aeromagnetic Survey,  Part of NTS 105-I (south half), Yukon",0,0,0,0,4,information,yukon-geological-survey,2011-04-04T03:04:44,2011-04-04T03:04:44,2011,2011
preliminary-stratigraphic-and-geotechnical-investigations-of-the-glaciolacustrine-and-loess-dep,"Preliminary stratigraphic and geotechnical investigations of the glaciolacustrine and loess deposits around the city of Whitehorse (NTS 105D/11), Yukon.",0,0,0,0,2,information,yukon-geological-survey,2011-04-04T03:04:44,2011-04-04T03:04:44,2011,2011
ar-ar-geochronology-and-pb-isotopic-constraints-on-the-origin-of-the-rau-gold-rich-carbonate-re,"Ar-Ar geochronology and Pb isotopic constraints on the origin of the Rau gold-rich carbonate replacement deposit, central Yukon",0,0,0,0,2,information,yukon-geological-survey,2011-04-04T03:04:43,2011-04-04T03:04:43,2011,2011
a-summary-of-rock-eval-data-for-the-bonnet-plume-basin-yukon-implications-for-a-previously-unre,"A summary of Rock-Eval data for the Bonnet Plume Basin, Yukon: Implications for a previously unrecognized oil play",0,0,0,0,2,information,yukon-geological-survey,2011-04-04T03:04:43,2011-04-04T03:04:43,2011,2011
bedrock-geology-of-southwest-mcquesten-nts-115p-and-part-of-northern-carmacks-nts-115i-map-area,Bedrock geology of southwest McQuesten (NTS 115P) and part of northern Carmacks (NTS 115I) map area,0,0,0,0,2,information,yukon-geological-survey,2011-04-04T03:04:43,2011-04-04T03:04:43,2011,2011
cryostratigraphic-record-of-permafrost-degradation-and-recovery-following-historic-surface-dist,"Cryostratigraphic record of permafrost degradation and recovery following historic surface disturbances, Klondike area, Yukon",0,0,0,0,2,information,yukon-geological-survey,2011-04-04T03:04:43,2011-04-04T03:04:43,2011,2011
current-thinking-on-dawson-range-tectonics-and-metallogeny,Current thinking on Dawson Range Tectonics and Metallogeny.,0,0,0,0,2,information,yukon-geological-survey,2011-04-04T03:04:43,2011-04-04T03:04:43,2011,2011
first-vertical-derivative-of-the-magnetic-field-eagle-plains-aeromagnetic-survey-nts-116-g-nort,"First vertical derivative of the magnetic field, Eagle Plains Aeromagnetic Survey, NTS 116 G (north half), Yukon",0,0,0,0,4,information,yukon-geological-survey,2011-04-04T03:04:43,2011-04-04T03:04:43,2011,2011
first-vertical-derivative-of-the-magnetic-field-eagle-plains-aeromagnetic-survey-nts-116-h-nort,"First vertical derivative of the magnetic field, Eagle Plains Aeromagnetic Survey, NTS 116 H (north half), Yukon",0,0,0,0,4,information,yukon-geological-survey,2011-04-04T03:04:43,2011-04-04T03:04:43,2011,2011
first-vertical-derivative-of-the-magnetic-field-eagle-plains-aeromagnetic-survey-nts-116-j-nort,"First vertical derivative of the magnetic field, Eagle Plains Aeromagnetic Survey, NTS 116 J (north half), Yukon",0,0,0,0,4,information,yukon-geological-survey,2011-04-04T03:04:43,2011-04-04T03:04:43,2011,2011
first-vertical-derivative-of-the-magnetic-field-eagle-plains-aeromagnetic-survey-nts-116-j-sout,"First vertical derivative of the magnetic field, Eagle Plains Aeromagnetic Survey, NTS 116 J (south half), Yukon",0,0,0,0,4,information,yukon-geological-survey,2011-04-04T03:04:43,2011-04-04T03:04:43,2011,2011
first-vertical-derivative-of-the-magnetic-field-eagle-plains-aeromagnetic-survey-nts-116-o-sout,"First vertical derivative of the magnetic field, Eagle Plains Aeromagnetic Survey, NTS 116-O (south half), Yukon",0,0,0,0,4,information,yukon-geological-survey,2011-04-04T03:04:43,2011-04-04T03:04:43,2011,2011
first-vertical-derivative-of-the-magnetic-field-kluane-area-aeromagnetic-survey-nts-115-h-4-and,"First vertical derivative of the magnetic field, Kluane area aeromagnetic survey, NTS 115 H/4 and parts of 115 H/3 and 115 G/1, Yukon",0,0,0,0,4,information,yukon-geological-survey,2011-04-04T03:04:43,2011-04-04T03:04:43,2011,2011
first-vertical-derivative-of-the-magnetic-field-kluane-area-aeromagnetic-survey-parts-of-nts-11,"First vertical derivative of the magnetic field, Kluane area aeromagnetic survey, Parts of NTS 115 A/13, 115 A/14 and 115 B/16, Yukon",0,0,0,0,4,information,yukon-geological-survey,2011-04-04T03:04:43,2011-04-04T03:04:43,2011,2011
first-vertical-derivative-of-the-magnetic-field-kluane-area-aeromagnetic-survey-parts-of-nts-11-1,"First vertical derivative of the magnetic field, Kluane area aeromagnetic survey, Parts of NTS 115 G/8, 115 H/5 and 115 H/6, Yukon",0,0,0,0,4,information,yukon-geological-survey,2011-04-04T03:04:43,2011-04-04T03:04:43,2011,2011
evaluation-of-titanite-as-an-indicator-mineral-for-tungsten-skarn-mineralization,Evaluation of titanite as an indicator mineral for tungsten-skarn mineralization,0,0,0,0,2,information,yukon-geological-survey,2011-04-04T03:04:43,2011-04-04T03:04:43,2011,2011
high-sulphidation-epithermal-au-ag-cu-mineralization-at-the-mckay-hill-property-a-revised-depos,High-sulphidation epithermal Au-Ag-Cu mineralization at the McKay Hill property — a revised deposit model,0,0,0,0,2,information,yukon-geological-survey,2011-04-04T03:04:43,2011-04-04T03:04:43,2011,2011
initial-results-from-the-first-year-of-the-permafrost-outreach-program-yukon-canada,"Initial results from the first year of the Permafrost Outreach Program, Yukon, Canada",0,0,0,0,2,information,yukon-geological-survey,2011-04-04T03:04:43,2011-04-04T03:04:43,2011,2011
preliminary-description-and-slope-stability-analyses-of-the-2008-little-salmon-lake-and-2007-mt,"Preliminary description and slope stability analyses of the 2008 Little Salmon Lake and 2007 Mt. Steele landslides, Yukon",0,0,0,0,2,information,yukon-geological-survey,2011-04-04T03:04:43,2011-04-04T03:04:43,2011,2011
structural-controls-on-hydrothermal-gold-mineralization-in-the-white-river-area-yukon,"Structural controls on hydrothermal gold mineralization in the White River area, Yukon",0,0,0,0,2,information,yukon-geological-survey,2011-04-04T03:04:43,2011-04-04T03:04:43,2011,2011
soil-genesis-in-relation-to-glacial-history-in-central-yukon,Soil genesis in relation to glacial history in central Yukon,0,0,0,0,2,information,yukon-geological-survey,2011-04-04T03:04:43,2011-04-04T03:04:43,2011,2011
soil-reconnaissance-of-the-fort-selkirk-volcanic-field-yukon-115i-13-and-14,"Soil reconnaissance of the Fort Selkirk volcanic field, Yukon (115I/13 and 14)",0,0,0,0,2,information,yukon-geological-survey,2011-04-04T03:04:43,2011-04-04T03:04:43,2011,2011
preliminary-quaternary-geology-of-coal-river-area-nts-95d-yukon,"Preliminary Quaternary geology of Coal River area (NTS 95D), Yukon",0,0,0,0,2,information,yukon-geological-survey,2011-04-04T03:04:43,2011-04-04T03:04:43,2011,2011
preliminary-results-of-detrital-zircon-geochronology-wernecke-supergroup-yukon,"Preliminary results of detrital zircon geochronology, Wernecke Supergroup, Yukon",0,0,0,0,2,information,yukon-geological-survey,2011-04-04T03:04:43,2011-04-04T03:04:43,2011,2011
pre-reid-surficial-geology-investigations-in-southwest-mcquesten-map-area-115p,Pre-Reid surficial geology investigations in southwest McQuesten map area (115P),0,0,0,0,2,information,yukon-geological-survey,2011-04-04T03:04:43,2011-04-04T03:04:43,2011,2011
pressure-depth-relationships-of-the-roop-lakes-stock-and-keno-hill-ag-pb-zn-veins,Pressure-depth relationships of the Roop Lakes Stock and Keno Hill Ag-Pb-Zn veins,0,0,0,0,2,information,yukon-geological-survey,2011-04-04T03:04:43,2011-04-04T03:04:43,2011,2011
recent-deglacierization-of-the-upper-wheaton-river-watershed-yukon,"Recent Deglacierization of the Upper Wheaton River watershed, Yukon",0,0,0,0,2,information,yukon-geological-survey,2011-04-04T03:04:43,2011-04-04T03:04:43,2011,2011
residual-total-magnetic-field-kluane-area-aeromagnetic-survey-115h-4-and-parts-of-nts-115-h-3-a,"Residual total magnetic field, Kluane area aeromagnetic survey, 115H/4 and parts of NTS 115 H/3 and 115 G/1, Yukon",0,0,0,0,4,information,yukon-geological-survey,2011-04-04T03:04:43,2011-04-04T03:04:43,2011,2011
residual-total-magnetic-field-kluane-area-aeromagnetic-survey-parts-of-nts-115-a-13-115-a-14-an,"Residual total magnetic field, Kluane area aeromagnetic survey, Parts of NTS 115 A/13, 115 A/14 and 115 B/16, Yukon",0,0,0,0,4,information,yukon-geological-survey,2011-04-04T03:04:43,2011-04-04T03:04:43,2011,2011
residual-total-magnetic-field-kluane-area-aeromagnetic-survey-parts-of-nts-115-g-8-115-h-5-and-,"Residual total magnetic field, Kluane area aeromagnetic survey, Parts of NTS 115 G/8, 115 H/5 and 115 H/6, Yukon",0,0,0,0,4,information,yukon-geological-survey,2011-04-04T03:04:43,2011-04-04T03:04:43,2011,2011
residual-total-magnetic-field-kluane-area-aeromagnetic-survey-parts-of-nts-115-h-11-and-115-h-1,"Residual total magnetic field, Kluane area aeromagnetic survey, Parts of NTS 115 H/11 and 115 H/12, Yukon",0,0,0,0,4,information,yukon-geological-survey,2011-04-04T03:04:43,2011-04-04T03:04:43,2011,2011
the-duke-river-fault-southwest-yukon-preliminary-examination-of-the-relationships-between-wrang,"The Duke River fault, southwest Yukon: Preliminary examination of the relationships between Wrangellia and the Alexander terrane",0,0,0,0,2,information,yukon-geological-survey,2011-04-04T03:04:43,2011-04-04T03:04:43,2011,2011
the-proterozoic-pinguicula-group-stratigraphy-contact-relationships-and-possible-correlations,"The Proterozoic Pinguicula Group: Stratigraphy, contact relationships and possible correlations",0,0,0,0,2,information,yukon-geological-survey,2011-04-04T03:04:43,2011-04-04T03:04:43,2011,2011
whats-the-yukon-territory-made-of-earth-materials-portrayed-on-a-geological-highway-map,What’s the Yukon Territory made of? Earth materials portrayed on a geological highway map,0,0,0,0,2,information,yukon-geological-survey,2011-04-04T03:04:43,2011-04-04T03:04:43,2011,2011
windy-mckinley-terrane-western-yukon-new-data-bearing-on-its-composition-age-correlation-and-pa,"‘Windy-McKinley’ terrane, western Yukon: new data bearing on its composition, age, correlation and paleotectonic settings",0,0,0,0,2,information,yukon-geological-survey,2011-04-04T03:04:43,2011-04-04T03:04:43,2011,2011
upper-fifteenmile-group-in-the-ogilvie-mountains-and-correlations-of-early-neoproterozoic-strat,Upper Fifteenmile Group in the Ogilvie Mountains and correlations of early Neoproterozoic strata in the northern Cordillera,0,0,0,0,2,information,yukon-geological-survey,2011-04-04T03:04:43,2011-04-04T03:04:43,2011,2011
variations-in-the-depth-and-thickness-of-the-white-river-ash-in-lakes-of-the-southwest-yukon,Variations in the depth and thickness of the White River Ash in lakes of the southwest Yukon,0,0,0,0,2,information,yukon-geological-survey,2011-04-04T03:04:43,2011-04-04T03:04:43,2011,2011
total-magnetic-field-eagle-plains-aeromagnetic-survey-nts-116-g-north-half-yukon,"Total magnetic field, Eagle Plains Aeromagnetic Survey, NTS 116 G (north half), Yukon",0,0,0,0,4,information,yukon-geological-survey,2011-04-04T03:04:43,2011-04-04T03:04:43,2011,2011
total-magnetic-field-eagle-plains-aeromagnetic-survey-nts-116-h-north-half-yukon,"Total magnetic field, Eagle Plains Aeromagnetic Survey, NTS 116 H (north half), Yukon",0,0,0,0,4,information,yukon-geological-survey,2011-04-04T03:04:43,2011-04-04T03:04:43,2011,2011
total-magnetic-field-eagle-plains-aeromagnetic-survey-nts-116-i-north-half-yukon,"Total magnetic field, Eagle Plains Aeromagnetic Survey, NTS 116-I (north half), Yukon",0,0,0,0,4,information,yukon-geological-survey,2011-04-04T03:04:43,2011-04-04T03:04:43,2011,2011
total-magnetic-field-eagle-plains-aeromagnetic-survey-nts-116-i-south-half-yukon,"Total magnetic field, Eagle Plains Aeromagnetic Survey, NTS 116-I (south half), Yukon",0,0,0,0,4,information,yukon-geological-survey,2011-04-04T03:04:43,2011-04-04T03:04:43,2011,2011
total-magnetic-field-eagle-plains-aeromagnetic-survey-nts-116-j-south-half-yukon,"Total magnetic field, Eagle Plains Aeromagnetic Survey, NTS 116 J (south half), Yukon",0,0,0,0,4,information,yukon-geological-survey,2011-04-04T03:04:43,2011-04-04T03:04:43,2011,2011
total-magnetic-field-eagle-plains-aeromagnetic-survey-nts-116-o-south-half-yukon,"Total magnetic field, Eagle Plains Aeromagnetic Survey, NTS 116-O (south half), Yukon",0,0,0,0,4,information,yukon-geological-survey,2011-04-04T03:04:43,2011-04-04T03:04:43,2011,2011
total-magnetic-field-flat-river-aeromagnetic-survey-nts-95-e-south-half-yukon,"Total magnetic field, Flat River Aeromagnetic Survey, NTS 95 E (south half), Yukon",0,0,0,0,3,information,yukon-geological-survey,2011-04-04T03:04:43,2011-04-04T03:04:43,2011,2011
u-pb-age-and-geochemical-studies-of-mississippian-and-cretaceous-plutonic-rocks-in-south-centra,"U-Pb age and geochemical studies of Mississippian and Cretaceous plutonic rocks in south-central McQuesten map area, Yukon",0,0,0,0,2,information,yukon-geological-survey,2011-04-04T03:04:43,2011-04-04T03:04:43,2011,2011
yukon-exploration-and-geology-overview-2009,Yukon Exploration and Geology Overview 2009,0,0,0,0,2,information,yukon-geological-survey,2011-04-04T03:04:43,2011-04-04T03:04:43,2011,2011
yukon-geoscience-needs-results-of-the-fourth-yukon-geoscience-planning-workshop,Yukon Geoscience Needs: Results of the Fourth Yukon Geoscience Planning Workshop,0,0,0,0,2,information,yukon-geological-survey,2011-04-04T03:04:43,2011-04-04T03:04:43,2011,2011
yukon-ngr-stream-sediment-database-assessment-project,Yukon NGR Stream Sediment Database Assessment Project,0,0,0,0,4,information,yukon-geological-survey,2011-04-04T03:04:43,2011-04-04T03:04:43,2011,2011
first-vertical-derivative-of-the-magnetic-field-eagle-plains-aeromagnetic-survey-nts-116-i-nort,"First vertical derivative of the magnetic field, Eagle Plains Aeromagnetic Survey, NTS 116-I (north half), Yukon",0,0,0,0,4,information,yukon-geological-survey,2011-04-04T03:04:43,2011-04-04T03:04:43,2011,2011
first-vertical-derivative-of-the-magnetic-field-eagle-plains-aeromagnetic-survey-nts-116-i-sout,"First vertical derivative of the magnetic field, Eagle Plains Aeromagnetic Survey, NTS 116-I (south half), Yukon",0,0,0,0,4,information,yukon-geological-survey,2011-04-04T03:04:43,2011-04-04T03:04:43,2011,2011
summary-of-yukon-geological-surveys-2008-2009-activities,Summary of Yukon Geological Survey’s 2008-2009 activities,0,0,0,0,2,information,yukon-geological-survey,2011-04-04T03:04:43,2011-04-04T03:04:43,2011,2011
total-magnetic-field-eagle-plains-aeromagnetic-survey-nts-116-j-north-half-yukon,"Total magnetic field, Eagle Plains Aeromagnetic Survey, NTS 116 J (north half), Yukon",0,0,0,0,4,information,yukon-geological-survey,2011-04-04T03:04:43,2011-04-04T03:04:43,2011,2011
particle-size-distribution-of-gold-within-the-sulphur-and-dominion-creek-drainages-klondike-dis,"Particle-size distribution of gold within the Sulphur and Dominion creek drainages, Klondike District, Yukon, and implications for gold winning and the formation of distal placers containing fine gold",0,0,0,0,2,information,yukon-geological-survey,2011-04-04T03:04:43,2011-04-04T03:04:43,2011,2011
bedrock-geology-of-western-mendocina-creek-nts-105f-5-and-eastern-livingstone-creek-nts-105e-8-,"Bedrock geology of western ‘Mendocina Creek’ (NTS 105F/5) and eastern Livingstone Creek (NTS 105E/8) areas, south-central Yukon",0,0,0,0,2,information,yukon-geological-survey,2011-04-04T03:04:43,2011-04-04T03:04:43,2011,2011
new-results-on-the-stratigraphy-and-placer-gold-potential-of-indian-river-dawson-central-yukon,"New results on the stratigraphy and placer gold potential of Indian River, Dawson, central Yukon",0,0,0,0,2,information,yukon-geological-survey,2011-04-04T03:04:43,2011-04-04T03:04:43,2011,2011
report-on-a-quantec-titan-24-geophysical-survey-over-the-minto-mine-central-yukon,"Report on a Quantec Titan-24 geophysical survey over the Minto Mine, central Yukon",0,0,0,0,5,information,yukon-geological-survey,2011-04-04T03:04:43,2011-04-04T03:04:43,2011,2011
major-and-trace-element-composition-of-platinum-group-minerals-and-their-inclusions-from-severa,Major and trace-element composition of platinum group minerals and their inclusions from several Yukon placers,0,0,0,0,2,information,yukon-geological-survey,2011-04-04T03:04:43,2011-04-04T03:04:43,2011,2011
high-grade-hydrothermal-copper-gold-mineralization-in-foliated-granitoids-at-the-minto-mine-cen,"High-grade hydrothermal copper-gold mineralization in foliated granitoids at the Minto mine, central Yukon",0,0,0,0,2,information,yukon-geological-survey,2011-04-04T03:04:43,2011-04-04T03:04:43,2011,2011
first-vertical-derivative-of-the-magnetic-field-flat-river-aeromagnetic-survey-nts-95-e-south-h,"First vertical derivative of the magnetic field, Flat River Aeromagnetic Survey, NTS 95 E (south half), Yukon",0,0,0,0,3,information,yukon-geological-survey,2011-04-04T03:04:43,2011-04-04T03:04:43,2011,2011
first-vertical-derivative-of-the-magnetic-field-flat-river-aeromagnetic-survey-nts-95-e-north-h,"First vertical derivative of the magnetic field, Flat River Aeromagnetic Survey, NTS 95 E (north half), Yukon",0,0,0,0,3,information,yukon-geological-survey,2011-04-04T03:04:43,2011-04-04T03:04:43,2011,2011
total-magnetic-field-flat-river-aeromagnetic-survey-nts-95-e-north-half-yukon,"Total magnetic field, Flat River Aeromagnetic Survey, NTS 95 E (north half), Yukon",0,0,0,0,3,information,yukon-geological-survey,2011-04-04T03:04:43,2011-04-04T03:04:43,2011,2011
preliminary-o-s-isotopic-compositions-of-cretaceous-granitoids-in-the-cassiar-platform-and-selw,"Preliminary O-S isotopic compositions of Cretaceous granitoids in the Cassiar Platform and Selwyn Basin, Yukon and Northwest Territories",0,0,0,0,2,information,yukon-geological-survey,2011-04-04T03:04:43,2011-04-04T03:04:43,2011,2011
observations-of-polymetallic-ag-pb-zn-au-in-mineralization-at-the-eagle-and-fisher-vein-faults-,"Observations of polymetallic Ag-Pb-Zn (± Au ± In) mineralization at the Eagle and Fisher vein-faults, airborne total field magnetics and identification of Tombstone age-equivalent aplite dykes in the Galena Hill area, Keno City, Yukon",0,0,0,0,2,information,yukon-geological-survey,2011-04-04T03:04:43,2011-04-04T03:04:43,2011,2011
bedrock-geology-of-nts-95c-5-pool-creek-and-nts-95d-8-map-sheets-southeast-yukon,"Bedrock geology of NTS 95C/5 (Pool Creek) and NTS 95D/8 map sheets, southeast Yukon",0,0,0,0,4,information,yukon-geological-survey,2011-04-04T03:04:42,2011-04-04T03:04:42,2011,2011
bedrock-geology-of-the-silver-creek-area-yukon-nts-115a-3-and-parts-of-115a-6,"Bedrock Geology of the Silver Creek area, Yukon (NTS 115A/3 and parts of 115A/6)",0,0,0,0,2,information,yukon-geological-survey,2011-04-04T03:04:42,2011-04-04T03:04:42,2011,2011
first-vertical-derivative-of-the-magnetic-field-mcquesten-aeromagnetic-survey-nts-115o-1-and-11,"First vertical derivative of the magnetic field, McQuesten Aeromagnetic Survey, NTS 115O/1 and 115O/2, Yukon",0,0,0,0,2,information,yukon-geological-survey,2011-04-04T03:04:42,2011-04-04T03:04:42,2011,2011
first-vertical-derivative-of-the-magnetic-field-mcquesten-aeromagnetic-survey-nts-115p-11-and-1,"First vertical derivative of the magnetic field, McQuesten Aeromagnetic Survey, NTS 115P/11 and 115P/12, Yukon",0,0,0,0,2,information,yukon-geological-survey,2011-04-04T03:04:42,2011-04-04T03:04:42,2011,2011
first-vertical-derivative-of-the-magnetic-field-mcquesten-aeromagnetic-survey-nts-115p-2-and-pa,"First vertical derivative of the magnetic field, McQuesten Aeromagnetic Survey, NTS 115P/2 and part of 115P/1, Yukon",0,0,0,0,2,information,yukon-geological-survey,2011-04-04T03:04:42,2011-04-04T03:04:42,2011,2011
first-vertical-derivative-of-the-magnetic-field-mcquesten-aeromagnetic-survey-nts-115p-3-and-11,"First vertical derivative of the magnetic field, McQuesten Aeromagnetic Survey, NTS 115P/3 and 115P/4, Yukon",0,0,0,0,2,information,yukon-geological-survey,2011-04-04T03:04:42,2011-04-04T03:04:42,2011,2011
first-vertical-derivative-of-the-magnetic-field-mcquesten-aeromagnetic-survey-nts-115p-5-115o-8,"First vertical derivative of the magnetic field, McQuesten Aeromagnetic Survey, NTS 115P/5, 115O/8 and part of  115O/7, Yukon",0,0,0,0,2,information,yukon-geological-survey,2011-04-04T03:04:42,2011-04-04T03:04:42,2011,2011
first-vertical-derivative-of-the-magnetic-field-mcquesten-aeromagnetic-survey-nts-115p-6-and-11,"First vertical derivative of the magnetic field, McQuesten Aeromagnetic Survey, NTS 115P/6 and 115P/7, Yukon",0,0,0,0,2,information,yukon-geological-survey,2011-04-04T03:04:42,2011-04-04T03:04:42,2011,2011
first-vertical-derivative-of-the-magnetic-field-northern-stevenson-ridge-aeromagnetic-survey-nt,"First vertical derivative of the magnetic field, Northern Stevenson Ridge Aeromagnetic Survey, NTS 115J/9 and 115J/10, Yukon",0,0,0,0,4,information,yukon-geological-survey,2011-04-04T03:04:42,2011-04-04T03:04:42,2011,2011
first-vertical-derivative-of-the-magnetic-field-northern-stevenson-ridge-aeromagnetic-survey-nt-1,"First vertical derivative of the magnetic field, Northern Stevenson Ridge Aeromagnetic Survey, NTS 115J/11 and 115J/12, Yukon",0,0,0,0,4,information,yukon-geological-survey,2011-04-04T03:04:42,2011-04-04T03:04:42,2011,2011
first-vertical-derivative-of-the-magnetic-field-northern-stevenson-ridge-aeromagnetic-survey-nt-2,"First vertical derivative of the magnetic field, Northern Stevenson Ridge Aeromagnetic Survey, NTS 115J/13 and 115J/14, Yukon",0,0,0,0,4,information,yukon-geological-survey,2011-04-04T03:04:42,2011-04-04T03:04:42,2011,2011
first-vertical-derivative-of-the-magnetic-field-northern-stevenson-ridge-aeromagnetic-survey-nt-3,"First vertical derivative of the magnetic field, Northern Stevenson Ridge Aeromagnetic Survey, NTS 115J/15 and 115J/16, Yukon",0,0,0,0,4,information,yukon-geological-survey,2011-04-04T03:04:42,2011-04-04T03:04:42,2011,2011
first-vertical-derivative-of-the-magnetic-field-northern-stevenson-ridge-aeromagnetic-survey-nt-4,"First vertical derivative of the magnetic field, Northern Stevenson Ridge Aeromagnetic Survey, NTS 115K/9 and 115K/10, Yukon",0,0,0,0,4,information,yukon-geological-survey,2011-04-04T03:04:42,2011-04-04T03:04:42,2011,2011
first-vertical-derivative-of-the-magnetic-field-northern-stevenson-ridge-aeromagnetic-survey-nt-5,"First vertical derivative of the magnetic field, Northern Stevenson Ridge Aeromagnetic Survey, NTS 115K/15 and 115K/16, Yukon",0,0,0,0,4,information,yukon-geological-survey,2011-04-04T03:04:42,2011-04-04T03:04:42,2011,2011
first-vertical-derivative-of-the-magnetic-field-northern-stevenson-ridge-aeromagnetic-survey-nt-6,"First vertical derivative of the magnetic field, Northern Stevenson Ridge Aeromagnetic Survey, NTS 115O/1, 1150/2 and part of 115O/3, Yukon",0,0,0,0,4,information,yukon-geological-survey,2011-04-04T03:04:42,2011-04-04T03:04:42,2011,2011
field-notes-on-the-upper-devonian-imperial-formation-nts-map-sheet-106l-tetlit-creek-east-richa,"Field notes on the Upper Devonian Imperial Formation (NTS map sheet 106L), Tetlit Creek, east Richardson Mountains, Yukon",0,0,0,0,2,information,yukon-geological-survey,2011-04-04T03:04:42,2011-04-04T03:04:42,2011,2011
geophysical-series-nts-115j-3-airborne-geophysical-survey-southern-stevenson-ridge-area-yukon,"Geophysical Series, NTS 115J/3, Airborne Geophysical Survey Southern Stevenson Ridge area, Yukon",0,0,0,0,3,information,yukon-geological-survey,2011-04-04T03:04:42,2011-04-04T03:04:42,2011,2011
guidelines-for-industrial-activity-in-bear-country-for-mineral-exploration-placer-mining-and-oi,"Guidelines for Industrial Activity in Bear Country - For mineral exploration, placer mining and oil & gas industries",0,0,0,0,2,information,yukon-geological-survey,2011-04-04T03:04:42,2011-04-04T03:04:42,2011,2011
geological-map-of-nts-95d-8-1-50-000-scale,Geological map of NTS 95D/8 (1:50 000 scale),0,0,0,0,2,information,yukon-geological-survey,2011-04-04T03:04:42,2011-04-04T03:04:42,2011,2011
geological-map-of-the-mendocina-creek-area-parts-of-105e-8-and-105f-5,Geological map of the ‘Mendocina Creek’ area (parts of 105E/8 and 105F/5),0,0,0,0,2,information,yukon-geological-survey,2011-04-04T03:04:42,2011-04-04T03:04:42,2011,2011
geological-map-of-the-pool-creek-area-nts-95c-5-southeast-yukon,"Geological map of the Pool Creek area (NTS 95C/5), southeast Yukon",0,0,0,0,2,information,yukon-geological-survey,2011-04-04T03:04:42,2011-04-04T03:04:42,2011,2011
interim-report-on-the-recent-deglacierization-of-the-wheaton-river-watershed-yt,"Interim Report on the Recent Deglacierization of the Wheaton River Watershed, YT",0,0,0,0,2,information,yukon-geological-survey,2011-04-04T03:04:42,2011-04-04T03:04:42,2011,2011
flying-in-caribou-country-how-to-minimize-disturbance-from-aircraft,Flying in Caribou Country - How to minimize disturbance from aircraft,0,0,0,0,2,information,yukon-geological-survey,2011-04-04T03:04:42,2011-04-04T03:04:42,2011,2011
modern-day-placer-mining-in-the-yukon,Modern Day Placer Mining in the Yukon,0,0,0,0,2,information,yukon-geological-survey,2011-04-04T03:04:42,2011-04-04T03:04:42,2011,2011
new-u-pb-age-constraints-at-freegold-mountain-evidence-for-multiple-phases-of-polymetallic-mid-,New U-Pb age constraints at Freegold Mountain: Evidence for multiple phases of polymetallic mid- to Late Cretaceous mineralization.,0,0,0,0,2,information,yukon-geological-survey,2011-04-04T03:04:42,2011-04-04T03:04:42,2011,2011
natural-sources-of-contaminants-in-the-yukon,Natural Sources of Contaminants in the Yukon,0,0,0,0,2,information,yukon-geological-survey,2011-04-04T03:04:42,2011-04-04T03:04:42,2011,2011
regional-geoscience-studies-and-petroleum-potential-peel-plateau-and-plain,"Regional Geoscience Studies and Petroleum Potential, Peel Plateau and Plain",0,0,0,0,2,information,yukon-geological-survey,2011-04-04T03:04:42,2011-04-04T03:04:42,2011,2011
regional-stream-sediment-and-water-geochemical-data-eastern-yukon-and-western-northwest-territo-1,"Regional Stream Sediment and Water Geochemical Data, eastern Yukon and western Northwest Territories",0,0,0,0,2,information,yukon-geological-survey,2011-04-04T03:04:42,2011-04-04T03:04:42,2011,2011
regional-stream-sediment-and-water-geochemical-data-finlayson-lake-area-southeastern-yukon-terr,"Regional stream sediment and water geochemical data, Finlayson Lake area, southeastern Yukon Territory (NTS 105G)",0,0,0,0,2,information,yukon-geological-survey,2011-04-04T03:04:42,2011-04-04T03:04:42,2011,2011
regional-stream-sediment-and-water-geochemical-data-lansing-range-area-east-central-yukon-nts-1,"Regional Stream Sediment and Water Geochemical Data, Lansing Range area, east central Yukon (NTS 105N)",0,0,0,0,2,information,yukon-geological-survey,2011-04-04T03:04:42,2011-04-04T03:04:42,2011,2011
regional-stream-sediment-and-water-geochemical-data-nahoni-range-area-west-central-yukon-territ,"Regional stream sediment and water geochemical data, Nahoni Range area, west-central Yukon Territory (parts of NTS 116F, G and K)",0,0,0,0,2,information,yukon-geological-survey,2011-04-04T03:04:42,2011-04-04T03:04:42,2011,2011
regional-stream-sediment-and-water-geochemical-data-sheldon-lake-area-east-central-yukon-territ,"Regional Stream Sediment and Water Geochemical Data, Sheldon Lake area, east-central Yukon Territory (NTS 105J)",0,0,0,0,2,information,yukon-geological-survey,2011-04-04T03:04:42,2011-04-04T03:04:42,2011,2011
surficial-geology-of-kiyera-lake-115g-15-yukon-1-50-000-scale,"Surficial geology of Kiyera Lake (115G/15), Yukon (1: 50 000 scale).",0,0,0,0,2,information,yukon-geological-survey,2011-04-04T03:04:42,2011-04-04T03:04:42,2011,2011
surficial-geology-of-talbot-creek-115g-09-yukon-1-50-000-scale,"Surficial geology of Talbot Creek (115G/09), Yukon (1: 50 000 scale)",0,0,0,0,2,information,yukon-geological-survey,2011-04-04T03:04:42,2011-04-04T03:04:42,2011,2011
surficial-geology-of-the-howards-pass-area-nts-105i-11-and-parts-of-105i-10-6-and-7-yukon-and-n,"Surficial Geology of the Howard’s Pass Area (NTS 105I/11 and parts of 105I/10, 6 and 7), Yukon and Northwest Territories",0,0,0,0,2,information,yukon-geological-survey,2011-04-04T03:04:42,2011-04-04T03:04:42,2011,2011
surficial-geology-of-the-howards-pass-area-nts-105i-12-and-parts-of-105i-11-6-and-5-and-105j-9-,"Surficial Geology of the Howard’s Pass area (NTS 105I/12 and parts of 105I/11, 6 and 5 and 105J/9 and 8 ), Yukon and Northwest Territories",0,0,0,0,2,information,yukon-geological-survey,2011-04-04T03:04:42,2011-04-04T03:04:42,2011,2011
residual-total-magnetic-field-mcquesten-aeromagnetic-survey-nts-115p-11-and-115p-12-yukon,"Residual total magnetic field, McQuesten Aeromagnetic Survey, NTS 115P/11 and 115P/12, Yukon",0,0,0,0,2,information,yukon-geological-survey,2011-04-04T03:04:42,2011-04-04T03:04:42,2011,2011
residual-total-magnetic-field-mcquesten-aeromagnetic-survey-nts-115p-6-and-115p-7-yukon,"Residual total magnetic field, McQuesten Aeromagnetic Survey, NTS 115P/6 and 115P/7, Yukon",0,0,0,0,2,information,yukon-geological-survey,2011-04-04T03:04:42,2011-04-04T03:04:42,2011,2011
residual-total-magnetic-field-northern-stevenson-ridge-aeromagnetic-survey-nts-115j-11-and-115j,"Residual total magnetic field, Northern Stevenson Ridge Aeromagnetic Survey, NTS 115J/11 and 115J/12, Yukon",0,0,0,0,4,information,yukon-geological-survey,2011-04-04T03:04:42,2011-04-04T03:04:42,2011,2011
residual-total-magnetic-field-northern-stevenson-ridge-aeromagnetic-survey-nts-115j-13-and-115j,"Residual total magnetic field, Northern Stevenson Ridge Aeromagnetic Survey, NTS 115J/13 and 115J/14, Yukon",0,0,0,0,4,information,yukon-geological-survey,2011-04-04T03:04:42,2011-04-04T03:04:42,2011,2011
residual-total-magnetic-field-northern-stevenson-ridge-aeromagnetic-survey-nts-115j-15-and-115j,"Residual total magnetic field, Northern Stevenson Ridge Aeromagnetic Survey, NTS 115J/15 and 115J/16, Yukon",0,0,0,0,4,information,yukon-geological-survey,2011-04-04T03:04:42,2011-04-04T03:04:42,2011,2011
residual-total-magnetic-field-northern-stevenson-ridge-aeromagnetic-survey-nts-115k-15-and-115k,"Residual total magnetic field, Northern Stevenson Ridge Aeromagnetic Survey, NTS 115K/15 and 115K/16, Yukon",0,0,0,0,4,information,yukon-geological-survey,2011-04-04T03:04:42,2011-04-04T03:04:42,2011,2011
residual-total-magnetic-field-northern-stevenson-ridge-aeromagnetic-survey-nts-115-k-9-and-115-,"Residual total magnetic field, Northern Stevenson Ridge Aeromagnetic Survey, NTS 115 K/9 and 115 K/10, Yukon",0,0,0,0,4,information,yukon-geological-survey,2011-04-04T03:04:42,2011-04-04T03:04:42,2011,2011
residual-total-magnetic-field-northern-stevenson-ridge-aeromagnetic-survey-nts-115o-1-1150-2-an,"Residual total magnetic field, Northern Stevenson Ridge Aeromagnetic Survey, NTS 115O/1, 1150/2 and part of 115O/3, Yukon",0,0,0,0,4,information,yukon-geological-survey,2011-04-04T03:04:42,2011-04-04T03:04:42,2011,2011
u-pb-isotopic-age-dating-by-lam-icp-ms-inco-innovation-centre-memorial-university-sample-prepar,"U-Pb isotopic age dating by LAM ICP-MS, INCO Innovation Centre, Memorial University: Sample preparation methodology and analytical techniques",0,0,0,0,2,information,yukon-geological-survey,2011-04-04T03:04:42,2011-04-04T03:04:42,2011,2011
yukon-diamond-rumor-map-and-notes,Yukon Diamond Rumor Map and Notes,0,0,0,0,3,information,yukon-geological-survey,2011-04-04T03:04:42,2011-04-04T03:04:42,2011,2011
yukon-digital-surficial-geology-preliminary-data-release,Yukon digital surficial geology - preliminary data release,0,0,0,0,2,information,yukon-geological-survey,2011-04-04T03:04:42,2011-04-04T03:04:42,2011,2011
yukon-exploration-and-geology-2009,Yukon Exploration and Geology 2009,0,0,0,0,2,information,yukon-geological-survey,2011-04-04T03:04:42,2011-04-04T03:04:42,2011,2011
yukon-exploration-and-geology-overview-2008,Yukon Exploration and Geology Overview 2008,0,0,0,0,2,information,yukon-geological-survey,2011-04-04T03:04:42,2011-04-04T03:04:42,2011,2011
yukon-oil-and-gas-a-northern-investment-opportunity-2005,Yukon Oil and Gas - A Northern Investment Opportunity 2005,0,0,0,0,2,information,yukon-geological-survey,2011-04-04T03:04:42,2011-04-04T03:04:42,2011,2011
deconstructing-complex-au-ag-cu-mineralization-sonora-gulch-project-dawson-range-a-late-cretace,"Deconstructing complex Au-Ag-Cu mineralization, Sonora Gulch project, Dawson Range: A Late Cretaceous evolution to the epithermal environment",0,0,0,0,2,information,yukon-geological-survey,2011-04-04T03:04:42,2011-04-04T03:04:42,2011,2011
a-transect-through-the-accreted-terranes-of-the-nothern-canadian-cordillera-from-cassiar-britis,"A transect through the accreted terranes of the nothern Canadian Cordillera: from Cassiar, British Columbia to Kluane Lake, Yukon.",0,0,0,0,2,information,yukon-geological-survey,2011-04-04T03:04:42,2011-04-04T03:04:42,2011,2011
geophysical-series-nts-115j-4-airborne-geophysical-survey-southern-stevenson-ridge-area-yukon,"Geophysical Series, NTS 115J/4, Airborne Geophysical Survey Southern Stevenson Ridge area, Yukon",0,0,0,0,3,information,yukon-geological-survey,2011-04-04T03:04:42,2011-04-04T03:04:42,2011,2011
geophysical-series-nts-115k-1-airborne-geophysical-survey-southern-stevenson-ridge-area-yukon,"Geophysical Series, NTS 115K/1, Airborne Geophysical Survey Southern Stevenson Ridge area, Yukon",0,0,0,0,3,information,yukon-geological-survey,2011-04-04T03:04:42,2011-04-04T03:04:42,2011,2011
regional-biophysical-mapping-for-the-north-yukon-planning-region-peel-watershed-planning-region,"Regional Biophysical Mapping for the North Yukon Planning Region, Peel Watershed Planning Region and Yukon North Slope",0,0,0,0,2,information,yukon-geological-survey,2011-04-04T03:04:42,2011-04-04T03:04:42,2011,2011
yukon-exploration-and-geology-2008,Yukon Exploration and Geology 2008,0,0,0,0,2,information,yukon-geological-survey,2011-04-04T03:04:42,2011-04-04T03:04:42,2011,2011
residual-total-magnetic-field-northern-stevenson-ridge-aeromagnetic-survey-nts-115j-9-and-115j-,"Residual total magnetic field, Northern Stevenson Ridge Aeromagnetic Survey, NTS 115J/9 and 115J/10, Yukon",0,0,0,0,4,information,yukon-geological-survey,2011-04-04T03:04:42,2011-04-04T03:04:42,2011,2011
surficial-geology-of-rhyolite-creek-115g-16-yukon-1-50-000-scale,"Surficial geology of Rhyolite Creek (115G/16), Yukon (1: 50 000 scale)",0,0,0,0,2,information,yukon-geological-survey,2011-04-04T03:04:42,2011-04-04T03:04:42,2011,2011
aggregate-resource-exploration-using-a-process-depositional-model-of-meltwater-channel-developm,"Aggregate resource exploration using a process-depositional model of meltwater channel development in the Eagle Plains area, northern Yukon.",0,0,0,0,2,information,yukon-geological-survey,2011-04-04T03:04:41,2011-04-04T03:04:41,2011,2011
bedrock-geology-koidern-river-area-yukonparts-of-nts-115f-9-15-16-and-115g-12,"Bedrock Geology, Koidern River area, Yukon,(parts of NTS 115F/9, 15, 16 and 115G/12)",0,0,0,0,2,information,yukon-geological-survey,2011-04-04T03:04:41,2011-04-04T03:04:41,2011,2011
coal,Coal,0,0,0,0,2,information,yukon-geological-survey,2011-04-04T03:04:41,2011-04-04T03:04:41,2011,2011
copper,Copper,0,0,0,0,2,information,yukon-geological-survey,2011-04-04T03:04:41,2011-04-04T03:04:41,2011,2011
discover-yukons-mineral-wealth,Discover Yukon's Mineral Wealth,0,0,0,0,2,information,yukon-geological-survey,2011-04-04T03:04:41,2011-04-04T03:04:41,2011,2011
first-vertical-derivative-of-the-magnetic-field-wernecke-mountain-aeromagnetic-survey-nts-106b--1,"First vertical derivative of the magnetic field, Wernecke Mountain Aeromagnetic Survey, NTS 106B (south half), Yukon",0,0,0,0,2,information,yukon-geological-survey,2011-04-04T03:04:41,2011-04-04T03:04:41,2011,2011
first-vertical-derivative-of-the-magnetic-field-wernecke-mountain-aeromagnetic-survey-nts-106c-,"First vertical derivative of the magnetic field, Wernecke Mountain Aeromagnetic Survey, NTS 106C (north half), Yukon",0,0,0,0,2,information,yukon-geological-survey,2011-04-04T03:04:41,2011-04-04T03:04:41,2011,2011
first-vertical-derivative-of-the-magnetic-field-wernecke-mountain-aeromagnetic-survey-nts-106c--1,"First vertical derivative of the magnetic field, Wernecke Mountain Aeromagnetic Survey, NTS 106C (south half), Yukon",0,0,0,0,2,information,yukon-geological-survey,2011-04-04T03:04:41,2011-04-04T03:04:41,2011,2011
first-vertical-derivative-of-the-magnetic-field-wernecke-mountain-aeromagnetic-survey-nts-106d-,"First vertical derivative of the magnetic field, Wernecke Mountain Aeromagnetic Survey, NTS 106D (north half), Yukon. Yukon Geological Survey, Open File",0,0,0,0,2,information,yukon-geological-survey,2011-04-04T03:04:41,2011-04-04T03:04:41,2011,2011
glacial-history-of-howards-pass-and-applications-to-drift-prospecting,Glacial history of Howard’s Pass and applications to drift prospecting.,0,0,0,0,2,information,yukon-geological-survey,2011-04-04T03:04:41,2011-04-04T03:04:41,2011,2011
gold,Gold,0,0,0,0,2,information,yukon-geological-survey,2011-04-04T03:04:41,2011-04-04T03:04:41,2011,2011
historical-notes,Historical notes,0,0,0,0,2,information,yukon-geological-survey,2011-04-04T03:04:41,2011-04-04T03:04:41,2011,2011
hydrocarbon-potential-of-upper-paleozoic-strata-eastern-richardson-mountains-northern-mackenzie,"Hydrocarbon potential of Upper Paleozoic strata, eastern Richardson Mountains, northern Mackenzie Mountains and Peel Plateau, Yukon.",0,0,0,0,2,information,yukon-geological-survey,2011-04-04T03:04:41,2011-04-04T03:04:41,2011,2011
hydrothermal-zoning-in-the-keno-hill-ag-pb-zn-vein-system-a-study-in-structural-geology-mineral,"Hydrothermal zoning in the Keno Hill Ag-Pb-Zn vein system; a study in structural geology, mineralogy, fluid inclusions, and stable isotope geochemistry",0,0,0,0,1,information,yukon-geological-survey,2011-04-04T03:04:41,2011-04-04T03:04:41,2011,2011
iron,Iron,0,0,0,0,2,information,yukon-geological-survey,2011-04-04T03:04:41,2011-04-04T03:04:41,2011,2011
first-vertical-derivative-of-the-magnetic-field-wernecke-mountain-aeromagnetic-survey-nts-106e-,"First vertical derivative of the magnetic field, Wernecke Mountain Aeromagnetic Survey, NTS 106E (south half), Yukon",0,0,0,0,2,information,yukon-geological-survey,2011-04-04T03:04:41,2011-04-04T03:04:41,2011,2011
first-vertical-derivative-of-the-magnetic-field-wernecke-mountain-aeromagnetic-survey-nts-106f-,"First vertical derivative of the magnetic field, Wernecke Mountain Aeromagnetic Survey, NTS 106F (south half), Yukon.",0,0,0,0,2,information,yukon-geological-survey,2011-04-04T03:04:41,2011-04-04T03:04:41,2011,2011
geology-of-the-northern-whitehorse-trough-yukon-105e-12-13-and-parts-of-11-and-14-105l-4-and-pa,"Geology of the northern Whitehorse trough, Yukon (105E/12, 13 and parts of 11 and 14; 105L/4 and parts of 3 and 5; parts of 115H/9 and 16; 115I/1 and part of 8)",0,0,0,0,2,information,yukon-geological-survey,2011-04-04T03:04:41,2011-04-04T03:04:41,2011,2011
new-stratigraphic-and-provenance-studies-of-triassic-sedimentary-rocks-in-yukon-and-northern-br,New stratigraphic and provenance studies of Triassic sedimentary rocks in Yukon and northern British Columbia.,0,0,0,0,2,information,yukon-geological-survey,2011-04-04T03:04:41,2011-04-04T03:04:41,2011,2011
preliminary-bedrock-geology-for-nts-95d-6-otter-creek-area-southeast-yukon,"Preliminary bedrock geology for NTS 95D/6 (Otter Creek area), southeast Yukon.",0,0,0,0,2,information,yukon-geological-survey,2011-04-04T03:04:41,2011-04-04T03:04:41,2011,2011
preliminary-bedrock-geology-of-part-of-stevenson-ridge-area-nts-115j-3-4-5-6-7-8-parts-of-11-16,"Preliminary bedrock geology of part of Stevenson Ridge area (NTS 115J/3, 4, 5, 6, 7, 8, parts of 11 and 12; 115K/1, 2, 7, 8, 9, 10, parts of 15 and 16).",0,0,0,0,2,information,yukon-geological-survey,2011-04-04T03:04:41,2011-04-04T03:04:41,2011,2011
preliminary-geology-map-of-nts-95d-6-1-50-000-scale,Preliminary Geology Map of NTS 95D/6 (1:50 000 scale),0,0,0,0,2,information,yukon-geological-survey,2011-04-04T03:04:41,2011-04-04T03:04:41,2011,2011
roadside-geology-of-the-dempster-highway-northwest-territories-and-yukon-a-geological-roadmap-f,"Roadside Geology of the Dempster Highway, Northwest Territories & Yukon, A geological roadmap for Canada’s most northwestern road",0,0,0,0,2,information,yukon-geological-survey,2011-04-04T03:04:41,2011-04-04T03:04:41,2011,2011
rock-eval-6-toc-analyses-from-outcrop-samples-in-northern-mackenzie-mountains-eastern-richardso,"Rock-Eval 6/TOC analyses from outcrop samples in northern Mackenzie Mountains, eastern Richardson Mountains, and southern Peel Plateau and Plain, Northwest Territories and Yukon, Canada.",0,0,0,0,2,information,yukon-geological-survey,2011-04-04T03:04:41,2011-04-04T03:04:41,2011,2011
rock-eval-toc-data-for-18-wells-peel-plateau-and-plain-yukon-territory-65-50-to-67-00-n-133-45-,"Rock-Eval/TOC data for 18 wells, Peel Plateau and Plain, Yukon Territory (65° 50’ to 67° 00’ N; 133° 45’ to 135° 15’ W)",0,0,0,0,2,information,yukon-geological-survey,2011-04-04T03:04:41,2011-04-04T03:04:41,2011,2011
rocking-in-the-yukon-an-overview-of-mining-in-the-yukon,Rocking in the Yukon; An Overview of Mining in the Yukon,0,0,0,0,2,information,yukon-geological-survey,2011-04-04T03:04:41,2011-04-04T03:04:41,2011,2011
reclamation-practices-and-research-on-mineral-exploration-properties-in-the-yukon-territory,Reclamation practices and research on mineral exploration properties in the Yukon Territory,0,0,0,0,2,information,yukon-geological-survey,2011-04-04T03:04:41,2011-04-04T03:04:41,2011,2011
reconnaissance-survey-of-erosion-site-at-gold-run-creek,Reconnaissance Survey of Erosion Site at Gold Run Creek,0,0,0,0,2,information,yukon-geological-survey,2011-04-04T03:04:41,2011-04-04T03:04:41,2011,2011
surficial-geology-investigations-in-wellesley-basin-and-nisling-range-southwest-yukon,"Surficial geology investigations in Wellesley basin and Nisling Range, southwest Yukon.",0,0,0,0,2,information,yukon-geological-survey,2011-04-04T03:04:41,2011-04-04T03:04:41,2011,2011
total-field-magnetic-wernecke-mountain-aeromagnetic-survey-nts-106b-nw-quadrant-yukon,"Total field magnetic, Wernecke Mountain Aeromagnetic Survey, NTS 106B (NW quadrant), Yukon",0,0,0,0,2,information,yukon-geological-survey,2011-04-04T03:04:41,2011-04-04T03:04:41,2011,2011
total-field-magnetic-wernecke-mountain-aeromagnetic-survey-nts-106b-south-half-yukon,"Total field magnetic, Wernecke Mountain Aeromagnetic Survey, NTS 106B (south half), Yukon.",0,0,0,0,2,information,yukon-geological-survey,2011-04-04T03:04:41,2011-04-04T03:04:41,2011,2011
total-field-magnetic-wernecke-mountain-aeromagnetic-survey-nts-106c-north-half-yukon,"Total field magnetic, Wernecke Mountain Aeromagnetic Survey, NTS 106C (north half), Yukon",0,0,0,0,2,information,yukon-geological-survey,2011-04-04T03:04:41,2011-04-04T03:04:41,2011,2011
total-field-magnetic-wernecke-mountain-aeromagnetic-survey-nts-106c-south-half-yukon,"Total field magnetic, Wernecke Mountain Aeromagnetic Survey, NTS 106C (south half), Yukon",0,0,0,0,2,information,yukon-geological-survey,2011-04-04T03:04:41,2011-04-04T03:04:41,2011,2011
total-field-magnetic-wernecke-mountain-aeromagnetic-survey-nts-106d-north-half-yukon,"Total field magnetic, Wernecke Mountain Aeromagnetic Survey, NTS 106D (north half), Yukon",0,0,0,0,2,information,yukon-geological-survey,2011-04-04T03:04:41,2011-04-04T03:04:41,2011,2011
total-field-magnetic-wernecke-mountain-aeromagnetic-survey-nts-106e-south-half-yukon,"Total field magnetic, Wernecke Mountain Aeromagnetic Survey, NTS 106E (south half), Yukon",0,0,0,0,2,information,yukon-geological-survey,2011-04-04T03:04:41,2011-04-04T03:04:41,2011,2011
triassic-overlap-assemblages-in-the-northern-cordillera-preliminary-results-from-the-type-se-13,"Triassic overlap assemblages in the northern Cordillera: Preliminary results from the type section of the Jones Lake Formation, Yukon and Northwest Territories (NTS 105I/13)",0,0,0,0,2,information,yukon-geological-survey,2011-04-04T03:04:41,2011-04-04T03:04:41,2011,2011
u-pb-zircon-ages-for-the-nordenskiold-formation-laberge-group-and-cretaceous-intrusive-rocks-wh,"U-Pb zircon ages for the Nordenskiold formation (Laberge Group) and Cretaceous intrusive rocks, Whitehorse trough, Yukon.",0,0,0,0,2,information,yukon-geological-survey,2011-04-04T03:04:41,2011-04-04T03:04:41,2011,2011
yukon-dinosaurs-fossils-and-footprints,Yukon Dinosaurs: Fossils and footprints.,0,0,0,0,2,information,yukon-geological-survey,2011-04-04T03:04:41,2011-04-04T03:04:41,2011,2011
yukon-exploration-and-geology-2007,Yukon Exploration and Geology 2007,0,0,0,0,2,information,yukon-geological-survey,2011-04-04T03:04:41,2011-04-04T03:04:41,2011,2011
yukon-exploration-and-geology-overview-2007,Yukon Exploration and Geology Overview 2007,0,0,0,0,2,information,yukon-geological-survey,2011-04-04T03:04:41,2011-04-04T03:04:41,2011,2011
yukon-mineral-property-update-2007,Yukon Mineral Property Update 2007,0,0,0,0,2,information,yukon-geological-survey,2011-04-04T03:04:41,2011-04-04T03:04:41,2011,2011
yukons-gold-legacy-richness-of-the-klondike,Yukon's Gold Legacy: Richness of the Klondike,0,0,0,0,2,information,yukon-geological-survey,2011-04-04T03:04:41,2011-04-04T03:04:41,2011,2011
yukon-stratigraphic-correlation-chart-v-4-0,"Yukon Stratigraphic Correlation Chart, v. 4.0.",0,0,0,0,2,information,yukon-geological-survey,2011-04-04T03:04:41,2011-04-04T03:04:41,2011,2011
zinc,Zinc,0,0,0,0,2,information,yukon-geological-survey,2011-04-04T03:04:41,2011-04-04T03:04:41,2011,2011
windy-mckinley-terrane-stevenson-ridge-area-115jk-western-yukon-composition-and-proposed-correl,"Windy McKinley terrane, Stevenson Ridge area (115JK), western Yukon: composition and proposed correlations, with implications for mineral potential.",0,0,0,0,2,information,yukon-geological-survey,2011-04-04T03:04:41,2011-04-04T03:04:41,2011,2011
yukon-placer-diamonds-possible-sources,Yukon placer diamonds: Possible sources,0,0,0,0,2,information,yukon-geological-survey,2011-04-04T03:04:41,2011-04-04T03:04:41,2011,2011
roadside-geology-of-the-dempster-highway-northwest-territories-and-yukon-a-travelers-guide-to-t,"Roadside Geology of the Dempster Highway, Northwest Territories and Yukon, A traveler’s guide to the Geology of Canada’s most northwestern road",0,0,0,0,2,information,yukon-geological-survey,2011-04-04T03:04:41,2011-04-04T03:04:41,2011,2011
summary-of-the-stratigraphy-sedimentology-and-hydrocarbon-potential-of-the-laberge-group-lower-,"Summary of the stratigraphy, sedimentology and hydrocarbon potential of the Laberge Group (Lower-Middle Jurassic), Whitehorse trough, Yukon.",0,0,0,0,2,information,yukon-geological-survey,2011-04-04T03:04:41,2011-04-04T03:04:41,2011,2011
kluane-ranges-bedrock-geology-white-river-area-parts-of-nts-115f-9-15-and-16-115g-12-and-115k-1,"Kluane Ranges bedrock geology, White River area (Parts of NTS 115F/9, 15 and 16; 115G/12 and 115K/1, 2)",0,0,0,0,2,information,yukon-geological-survey,2011-04-04T03:04:41,2011-04-04T03:04:41,2011,2011
thrust-slices-and-associated-deformation-in-the-klondike-goldfields-yukon,"Thrust slices and associated deformation in the Klondike goldfields, Yukon.",0,0,0,0,2,information,yukon-geological-survey,2011-04-04T03:04:41,2011-04-04T03:04:41,2011,2011
bedrock-geology-miles-ridge-area-yukon-parts-of-nts-115f-15-16-and-115k-12,"Bedrock Geology, Miles Ridge area, Yukon, (parts of NTS 115F/15, 16 and 115K/1,2)",0,0,0,0,2,information,yukon-geological-survey,2011-04-04T03:04:41,2011-04-04T03:04:41,2011,2011
disseminated-gold-mineralization-associated-with-orogenic-veins-in-the-klondike-schist-yukon,"Disseminated gold mineralization associated with orogenic veins in the Klondike Schist, Yukon.",0,0,0,0,2,information,yukon-geological-survey,2011-04-04T03:04:41,2011-04-04T03:04:41,2011,2011
yukon-placer-mining-industry-report-2003-to-2006,Yukon Placer Mining Industry Report 2003 to 2006,0,0,0,0,2,information,yukon-geological-survey,2011-04-04T03:04:41,2011-04-04T03:04:41,2011,2011
baseline-studies-on-selenium-cycling-in-the-earn-lake-environment,Baseline Studies on Selenium Cycling in the Earn Lake Environment,0,0,0,0,2,information,yukon-geological-survey,2011-04-04T03:04:40,2011-04-04T03:04:40,2011,2011
bioengineering-trials-at-noname-creek-post-fire-evaluation,Bioengineering Trials at Noname Creek: Post-Fire Evaluation,0,0,0,0,3,information,yukon-geological-survey,2011-04-04T03:04:40,2011-04-04T03:04:40,2011,2011
case-study-of-donjek-debris-flow-southwest-yukon,"Case study of Donjek debris flow, southwest Yukon",0,0,0,0,2,information,yukon-geological-survey,2011-04-04T03:04:40,2011-04-04T03:04:40,2011,2011
enhancing-natural-succession-on-mine-tailings-sites-in-the-yukon-territory,Enhancing Natural Succession on mine tailings sites in the Yukon Territory,0,0,0,0,2,information,yukon-geological-survey,2011-04-04T03:04:40,2011-04-04T03:04:40,2011,2011
enhancing-natural-succession-on-yukon-mine-tailings-sites-a-low-input-management-approach,Enhancing Natural Succession on Yukon Mine Tailings Sites: A low-input Management Approach,0,0,0,0,2,information,yukon-geological-survey,2011-04-04T03:04:40,2011-04-04T03:04:40,2011,2011
experimental-trials-for-restoring-disturbed-sites-in-permafrost-areas-using-bioengineering-tech,Experimental Trials for Restoring Disturbed Sites in Permafrost Areas Using Bioengineering Techniques,0,0,0,0,2,information,yukon-geological-survey,2011-04-04T03:04:40,2011-04-04T03:04:40,2011,2011
finlayson-lake-targeted-geoscience-initiative-southeastern-yukon-part-2-quaternary-geology-and-,"Finlayson Lake Targeted Geoscience Initiative (southeastern Yukon), Part 2: Quaternary geology and till geochemistry",0,0,0,0,2,information,yukon-geological-survey,2011-04-04T03:04:40,2011-04-04T03:04:40,2011,2011
germaine-creek-bioengineering-demonstration-project,Germaine Creek Bioengineering Demonstration Project,0,0,0,0,2,information,yukon-geological-survey,2011-04-04T03:04:40,2011-04-04T03:04:40,2011,2011
mineral-assessment-of-the-northern-kluane-wildlife-sanctuary-yukon,"Mineral Assessment of the Northern Kluane Wildlife Sanctuary, Yukon",0,0,0,0,2,information,yukon-geological-survey,2011-04-04T03:04:40,2011-04-04T03:04:40,2011,2011
geological-map-of-quartet-lakes-map-area-106e-1-wernecke-mountains-yukon-1-50000-scale,"Geological map of Quartet Lakes map area (106E/1), Wernecke Mountains, Yukon (1:50,000 scale)",0,0,0,0,2,information,yukon-geological-survey,2011-04-04T03:04:40,2011-04-04T03:04:40,2011,2011
geological-map-of-rose-mountain-105k-5-ne-central-yukon-1-25000-scale,"Geological Map of Rose Mountain (105K/5 NE), Central Yukon (1:25000 scale)",0,0,0,0,2,information,yukon-geological-survey,2011-04-04T03:04:40,2011-04-04T03:04:40,2011,2011
iron-oxide-copper-gold-uranium-mineralization-wernecke-breccia-yukon,"Iron-oxide-copper-gold-uranium mineralization, Wernecke Breccia, Yukon",0,0,0,0,2,information,yukon-geological-survey,2011-04-04T03:04:40,2011-04-04T03:04:40,2011,2011
isotope-dating-of-lead-zinc-occurrences-in-the-bonnet-plume-area-preliminary-report,"Isotope dating of lead-zinc occurrences in the Bonnet Plume area, Preliminary report",0,0,0,0,2,information,yukon-geological-survey,2011-04-04T03:04:40,2011-04-04T03:04:40,2011,2011
geochemical-data-from-a-national-geochemical-reconnaissance-stream-sediment-and-water-survey-in,"Geochemical Data from a National Geochemical Reconnaissance Stream Sediment and Water Survey in the Area of Old Crow, Northern Yukon Territory (Parts of 116J, 116K, 116N, 116O, 116P, 117A and 117B)",0,0,0,0,2,information,yukon-geological-survey,2011-04-04T03:04:40,2011-04-04T03:04:40,2011,2011
geochemical-data-from-a-national-geochemical-reconnaissance-stream-sediment-and-water-survey-in-1,"Geochemical Data from a National Geochemical Reconnaissance Stream Sediment and Water Survey in the Area of the Coal River, Southeast Yukon Territory (Part of NTS 95E)",0,0,0,0,2,information,yukon-geological-survey,2011-04-04T03:04:40,2011-04-04T03:04:40,2011,2011
monitoring-of-low-permeability-cover-performance-arctic-gold-and-silver-mine-site-carcross-yuko,"Monitoring of Low Permeability Cover Performance, Arctic Gold and Silver Mine Site, Carcross, Yukon",0,0,0,0,3,information,yukon-geological-survey,2011-04-04T03:04:40,2011-04-04T03:04:40,2011,2011
morphology-and-geochemistry-of-soils-formed-on-colluviated-weathered-bedrock-case-studies-from-,Morphology and geochemistry of soils formed on colluviated weathered bedrock: Case studies from unglaciated upland slopes in west-central Yukon,0,0,0,0,2,information,yukon-geological-survey,2011-04-04T03:04:40,2011-04-04T03:04:40,2011,2011
moulting-and-staging-waterbird-use-of-the-turner-lake-wetlands-in-the-yukon-territory-2005-aeri,Moulting and Staging Waterbird Use of the Turner Lake Wetlands in the Yukon Territory: 2005 Aerial Survey Results,0,0,0,0,2,information,yukon-geological-survey,2011-04-04T03:04:40,2011-04-04T03:04:40,2011,2011
landslide-processes-in-discontinuous-permafrost-little-salmon-lake-nts-105l-1-and-2-south-centr,"Landslide processes in discontinuous permafrost, Little Salmon Lake (NTS 105L/1 and 2), south-central Yukon",0,0,0,0,2,information,yukon-geological-survey,2011-04-04T03:04:40,2011-04-04T03:04:40,2011,2011
petroleum-resource-assessment-eagle-plain-basin-and-environs-yukon-territory-canada,"Petroleum Resource Assessment, Eagle Plain Basin and Environs, Yukon Territory Canada",0,0,0,0,2,information,yukon-geological-survey,2011-04-04T03:04:40,2011-04-04T03:04:40,2011,2011
petroleum-resource-assessment-peel-plateau-and-plain-yukon-territory-canada,"Petroleum Resource Assessment, Peel Plateau and Plain, Yukon Territory, Canada",0,0,0,0,2,information,yukon-geological-survey,2011-04-04T03:04:40,2011-04-04T03:04:40,2011,2011
pilot-scale-erosion-control-using-bioengineering-techniques-at-gold-run-creek-2005,"Pilot Scale Erosion Control Using Bioengineering Techniques at Gold Run Creek, 2005.",0,0,0,0,3,information,yukon-geological-survey,2011-04-04T03:04:40,2011-04-04T03:04:40,2011,2011
preliminary-geological-map-of-glenlyon-105l-1-711-14-and-northeast-carmacks-115i-916-areas-yuko,"Preliminary geological map of Glenlyon (105L/1-7,11-14) and northeast Carmacks (115I/9,16) areas, Yukon Territory (1:125 000 scale)",0,0,0,0,2,information,yukon-geological-survey,2011-04-04T03:04:40,2011-04-04T03:04:40,2011,2011
preliminary-geological-map-of-part-of-the-klatsa-river-area-105h-3-southeastern-yukon,"Preliminary geological map of part of the Klatsa River area (105H/3), southeastern Yukon",0,0,0,0,2,information,yukon-geological-survey,2011-04-04T03:04:40,2011-04-04T03:04:40,2011,2011
structural-evolution-of-the-tally-ho-shear-zone-nts-105d-southern-yukon,"Structural evolution of the Tally Ho shear zone (NTS 105D), southern Yukon",0,0,0,0,2,information,yukon-geological-survey,2011-04-04T03:04:40,2011-04-04T03:04:40,2011,2011
structural-settings-and-geochemistry-of-the-myschka-gold-prospect-tintina-gold-belt-mt-selous-a,"Structural settings and geochemistry of the Myschka gold prospect, Tintina Gold Belt, Mt. Selous area (105K/16, 105N/1), Yukon",0,0,0,0,2,information,yukon-geological-survey,2011-04-04T03:04:40,2011-04-04T03:04:40,2011,2011
reconnaissance-geological-and-geochemical-studies-of-the-joe-mountain-formation-joe-mountain-re,"Reconnaissance geological and geochemical studies of the Joe Mountain Formation, Joe Mountain region (NTS 105D/15), Yukon",0,0,0,0,2,information,yukon-geological-survey,2011-04-04T03:04:40,2011-04-04T03:04:40,2011,2011
reference-condition-approach-bioassessment-of-yukon-river-basin-placer-mining-streams-samp-2006,Reference Condition Approach Bioassessment of Yukon River Basin Placer Mining Streams Sampled in 2006.,0,0,0,0,3,information,yukon-geological-survey,2011-04-04T03:04:40,2011-04-04T03:04:40,2011,2011
report-on-the-detailed-mineral-assessment-of-the-proposed-pickhandle-lakes-special-management-a,"Report on the Detailed Mineral Assessment of the Proposed Pickhandle Lakes Special Management Area, Yukon",0,0,0,0,2,information,yukon-geological-survey,2011-04-04T03:04:40,2011-04-04T03:04:40,2011,2011
protocol-for-identification-of-physical-constraints-to-settling-pond-design,Protocol for Identification of Physical Constraints to Settling Pond Design,0,0,0,0,3,information,yukon-geological-survey,2011-04-04T03:04:40,2011-04-04T03:04:40,2011,2011
upgrades-to-the-bioengineering-installations-at-noname-creek-2003-2004,Upgrades to the Bioengineering Installations at Noname Creek 2003 /2004,0,0,0,0,2,information,yukon-geological-survey,2011-04-04T03:04:40,2011-04-04T03:04:40,2011,2011
yukon-molybdenum-potential,Yukon Molybdenum Potential,0,0,0,0,2,information,yukon-geological-survey,2011-04-04T03:04:40,2011-04-04T03:04:40,2011,2011
yukon-silver-potential,Yukon Silver Potential,0,0,0,0,2,information,yukon-geological-survey,2011-04-04T03:04:40,2011-04-04T03:04:40,2011,2011
yukon-targeted-geoscience-initiative-part-1-results-of-accelerated-bedrock-mapping-in-glenlyon-,"Yukon Targeted Geoscience Initiative, Part 1: Results of accelerated bedrock mapping in Glenlyon (105L/1-7, 11-14) and northeast Carmacks (115I/9,16) areas, central Yukon",0,0,0,0,2,information,yukon-geological-survey,2011-04-04T03:04:40,2011-04-04T03:04:40,2011,2011
yukon-tungsten-advantage,Yukon Tungsten Advantage,0,0,0,0,2,information,yukon-geological-survey,2011-04-04T03:04:40,2011-04-04T03:04:40,2011,2011
yukon-uranium-potential,Yukon Uranium Potential,0,0,0,0,2,information,yukon-geological-survey,2011-04-04T03:04:40,2011-04-04T03:04:40,2011,2011
zinc-lead-silver-barium-selwyn-basin-yukon,"Zinc-lead-silver-barium, Selwyn Basin, Yukon",0,0,0,0,2,information,yukon-geological-survey,2011-04-04T03:04:40,2011-04-04T03:04:40,2011,2011
heavy-metals-and-acid-rock-drainage-a-select-literature-review-of-remediation-and-recommendatio,Heavy Metals and Acid Rock Drainage: A Select Literature Review of Remediation and Recommendations for Applied Research,0,0,0,0,2,information,yukon-geological-survey,2011-04-04T03:04:40,2011-04-04T03:04:40,2011,2011
report-on-the-detailed-mineral-assessment-of-the-proposed-snafu-tarfu-natural-environment-park-,"Report on the Detailed Mineral Assessment of the Proposed Snafu/Tarfu Natural Environment Park Special Management Area, Yukon",0,0,0,0,2,information,yukon-geological-survey,2011-04-04T03:04:40,2011-04-04T03:04:40,2011,2011
application-of-placer-and-lode-gold-geochemistry-to-gold-exploration-in-western-yukon,Application of placer and lode gold geochemistry to gold exploration in western Yukon,0,0,0,0,2,information,yukon-geological-survey,2011-04-04T03:04:40,2011-04-04T03:04:40,2011,2011
report-on-the-detailed-mineral-assessment-of-the-proposed-lewes-marsh-mcclintock-bay-and-tagish,"Report on the Detailed Mineral Assessment of the Proposed Lewes Marsh/McClintock Bay and Tagish River Special Management Areas, Yukon",0,0,0,0,2,information,yukon-geological-survey,2011-04-04T03:04:40,2011-04-04T03:04:40,2011,2011
report-on-the-detailed-mineral-assessment-of-the-proposed-kusawa-natural-environment-park-speci,"Report on the Detailed Mineral Assessment of the Proposed Kusawa Natural Environment Park Special Management Area, Yukon",0,0,0,0,2,information,yukon-geological-survey,2011-04-04T03:04:40,2011-04-04T03:04:40,2011,2011
permafrost-considerations-for-effective-mine-site-development-in-the-yukon-territory,Permafrost Considerations for Effective Mine Site Development in the Yukon Territory,0,0,0,0,2,information,yukon-geological-survey,2011-04-04T03:04:40,2011-04-04T03:04:40,2011,2011
mcconnell-ice-flow-and-placer-activity-map-big-salmon-range-yukon-1-100-000-scale,"McConnell Ice-flow and placer activity map, Big Salmon Range, Yukon (1:100 000 scale)",0,0,0,0,2,information,yukon-geological-survey,2011-04-04T03:04:40,2011-04-04T03:04:40,2011,2011
investigations-of-2000-rgs-survey-northern-yukon-eagle-plains-ecoregion,"Investigations of 2000 RGS survey Northern Yukon, Eagle Plains Ecoregion",0,0,0,0,2,information,yukon-geological-survey,2011-04-04T03:04:40,2011-04-04T03:04:40,2011,2011
mineral-assessment-of-the-eagle-plain-study-area-yukon,"Mineral Assessment of the Eagle Plain Study Area, Yukon.",0,0,0,0,2,information,yukon-geological-survey,2011-04-04T03:04:40,2011-04-04T03:04:40,2011,2011
structural-settings-and-geochemistry-of-the-cynthia-gold-prospect-tintina-gold-belt-hess-river-,"Structural settings and geochemistry of the Cynthia gold prospect, Tintina Gold Belt, Hess River area (105O/6), Yukon",0,0,0,0,2,information,yukon-geological-survey,2011-04-04T03:04:40,2011-04-04T03:04:40,2011,2011
intrusion-related-gold-tombstone-gold-belt-yukon,"Intrusion-related Gold, Tombstone Gold Belt, Yukon",0,0,0,0,2,information,yukon-geological-survey,2011-04-04T03:04:40,2011-04-04T03:04:40,2011,2011
an-evaluation-of-the-gold-recovery-of-placer-drills-using-radio-tracers,An Evaluation of the Gold Recovery of Placer Drills Using Radio Tracers,0,0,0,0,2,information,yukon-geological-survey,2011-04-04T03:04:39,2011-04-04T03:04:39,2011,2011
adit-ice-plug-prevention,Adit Ice Plug Prevention,0,0,0,0,2,information,yukon-geological-survey,2011-04-04T03:04:39,2011-04-04T03:04:39,2011,2011
airborne-electromagnetic-and-magnetic-survey-jakes-corner-project-yukon,"Airborne Electromagnetic and Magnetic Survey, Jakes Corner Project, Yukon",0,0,0,0,1,information,yukon-geological-survey,2011-04-04T03:04:39,2011-04-04T03:04:39,2011,2011
experimental-reclamation-project-shrub-trial-plots-brewery-creek-mine,"Experimental Reclamation Project, Shrub Trial Plots - Brewery Creek Mine",0,0,0,0,2,information,yukon-geological-survey,2011-04-04T03:04:39,2011-04-04T03:04:39,2011,2011
faro-down-valley-tailings-research-program-report-tailings-reprocessing-executive-summary,Faro Down Valley Tailings Research Program Report: Tailings Reprocessing Executive Summary,0,0,0,0,2,information,yukon-geological-survey,2011-04-04T03:04:39,2011-04-04T03:04:39,2011,2011
faro-tailings-area-downhole-geophysics-program-to-study-contaminant-plumes-yukon,"Faro Tailings Area Downhole Geophysics Program to Study Contaminant Plumes, Yukon",0,0,0,0,2,information,yukon-geological-survey,2011-04-04T03:04:39,2011-04-04T03:04:39,2011,2011
fine-sediment-geochemistry-for-gold-orientation-survey,Fine Sediment Geochemistry for Gold Orientation Survey,0,0,0,0,2,information,yukon-geological-survey,2011-04-04T03:04:39,2011-04-04T03:04:39,2011,2011
mine-sludge-stability-densification-in-cold-climates,Mine Sludge Stability - Densification in Cold Climates,0,0,0,0,2,information,yukon-geological-survey,2011-04-04T03:04:39,2011-04-04T03:04:39,2011,2011
geology-and-geochemistry-of-the-venus-au-ag-pb-an-vein-deposit-yukon-territory,"Geology and geochemistry of the Venus Au-Ag-Pb-An vein deposit, Yukon Territory",0,0,0,0,1,information,yukon-geological-survey,2011-04-04T03:04:39,2011-04-04T03:04:39,2011,2011
investigations-into-passive-wetlands-treatment-of-mine-drainage-to-remove-heavy-metals-at-vario,"Investigations into Passive Wetlands Treatment of Mine Drainage to Remove Heavy Metals at Various Sites at United Keno Hill, Central Yukon",0,0,0,0,2,information,yukon-geological-survey,2011-04-04T03:04:39,2011-04-04T03:04:39,2011,2011
geological-compilation-maps-of-the-northern-stewart-river-area-klondike-and-sixtymile-dis-15-16,"Geological Compilation Maps of the Northern Stewart River Area, Klondike and Sixtymile Districts (115N/15, 16, 115O/13, 14 and Parts of 115O/15, 16)",0,0,0,0,2,information,yukon-geological-survey,2011-04-04T03:04:39,2011-04-04T03:04:39,2011,2011
moss-mats-as-medium-for-stream-sediment-geochemistry,Moss Mats as Medium for Stream Sediment Geochemistry,0,0,0,0,2,information,yukon-geological-survey,2011-04-04T03:04:39,2011-04-04T03:04:39,2011,2011
notes-to-prospectors-jakes-corner-dighem-survey-interpretation,Notes to Prospectors - Jakes Corner DIGHEM Survey Interpretation,0,0,0,0,2,information,yukon-geological-survey,2011-04-04T03:04:39,2011-04-04T03:04:39,2011,2011
light-auger-drilling-for-placer-prospecting-in-the-klondike-district-yukon-a-pilot-project,"Light Auger Drilling for Placer Prospecting in the Klondike District, Yukon; a Pilot Project",0,0,0,0,2,information,yukon-geological-survey,2011-04-04T03:04:39,2011-04-04T03:04:39,2011,2011
surficial-geological-map-of-stewart-river-valley-parts-of-115o-2-3-6-and-7,"Surficial Geological Map of Stewart River Valley (parts of 115O/2, 3, 6 and 7)",0,0,0,0,2,information,yukon-geological-survey,2011-04-04T03:04:39,2011-04-04T03:04:39,2011,2011
utilizing-volcanic-ash-as-a-natural-flocculant-in-placer-settling-ponds,Utilizing Volcanic Ash as a Natural Flocculant in Placer Settling Ponds,0,0,0,0,2,information,yukon-geological-survey,2011-04-04T03:04:39,2011-04-04T03:04:39,2011,2011
yukon-mining-development-and-exploration-overview-2002,"Yukon Mining, Development & Exploration Overview 2002",0,0,0,0,2,information,yukon-geological-survey,2011-04-04T03:04:39,2011-04-04T03:04:39,2011,2011
a-history-of-the-whitehorse-copper-belt,A History of the Whitehorse Copper Belt,0,0,0,0,2,information,yukon-geological-survey,2011-04-04T03:04:39,2011-04-04T03:04:39,2011,2011
natural-vegetation-succession-and-sustainable-reclamation-at-yukon-mine-and-mineral-exploration,Natural Vegetation Succession & Sustainable Reclamation at Yukon Mine and Mineral Exploration Sites,0,0,0,0,2,information,yukon-geological-survey,2011-04-04T03:04:39,2011-04-04T03:04:39,2011,2011
placer-gold-dredging-using-an-excavator-and-floating-processing-plant,Placer Gold Dredging Using an Excavator and Floating Processing Plant,0,0,0,0,2,information,yukon-geological-survey,2011-04-04T03:04:39,2011-04-04T03:04:39,2011,2011
an-evaluation-of-the-gold-recovery-of-placer-drills-using-radio-tracers-part-ii,An Evaluation of the Gold Recovery of Placer Drills Using Radio Tracers (Part II),0,0,0,0,2,information,yukon-geological-survey,2011-04-04T03:04:39,2011-04-04T03:04:39,2011,2011
airborne-em-and-mag-survey-jakes-corner-project-105c-5-12-and-105d-8-9,"Airborne EM and Mag Survey, Jakes Corner Project (105C/5, 12 & 105D/8, 9)",0,0,0,0,2,information,yukon-geological-survey,2011-04-04T03:04:39,2011-04-04T03:04:39,2011,2011
2006-regional-water-quality-sediment-and-benthic-invertebrate-assessment-for-the-south-macmilla,"2006 Regional Water Quality, Sediment and Benthic Invertebrate Assessment for the South MacMillan River Watershed, MacMillan Pass, Yukon",0,0,0,0,3,information,yukon-geological-survey,2011-04-04T03:04:38,2011-04-04T03:04:38,2011,2011
an-evaluation-of-ground-penetrating-radar-as-a-tool-in-placer-exploration,An Evaluation of Ground Penetrating Radar as a Tool in Placer Exploration,0,0,0,0,2,information,yukon-geological-survey,2011-04-04T03:04:38,2011-04-04T03:04:38,2011,2011
a-reconnaissance-inventory-of-permafrost-related-landslides-in-the-pelly-river-watershed-centra,"A reconnaissance inventory of permafrost-related landslides in the Pelly River watershed, central Yukon",0,0,0,0,2,information,yukon-geological-survey,2011-04-04T03:04:38,2011-04-04T03:04:38,2011,2011
are-mafic-dykes-in-the-nor-and-hart-river-areas-of-the-yukon-correlative-to-the-bonnet-plume-ri,Are mafic dykes in the Nor and Hart River areas of the Yukon correlative to the Bonnet Plume River Intrusions? Constraints from geochemistry.,0,0,0,0,2,information,yukon-geological-survey,2011-04-04T03:04:38,2011-04-04T03:04:38,2011,2011
a-field-petrographic-and-preliminary-s-isotopic-study-of-the-walt-and-tyrala-sediment-hosted-ba,"A field, petrographic and preliminary S isotopic study of the Walt and Tyrala sediment-hosted barite occurrences (105O/7), and associated Ba-Zn-Pb mineralization, MacMillan Pass district, Yukon.",0,0,0,0,2,information,yukon-geological-survey,2011-04-04T03:04:38,2011-04-04T03:04:38,2011,2011
bedrock-geology-of-lansing-range-map-area-105n-east-half-hess-mountains-yukon,"Bedrock geology of Lansing Range map area (105N), east half, Hess Mountains, Yukon",0,0,0,0,2,information,yukon-geological-survey,2011-04-04T03:04:38,2011-04-04T03:04:38,2011,2011
debris-flows-along-the-slims-river-valley-kluane-national-park-yukon-territory,"Debris flows along the Slims River valley, Kluane National Park, Yukon Territory",0,0,0,0,1,information,yukon-geological-survey,2011-04-04T03:04:38,2011-04-04T03:04:38,2011,2011
developing-a-new-method-to-identify-previously-unrecognized-geochemical-and-morphological-compl,Developing a new method to identify previously unrecognized geochemical and morphological complexity in placer gold deposits in western Yukon.,0,0,0,0,2,information,yukon-geological-survey,2011-04-04T03:04:38,2011-04-04T03:04:38,2011,2011
first-vertical-derivative-of-the-magnetic-field-mcquesten-aeromagnetic-survey-nts-115i-13-and-1,"First vertical derivative of the magnetic field, McQuesten Aeromagnetic Survey, NTS 115I/13 and 115I/14, Yukon",0,0,0,0,2,information,yukon-geological-survey,2011-04-04T03:04:38,2011-04-04T03:04:38,2011,2011
first-vertical-derivative-of-the-magnetic-field-mcquesten-aeromagnetic-survey-nts-115i-15-yukon,"First vertical derivative of the magnetic field, McQuesten Aeromagnetic Survey, NTS 115I/15, Yukon",0,0,0,0,2,information,yukon-geological-survey,2011-04-04T03:04:38,2011-04-04T03:04:38,2011,2011
evidence-for-a-late-mcconnell-readvance-of-the-cassiar-lobe-in-seagull-creek-pelly-mountains-ce,"Evidence for a late-McConnell readvance of the Cassiar Lobe in Seagull Creek, Pelly Mountains, central Yukon",0,0,0,0,2,information,yukon-geological-survey,2011-04-04T03:04:38,2011-04-04T03:04:38,2011,2011
field-investigations-of-the-upper-devonian-to-lower-carboniferous-tuttle-formation-eastern-rich,"Field investigations of the Upper Devonian to Lower Carboniferous Tuttle Formation, eastern Richardson Mountains, Yukon.",0,0,0,0,2,information,yukon-geological-survey,2011-04-04T03:04:38,2011-04-04T03:04:38,2011,2011
geophysical-and-borehole-investigations-of-permafrost-conditions-associated-with-compromised-in,"Geophysical and borehole investigations of permafrost conditions associated with compromised infrastructure in Dawson and Ross River, Yukon.",0,0,0,0,2,information,yukon-geological-survey,2011-04-04T03:04:38,2011-04-04T03:04:38,2011,2011
mass-movement-seismicity-and-neotectonics-in-the-northern-st-elias-mountains-yukon,"Mass movement, seismicity and neotectonics in the northern St. Elias Mountains, Yukon",0,0,0,0,1,information,yukon-geological-survey,2011-04-04T03:04:38,2011-04-04T03:04:38,2011,2011
geological-map-of-slats-creek-map-area-106d-16-wernecke-mountains-yukon,"Geological Map of Slats Creek Map Area (106D/16), Wernecke Mountains, Yukon",0,0,0,0,2,information,yukon-geological-survey,2011-04-04T03:04:38,2011-04-04T03:04:38,2011,2011
geology-of-spencer-creek-105b-1-and-daughney-lake-105b-2-map-areas-rancheria-district-southeast,"Geology of Spencer Creek (105B/1) and Daughney Lake (105B/2) Map Areas, Rancheria District, Southeastern Yukon",0,0,0,0,2,information,yukon-geological-survey,2011-04-04T03:04:38,2011-04-04T03:04:38,2011,2011
laser-ablation-icp-ms-u-pb-zircon-ages-for-cretaceous-plutonic-rocks-in-the-logtung-and-thirtym,Laser ablation ICP-MS U-Pb zircon ages for Cretaceous plutonic rocks in the Logtung and Thirtymile Range areas of southern Yukon.,0,0,0,0,2,information,yukon-geological-survey,2011-04-04T03:04:38,2011-04-04T03:04:38,2011,2011
late-wisconsinan-mcconnell-glaciation-of-the-big-salmon-range-yukon,"Late Wisconsinan McConnell glaciation of the Big Salmon Range, Yukon.",0,0,0,0,2,information,yukon-geological-survey,2011-04-04T03:04:38,2011-04-04T03:04:38,2011,2011
placer-mining-and-exploration-compilation-105e,Placer Mining and Exploration Compilation (105E),0,0,0,0,2,information,yukon-geological-survey,2011-04-04T03:04:38,2011-04-04T03:04:38,2011,2011
placer-mining-and-exploration-compilations-115i-and-115j-k,Placer Mining and Exploration Compilations (115I and 115J/K),0,0,0,0,2,information,yukon-geological-survey,2011-04-04T03:04:38,2011-04-04T03:04:38,2011,2011
placer-mining-materials-handling-field-trials,Placer Mining Materials Handling Field Trials,0,0,0,0,2,information,yukon-geological-survey,2011-04-04T03:04:38,2011-04-04T03:04:38,2011,2011
placer-mining-settling-ponds-volume-2-demonstration-project-methodology,Placer Mining Settling Ponds (Volume 2) - Demonstration project methodology,0,0,0,0,2,information,yukon-geological-survey,2011-04-04T03:04:38,2011-04-04T03:04:38,2011,2011
neoproterozoic-and-early-paleozoic-correlations-in-the-western-ogilvie-mountains-yukon,"Neoproterozoic and early Paleozoic correlations in the western Ogilvie Mountains, Yukon.",0,0,0,0,2,information,yukon-geological-survey,2011-04-04T03:04:38,2011-04-04T03:04:38,2011,2011
new-bedrock-geology-of-mount-mervyn-map-sheet-106c-04-and-mineral-potential-for-the-south-werne,New bedrock geology of Mount Mervyn map sheet (106C/04) and mineral potential for the South Wernecke mapping project.,0,0,0,0,2,information,yukon-geological-survey,2011-04-04T03:04:38,2011-04-04T03:04:38,2011,2011
new-data-on-the-geology-and-mineralization-of-the-skukum-creek-gold-silver-deposit-southern-yuk,"New data on the geology and mineralization of the Skukum Creek gold-silver deposit, southern Yukon (NTS 105D/3).",0,0,0,0,2,information,yukon-geological-survey,2011-04-04T03:04:38,2011-04-04T03:04:38,2011,2011
new-insights-into-the-geology-and-mineral-potential-of-the-coast-belt-in-southwestern-yukon,New insights into the geology and mineral potential of the Coast Belt in southwestern Yukon.,0,0,0,0,2,information,yukon-geological-survey,2011-04-04T03:04:38,2011-04-04T03:04:38,2011,2011
studies-of-an-active-rock-glacier-east-side-slims-river-valley-yukon-territory,"Studies of an active rock glacier, east side Slims River valley, Yukon Territory",0,0,0,0,1,information,yukon-geological-survey,2011-04-04T03:04:38,2011-04-04T03:04:38,2011,2011
surficial-geology-map-and-till-geochemistry-of-blind-creek-105k-7-se-central-yukon,"Surficial Geology Map and Till Geochemistry of Blind Creek (105K/7 SE), Central Yukon",0,0,0,0,2,information,yukon-geological-survey,2011-04-04T03:04:38,2011-04-04T03:04:38,2011,2011
surficial-geology-map-and-till-geochemistry-of-blind-creek-105k-7-sw-central-yukon-1-25000-scal,"Surficial geology map and till geochemistry of Blind Creek (105K/7 SW), central Yukon (1:25,000 scale)",0,0,0,0,2,information,yukon-geological-survey,2011-04-04T03:04:38,2011-04-04T03:04:38,2011,2011
preliminary-lithostratigraphy-of-the-laberge-group-jurassic-south-central-yukon-implications-co,"Preliminary lithostratigraphy of the Laberge Group (Jurassic), south-central Yukon: Implications concerning the petroleum potential of the Whitehorse Trough.",0,0,0,0,2,information,yukon-geological-survey,2011-04-04T03:04:38,2011-04-04T03:04:38,2011,2011
preliminary-observations-on-stratigraphy-and-hydrocarbon-potential-of-middle-to-upper-cretaceou,"Preliminary observations on stratigraphy and hydrocarbon potential of middle to Upper Cretaceous strata, Eagle Plain basin, northern Yukon.",0,0,0,0,2,information,yukon-geological-survey,2011-04-04T03:04:38,2011-04-04T03:04:38,2011,2011
quartz-vein-gold-mineralization-in-the-klondike-schist-the-mitchell-sheba-system-central-klondi,"Quartz vein gold mineralization in the Klondike Schist: The Mitchell-Sheba system, central Klondike district, Yukon.",0,0,0,0,2,information,yukon-geological-survey,2011-04-04T03:04:38,2011-04-04T03:04:38,2011,2011
residual-total-magnetic-field-mcquesten-aeromagnetic-survey-nts-115i-13-and-115i-14-yukon,"Residual total magnetic field, McQuesten Aeromagnetic Survey, NTS 115I/13 and 115I/14, Yukon",0,0,0,0,2,information,yukon-geological-survey,2011-04-04T03:04:38,2011-04-04T03:04:38,2011,2011
residual-total-magnetic-field-mcquesten-aeromagnetic-survey-nts-115i-15-yukon,"Residual total magnetic field, McQuesten Aeromagnetic Survey, NTS 115I/15, Yukon",0,0,0,0,2,information,yukon-geological-survey,2011-04-04T03:04:38,2011-04-04T03:04:38,2011,2011
white-river-ash-yukon,"White River Ash, Yukon",0,0,0,0,2,information,yukon-geological-survey,2011-04-04T03:04:38,2011-04-04T03:04:38,2011,2011
very-fine-stream-sediment-sampling-for-gold,Very Fine Stream Sediment Sampling for Gold,0,0,0,0,2,information,yukon-geological-survey,2011-04-04T03:04:38,2011-04-04T03:04:38,2011,2011
the-three-windy-mckinley-terranes-of-stevenson-ridge-115jk-western-yukon,"The three `Windy McKinley' terranes of Stevenson Ridge (115JK), western Yukon.",0,0,0,0,2,information,yukon-geological-survey,2011-04-04T03:04:38,2011-04-04T03:04:38,2011,2011
evaluation-of-the-origins-of-gold-hosted-by-the-conglomerates-of-the-indian-river-formation-yuk,"Evaluation of the origins of gold hosted by the conglomerates of the Indian River formation, Yukon, using a combined sedimentological and mineralogical approach.",0,0,0,0,2,information,yukon-geological-survey,2011-04-04T03:04:38,2011-04-04T03:04:38,2011,2011
the-dawson-city-landslide-dawson-map-area-nts-116b-3-central-yukon,"The Dawson City landslide (Dawson map area, NTS 116B/3), central Yukon.",0,0,0,0,2,information,yukon-geological-survey,2011-04-04T03:04:38,2011-04-04T03:04:38,2011,2011
beneficiation-of-barite-ore,Beneficiation of Barite Ore,0,0,0,0,2,information,yukon-geological-survey,2011-04-04T03:04:38,2011-04-04T03:04:38,2011,2011
williams-creek-project-thermal-leach-project-test-heap-leach-project-at-carmacks-yukon-territor,"Williams Creek Project, Thermal Leach Project Test Heap Leach Project at Carmacks, Yukon Territory",0,0,0,0,3,information,yukon-geological-survey,2011-04-04T03:04:38,2011-04-04T03:04:38,2011,2011
morphological-and-compositional-analysis-of-placer-gold-in-the-south-nahanni-river-drainage-nor,"Morphological and compositional analysis of placer gold in the South Nahanni River drainage, Northwest Territories",0,0,0,0,2,information,yukon-geological-survey,2011-04-04T03:04:38,2011-04-04T03:04:38,2011,2011
geological-map-of-southern-mayo-map-area-105m-1234-and-parts-of-105m-5-and-6-yukon,"Geological Map of Southern Mayo Map Area (105M/1,2,3,4 and parts of 105M/5 and 6) Yukon",0,0,0,0,2,information,yukon-geological-survey,2011-04-04T03:04:38,2011-04-04T03:04:38,2011,2011
placer-mining-settling-ponds-volume-1-design-principles,Placer Mining Settling Ponds (Volume 1) - Design Principles,0,0,0,0,2,information,yukon-geological-survey,2011-04-04T03:04:38,2011-04-04T03:04:38,2011,2011
yukon-platinum-occurrences-and-potential,Yukon Platinum Occurrences & Potential,0,0,0,0,3,information,yukon-geological-survey,2011-04-04T03:04:38,2011-04-04T03:04:38,2011,2011
structure-of-schist-in-the-vicinity-of-the-klondike-goldfield-yukon,"Structure of schist in the vicinity of the Klondike goldfield, Yukon.",0,0,0,1,2,information,yukon-geological-survey,2011-04-04T03:04:38,2011-04-04T03:04:38,2011,2011
micropetrology-and-mineral-geochemistry-of-the-tombstone-and-deadman-plutons-tombstone-plutonic,"Micropetrology and mineral geochemistry of the Tombstone and Deadman plutons, Tombstone Plutonic Suite, central Yukon.",0,0,0,1,2,information,yukon-geological-survey,2011-04-04T03:04:38,2011-04-04T03:04:38,2011,2011
permafrost-and-landslide-activity-case-studies-from-southwestern-yukon-territory,Permafrost and landslide activity: Case studies from southwestern Yukon Territory,0,0,0,1,2,information,yukon-geological-survey,2011-04-04T03:04:38,2011-04-04T03:04:38,2011,2011
alteration-zonation-veining-and-mineralization-associated-with-the-wernecke-breccias-at-slab-cr,"Alteration zonation, veining and mineralization associated with the Wernecke Breccias at Slab Creek, Yukon Territory, Canada",0,0,0,0,2,information,yukon-geological-survey,2011-04-04T03:04:37,2011-04-04T03:04:37,2011,2011
a-structural-analysis-of-the-upper-swift-river-area-southeast-yukon-105-b-3-part-ii-the-tbmb-cl,"A structural analysis of the upper Swift River area, southeast Yukon (105 B/3), Part II: The TBMB claims and implications for the regional geology",0,0,0,0,2,information,yukon-geological-survey,2011-04-04T03:04:37,2011-04-04T03:04:37,2011,2011
bedrock-geology-at-the-boundary-between-yukon-tanana-and-cassiar-terranes-truitt-creek-map-area,"Bedrock geology at the boundary between Yukon-Tanana and Cassiar terranes, Truitt Creek map area (NTS 105L/1), south-central Yukon",0,0,0,0,2,information,yukon-geological-survey,2011-04-04T03:04:37,2011-04-04T03:04:37,2011,2011
cirque-forms-and-alpine-glaciation-during-the-pleistocene-west-central-yukon,"Cirque forms and alpine glaciation during the Pleistocene, west-central Yukon",0,0,0,0,2,information,yukon-geological-survey,2011-04-04T03:04:37,2011-04-04T03:04:37,2011,2011
devonian-mississippian-metavolcanic-stratigraphy-massive-sulphide-potential-and-structural--345,"Devonian-Mississippian metavolcanic stratigraphy, massive sulphide potential and structural re-interpretation of Yukon-Tanana Terrane south of the Finlayson Lake massive sulphide district, southeastern Yukon (105G/1, 105H/3,4,5)",0,0,0,0,2,information,yukon-geological-survey,2011-04-04T03:04:37,2011-04-04T03:04:37,2011,2011
finlayson-lake-targeted-geoscience-initiative-southeastern-yukon-part-1-bedrock-geology,"Finlayson Lake Targeted Geoscience Initiative (southeastern Yukon), Part 1: Bedrock geology",0,0,0,0,2,information,yukon-geological-survey,2011-04-04T03:04:37,2011-04-04T03:04:37,2011,2011
geophysical-series-parts-of-nts-115j-5-115k-7-115k-8-115k-9-115k-10-megatem-ii-survey-central-s,"Geophysical Series, parts of NTS 115J/5, 115K/7, 115K/8, 115K/9, 115K/10, MEGATEM® II survey, Central Stevenson Ridge area, Yukon",0,0,0,0,3,information,yukon-geological-survey,2011-04-04T03:04:37,2011-04-04T03:04:37,2011,2011
glenlyon-project-coherent-stratigraphic-succession-of-yukon-tanana-terrane-in-the-little-salmon,"Glenlyon project: Coherent stratigraphic succession of Yukon-Tanana Terrane in the Little Salmon Range, and its potential for volcanic-hosted massive sulphide deposits, central Yukon.",0,0,0,0,2,information,yukon-geological-survey,2011-04-04T03:04:37,2011-04-04T03:04:37,2011,2011
glenlyon-project-preliminary-stratigraphy-and-structure-of-yukon-tanana-terrane-little-kalza-13,"Glenlyon project: Preliminary stratigraphy and structure of Yukon-Tanana Terrane, Little Kalzas Lake area, central Yukon (105L/13)",0,0,0,0,2,information,yukon-geological-survey,2011-04-04T03:04:37,2011-04-04T03:04:37,2011,2011
harzburgite-peak-a-large-mantle-tectonite-massif-in-ophiolite-from-southwest-yukon,Harzburgite Peak: A large mantle tectonite massif in ophiolite from southwest Yukon,0,0,0,0,2,information,yukon-geological-survey,2011-04-04T03:04:37,2011-04-04T03:04:37,2011,2011
geological-map-of-the-duke-river-area-parts-of-nts-115g-2-3-5-6-7-yukon-1-50000-scale,"Geological map of the Duke River area (parts of NTS 115G/2, 3, 5, 6, 7), Yukon (1:50,000 scale)",0,0,0,0,2,information,yukon-geological-survey,2011-04-04T03:04:37,2011-04-04T03:04:37,2011,2011
geology-of-new-gold-discoveries-in-the-coffee-creek-area-white-gold-district-west-central-yukon,"Geology of new gold discoveries in the Coffee Creek area, White Gold District, west-central Yukon.",0,0,0,0,2,information,yukon-geological-survey,2011-04-04T03:04:37,2011-04-04T03:04:37,2011,2011
geological-and-u-pb-age-constraints-on-base-and-precious-metal-vein-systems-in-the-mount-nansen,"Geological and U-Pb age constraints on base and precious metal vein systems in the Mount Nansen area, eastern Dawson Range, Yukon",0,0,0,0,2,information,yukon-geological-survey,2011-04-04T03:04:37,2011-04-04T03:04:37,2011,2011
no-remagnetization-in-plutonic-rocks-of-the-whitehorse-trough-southern-yukon-an-extensive-paleo,"No remagnetization in plutonic rocks of the Whitehorse Trough, southern Yukon: An extensive paleomagnetic conglomerate test",0,0,0,0,2,information,yukon-geological-survey,2011-04-04T03:04:37,2011-04-04T03:04:37,2011,2011
lead-isotopic-constraints-on-the-metallogeny-of-southern-wolf-lake-southeastern-teslin-and-nort,"Lead isotopic constraints on the metallogeny of southern Wolf Lake, southeastern Teslin and northern Jennings River map areas, Yukon and British Columbia: Preliminary results",0,0,0,0,2,information,yukon-geological-survey,2011-04-04T03:04:37,2011-04-04T03:04:37,2011,2011
paleoproterozoic-bonnet-plume-river-intrusions-evidence-for-a-calc-alkaline-arc-at-1-7-ga-and-i,"Paleoproterozoic Bonnet Plume River intrusions: Evidence for a calc-alkaline arc at 1.7 Ga and its partial preservation in Yukon, Canada.",0,0,0,0,2,information,yukon-geological-survey,2011-04-04T03:04:37,2011-04-04T03:04:37,2011,2011
paleoproterozoic-deformation-of-the-racklan-orogeny-slats-creek-106d-16-and-fairchild-lake-106c,"Paleoproterozoic deformation of the Racklan Orogeny, Slats Creek (106D/16) and Fairchild Lake (106C/13) map areas, Wernecke Mountains, Yukon",0,0,0,0,2,information,yukon-geological-survey,2011-04-04T03:04:37,2011-04-04T03:04:37,2011,2011
paleoproterozoic-volcanism-and-plutonism-in-the-wernecke-mountains-yukon,"Paleoproterozoic volcanism and plutonism in the Wernecke Mountains, Yukon",0,0,0,0,2,information,yukon-geological-survey,2011-04-04T03:04:37,2011-04-04T03:04:37,2011,2011
new-mapping-around-the-slab-iron-oxide-copper-gold-occurrence-wernecke-mountains-parts-of-nts-1,"New mapping around the Slab iron oxide-copper-gold occurrence, Wernecke Mountains (parts of NTS 106C/13, 106D/16, 106E/1 and 106F/4), Yukon",0,0,0,0,2,information,yukon-geological-survey,2011-04-04T03:04:37,2011-04-04T03:04:37,2011,2011
regional-stream-sediment-and-water-geochemical-data-frances-lake-area-southeastern-yukon-nts-10,"Regional Stream Sediment and Water Geochemical Data, Frances Lake area, southeastern Yukon (NTS 105H)",0,0,0,0,2,information,yukon-geological-survey,2011-04-04T03:04:37,2011-04-04T03:04:37,2011,2011
report-of-field-work-on-the-upper-triassic-reef-complex-of-lime-peak-laberge-map-area-yukon,"Report of field work on the Upper Triassic reef complex of Lime Peak, Laberge Map Area, Yukon",0,0,0,0,1,information,yukon-geological-survey,2011-04-04T03:04:37,2011-04-04T03:04:37,2011,2011
preliminary-results-of-a-petrological-study-of-ultramafic-rocks-of-the-northern-cordillera,Preliminary results of a petrological study of ultramafic rocks of the Northern Cordillera,0,0,0,0,2,information,yukon-geological-survey,2011-04-04T03:04:37,2011-04-04T03:04:37,2011,2011
the-early-tertiary-sifton-range-volcanic-complex-southwestern-yukon,"The Early Tertiary Sifton Range volcanic complex, southwestern Yukon",0,0,0,0,2,information,yukon-geological-survey,2011-04-04T03:04:37,2011-04-04T03:04:37,2011,2011
upper-proterozoic-lower-cambrian-sedimentary-rocks-of-the-mount-harper-group-ogilvie-mountains-,"Upper Proterozoic-Lower Cambrian sedimentary rocks of the Mount Harper Group, Ogilvie Mountains, Yukon",0,0,0,0,1,information,yukon-geological-survey,2011-04-04T03:04:37,2011-04-04T03:04:37,2011,2011
the-wolf-discovery-a-kuroko-style-volcanogenic-massive-sulphide-deposit-hosted-by-rift-related-,"The Wolf Discovery: A Kuroko-style volcanogenic massive sulphide deposit hosted by rift-related, alkaline felsic volcanic rocks",0,0,0,0,2,information,yukon-geological-survey,2011-04-04T03:04:37,2011-04-04T03:04:37,2011,2011
ray-gulch-tungsten-skarn-dublin-gulch-central-yukon-gold-tungsten-relationships-in-intrusion-re,"Ray Gulch tungsten skarn, Dublin Gulch, central Yukon: Gold-tungsten relationships in intrusion-related ore systems and implications for gold exploration",0,0,0,0,2,information,yukon-geological-survey,2011-04-04T03:04:37,2011-04-04T03:04:37,2011,2011
composition-of-placer-and-lode-gold-as-an-exploration-tool-in-the-stewart-river-map-area-wester,"Composition of placer and lode gold as an exploration tool in the Stewart River map area, western Yukon",0,0,0,0,2,information,yukon-geological-survey,2011-04-04T03:04:37,2011-04-04T03:04:37,2011,2011
resedimentation-of-the-late-holocene-white-river-tephra-yukon-territory-and-alaska,"Resedimentation of the late Holocene White River tephra, Yukon Territory and Alaska",0,0,0,0,2,information,yukon-geological-survey,2011-04-04T03:04:37,2011-04-04T03:04:37,2011,2011
preliminary-results-of-1-50-000-scale-geologic-mapping-in-wolverine-creek-map-area-115-i-12-daw,"Preliminary results of 1:50 000-scale geologic mapping in Wolverine Creek map area (115 I/12), Dawson Range, southwest Yukon",0,0,0,0,2,information,yukon-geological-survey,2011-04-04T03:04:37,2011-04-04T03:04:37,2011,2011
nature-and-origin-of-copper-gold-mineralization-at-the-minto-and-williams-creek-deposits-west-c,"Nature and origin of copper-gold mineralization at the Minto and Williams Creek deposits, west-central Yukon: Preliminary investigations",0,0,0,0,2,information,yukon-geological-survey,2011-04-04T03:04:37,2011-04-04T03:04:37,2011,2011
yukonage-2002-a-database-of-isotopic-age-determinations-for-rock-units-from-yukon-territory,YukonAge 2002: A database of isotopic age determinations for rock units from Yukon Territory,0,0,0,0,2,information,yukon-geological-survey,2011-04-04T03:04:37,2011-04-04T03:04:37,2011,2011
plants-bugs-and-a-giant-mammoth-tusk-paleoecology-of-last-chance-creek-yukon-territory,"Plants, bugs, and a giant mammoth tusk: Paleoecology of Last Chance Creek, Yukon Territory",0,0,0,0,2,information,yukon-geological-survey,2011-04-04T03:04:37,2011-04-04T03:04:37,2011,2011
preliminary-geology-of-the-southern-semenof-hills-central-yukon-105e-178,"Preliminary geology of the southern Semenof Hills, central Yukon (105E/1,7,8)",0,0,0,0,2,information,yukon-geological-survey,2011-04-04T03:04:37,2011-04-04T03:04:37,2011,2011
geology-of-the-dezadeash-range-and-adjacent-northern-coast-mountains-115a-southwestern-yukon-re,"Geology of the Dezadeash Range and adjacent northern Coast Mountains (115A), southwestern Yukon: Re-examination of a terrane boundary",0,0,0,0,2,information,yukon-geological-survey,2011-04-04T03:04:37,2011-04-04T03:04:37,2011,2011
geology-at-the-contact-between-yukon-tanana-and-cassiar-terranes-southeast-of-little-salmon-lak,"Geology at the contact between Yukon-Tanana and Cassiar terranes, southeast of Little Salmon Lake (105L/1), south-central Yukon",0,0,0,0,2,information,yukon-geological-survey,2011-04-04T03:04:37,2011-04-04T03:04:37,2011,2011
geology-mineralization-and-sampling-results-from-the-kalzas-tungsten-property-central-yukon,"Geology, mineralization and sampling results from the Kalzas tungsten property, central Yukon",0,0,0,0,2,information,yukon-geological-survey,2011-04-04T03:04:37,2011-04-04T03:04:37,2011,2011
geophysical-series-parts-of-nts-115j-4-115k-1-115k-2-115k-7-115k-8-megatem-ii-survey-central-st,"Geophysical Series, parts of NTS 115J/4, 115K/1, 115K/2, 115K/7, 115K/8, MEGATEM® II survey, Central Stevenson Ridge area, Yukon",0,0,0,0,3,information,yukon-geological-survey,2011-04-04T03:04:37,2011-04-04T03:04:37,2011,2011
white-channel-gravel-alteration-revisited,White Channel Gravel alteration revisited,0,0,0,0,2,information,yukon-geological-survey,2011-04-04T03:04:37,2011-04-04T03:04:37,2011,2011
bedrock-geological-map-of-part-of-watson-lake-area-all-or-part-of-nts-105a-2-3-5-6-7-10-11-12-1,"Bedrock geological map of part of Watson Lake area (all or part of NTS 105A/2, 3, 5, 6, 7, 10, 11, 12, 13, 14), southeastern Yukon",0,0,0,0,2,information,yukon-geological-survey,2011-04-04T03:04:37,2011-04-04T03:04:37,2011,2011
geological-map-of-livingstone-creek-area-nts-105e-8-yukon-1-50-000-scale,"Geological map of Livingstone Creek area (NTS 105E/8), Yukon (1:50 000 scale)",0,0,0,0,2,information,yukon-geological-survey,2011-04-04T03:04:37,2011-04-04T03:04:37,2011,2011
surficial-geology-of-upper-laberge-nts-105d-14-yukon-1-50-000-scale,"Surficial Geology of Upper Laberge (NTS 105D/14), Yukon (1:50 000 scale)",0,0,0,0,2,information,yukon-geological-survey,2011-04-04T03:04:37,2011-04-04T03:04:37,2011,2011
lower-to-middle-jurassic-stratigraphy-ammonoid-fauna-and-sedimentary-history-of-the-laberge-gro,"Lower to Middle Jurassic stratigraphy, ammonoid fauna and sedimentary history of the Laberge Group in the Fish Lake syncline, northern Whitehorse Trough, Yukon, Canada",0,0,0,0,2,information,yukon-geological-survey,2011-04-04T03:04:37,2011-04-04T03:04:37,2011,2011
surficial-geology-of-carcross-nts-105d-2-yukon-1-50-000-scale,"Surficial Geology of Carcross (NTS 105D/2), Yukon (1:50 000 scale)",0,0,0,1,2,information,yukon-geological-survey,2011-04-04T03:04:37,2011-04-04T03:04:37,2011,2011
surficial-geology-of-watson-lake-nts-105a-2-yukon-1-50-000-scale,"Surficial Geology of Watson Lake (NTS 105A/2), Yukon (1:50 000 scale)",0,0,0,1,2,information,yukon-geological-survey,2011-04-04T03:04:37,2011-04-04T03:04:37,2011,2011
paleomagnetism-and-geobarometry-of-the-granite-mountain-batholith-yukon-minimal-geotectonic-mot,"Paleomagnetism and geobarometry of the Granite Mountain batholith, Yukon: Minimal geotectonic motion of the Yukon-Tanana Terrane relative to North America",0,0,0,0,2,information,yukon-geological-survey,2011-04-04T03:04:37,2011-04-04T03:04:37,2011,2011
stratigraphy-of-the-mackenzie-mountains-supergroup-in-the-wernecke-mountains-yukon,"Stratigraphy of the Mackenzie Mountains supergroup in the Wernecke Mountains, Yukon.",0,0,0,0,2,information,yukon-geological-survey,2011-04-04T03:04:37,2011-04-04T03:04:37,2011,2011
biophysical-map-of-watson-lake-area-nts-105a-2-yukon-1-50-000-scale,"Biophysical map of Watson Lake area (NTS 105A/2), Yukon (1:50 000 scale)",0,0,0,0,2,information,yukon-geological-survey,2011-04-04T03:04:37,2011-04-04T03:04:37,2011,2011
hydrothermal-alteration-mineralization-and-exploration-potential-of-the-mars-alkalic-copper-gol,"Hydrothermal alteration, mineralization and exploration potential of the Mars alkalic copper-gold-molybdenum porphyry occurrence, Laberge map area (105E/7), Yukon",0,0,0,0,2,information,yukon-geological-survey,2011-04-04T03:04:37,2011-04-04T03:04:37,2011,2011
volcano-sedimentary-megaclast-in-wernecke-breccia-yukon-and-its-bearing-on-the-proterozoic-evol,"Volcano-sedimentary megaclast in Wernecke breccia, Yukon, and its bearing on the Proterozoic evolution of northwestern Laurentia.",0,0,0,0,2,information,yukon-geological-survey,2011-04-04T03:04:37,2011-04-04T03:04:37,2011,2011
yukon-targeted-geoscience-initiative-part-2-glacial-history-till-geochemistry-and-new-mineral-e,"Yukon Targeted Geoscience Initiative, Part 2: Glacial history, till geochemistry and new mineral exploration targets in Glenlyon and eastern Carmacks map areas, central Yukon",0,0,0,1,2,information,yukon-geological-survey,2011-04-04T03:04:37,2011-04-04T03:04:37,2011,2011
ancient-pacific-margin-an-update-on-stratigraphic-comparison-of-potential-volcanogenic-massive-,"Ancient Pacific Margin - An update on stratigraphic comparison of potential volcanogenic massive sulphide-hosting successions of Yukon-Tanana Terrane, northern British Columbia and Yukon",0,0,0,0,2,information,yukon-geological-survey,2011-04-04T03:04:36,2011-04-04T03:04:36,2011,2011
climatic-conditions-in-the-western-and-northern-cordillera-during-the-last-glaciation-paleoecol,Climatic conditions in the western and northern Cordillera during the last glaciation; paleoecological evidence,0,0,0,0,2,information,yukon-geological-survey,2011-04-04T03:04:36,2011-04-04T03:04:36,2011,2011
distal-micro-tephra-deposits-in-southeast-alaskan-peatlands,Distal micro-tephra deposits in southeast Alaskan peatlands,0,0,0,0,2,information,yukon-geological-survey,2011-04-04T03:04:36,2011-04-04T03:04:36,2011,2011
experimental-studies-of-coarse-grained-sedimentation,Experimental studies of coarse-grained sedimentation,0,0,0,0,1,information,yukon-geological-survey,2011-04-04T03:04:36,2011-04-04T03:04:36,2011,2011
geology-of-the-clinton-creek-asbestos-deposit-yukon-territory,"Geology of the Clinton Creek asbestos deposit, Yukon Territory",0,0,0,0,1,information,yukon-geological-survey,2011-04-04T03:04:36,2011-04-04T03:04:36,2011,2011
stratigraphic-framework-for-syngenetic-mineral-occurrences-yukon-tanana-terrane-south-of-finlay,"Stratigraphic framework for syngenetic mineral occurrences, Yukon-Tanana Terrane south of Finlayson lake: A progress report",0,0,0,0,2,information,yukon-geological-survey,2011-04-04T03:04:36,2011-04-04T03:04:36,2011,2011
stratigraphic-succession-and-u-pb-geochronology-from-the-teslin-suture-zone-south-central-yukon,"Stratigraphic succession and U-Pb geochronology from the Teslin suture zone, south-central Yukon",0,0,0,0,2,information,yukon-geological-survey,2011-04-04T03:04:36,2011-04-04T03:04:36,2011,2011
stratigraphy-and-economic-potential-of-precambrian-cambrian-boundary-strata-wernecke-mountains-,"Stratigraphy and economic potential of Precambrian-Cambrian boundary strata, Wernecke Mountains, east-central Yukon",0,0,0,0,2,information,yukon-geological-survey,2011-04-04T03:04:36,2011-04-04T03:04:36,2011,2011
stratigraphy-and-regional-implications-of-unstrained-devono-mississippian-volcanic-rocks-in-the,"Stratigraphy and regional implications of unstrained Devono-Mississippian volcanic rocks in the Money Creek thrust sheet, Yukon-Tanana Terrane, southeastern Yukon",0,0,0,0,2,information,yukon-geological-survey,2011-04-04T03:04:36,2011-04-04T03:04:36,2011,2011
structural-evolution-of-the-ketza-river-gold-deposit,Structural evolution of the Ketza River gold deposit,0,0,0,0,2,information,yukon-geological-survey,2011-04-04T03:04:36,2011-04-04T03:04:36,2011,2011
structure-and-stratigraphy-of-the-marg-volcanogenic-massive-sulphide-deposit-north-central-yuko,"Structure and stratigraphy of the Marg volcanogenic massive sulphide deposit, north-central Yukon",0,0,0,0,2,information,yukon-geological-survey,2011-04-04T03:04:36,2011-04-04T03:04:36,2011,2011
summary-information-on-the-dublin-gulch-project-yukon-territory,"Summary Information on the Dublin Gulch Project, Yukon Territory",0,0,0,0,2,information,yukon-geological-survey,2011-04-04T03:04:36,2011-04-04T03:04:36,2011,2011
summary-of-dggs-investigations-at-livengood-alaska-geology-mineral-potential-and-regional-corre,"Summary of DGGS investigations at Livengood, Alaska: Geology, mineral potential, and regional correlations with east-central Yukon",0,0,0,0,2,information,yukon-geological-survey,2011-04-04T03:04:36,2011-04-04T03:04:36,2011,2011
summary-of-the-kudz-ze-kayah-project-volcanic-hosted-massive-sulphide-deposit-yukon-territory,"Summary of the Kudz Ze Kayah Project, Volcanic Hosted Massive Sulphide Deposit, Yukon Territory",0,0,0,0,2,information,yukon-geological-survey,2011-04-04T03:04:36,2011-04-04T03:04:36,2011,2011
surficial-geology-and-till-geochemistry-of-weasel-lake-map-area-105g-13-east-central-yukon,"Surficial geology and till geochemistry of Weasel Lake map area (105G/13), east-central Yukon",0,0,0,0,2,information,yukon-geological-survey,2011-04-04T03:04:36,2011-04-04T03:04:36,2011,2011
reconnaissance-geology-of-northern-toobally-lake-95d-8-southeast-yukon,"Reconnaissance geology of northern Toobally Lake (95D/8), southeast Yukon",0,0,0,0,2,information,yukon-geological-survey,2011-04-04T03:04:36,2011-04-04T03:04:36,2011,2011
report-of-1982-field-work-on-early-tertiary-clastics-west-central-yukon,"Report of 1982 field work on Early Tertiary clastics, west-central Yukon",0,0,0,0,1,information,yukon-geological-survey,2011-04-04T03:04:36,2011-04-04T03:04:36,2011,2011
surficial-geology-of-robinson-nts-105d-7-yukon-1-50-000-scale,"Surficial Geology of Robinson (NTS 105D/7), Yukon (1:50 000 scale)",0,0,0,0,2,information,yukon-geological-survey,2011-04-04T03:04:36,2011-04-04T03:04:36,2011,2011
taiga-property-a-stratiform-ni-zn-pge-target-in-north-central-yukon,Taiga property: A stratiform Ni-Zn-PGE target in north-central Yukon,0,0,0,0,2,information,yukon-geological-survey,2011-04-04T03:04:36,2011-04-04T03:04:36,2011,2011
tectonic-significance-of-plutonism-in-the-thirtymile-range-southern-yukon,"Tectonic significance of plutonism in the Thirtymile Range, southern Yukon",0,0,0,0,2,information,yukon-geological-survey,2011-04-04T03:04:36,2011-04-04T03:04:36,2011,2011
textural-characteristics-of-the-venus-vein-and-implications-for-ore-shoot-distribution,Textural characteristics of the Venus vein and implications for ore shoot distribution,0,0,0,0,2,information,yukon-geological-survey,2011-04-04T03:04:36,2011-04-04T03:04:36,2011,2011
the-exotic-nature-of-the-last-peak-eclogite-in-the-teslin-zone-south-central-yukon-territory,"The exotic nature of the Last Peak eclogite in the Teslin zone, south-central Yukon Territory",0,0,0,0,2,information,yukon-geological-survey,2011-04-04T03:04:36,2011-04-04T03:04:36,2011,2011
the-fer-property-a-plutonic-related-gold-property-in-southeastern-yukon,The Fer property: A plutonic-related gold property in southeastern Yukon,0,0,0,0,2,information,yukon-geological-survey,2011-04-04T03:04:36,2011-04-04T03:04:36,2011,2011
the-fyre-lake-project-1997-geology-and-mineralization-of-the-kona-massive-sulphide-deposit,The Fyre Lake project 1997: Geology and mineralization of the Kona massive sulphide deposit,0,0,0,0,2,information,yukon-geological-survey,2011-04-04T03:04:36,2011-04-04T03:04:36,2011,2011
the-geology-of-the-rapid-creek-big-fish-river-phosphatic-iron-formation-northern-richardson-mou,"The geology of the Rapid Creek-Big Fish River phosphatic iron formation Northern Richardson Mountains, Yukon",0,0,0,0,1,information,yukon-geological-survey,2011-04-04T03:04:36,2011-04-04T03:04:36,2011,2011
the-glacial-history-and-placer-gold-potential-of-the-north-mcquesten-river-116a-1-dublin-gulch-,"The glacial history and placer gold potential of the north McQuesten River (116A/1), Dublin Gulch (106 D/4), and Keno Hill (105 M/14) map areas, Mayo Mining District, central Yukon",0,0,0,0,2,information,yukon-geological-survey,2011-04-04T03:04:36,2011-04-04T03:04:36,2011,2011
the-mcmillan-deposit-a-stratabound-lead-zinc-silver-deposit-in-sedimentary-rocks-of-upper-prote,"The McMillan Deposit - a stratabound lead-zinc-silver deposit in sedimentary rocks of Upper Proterozoic age, Yukon",0,0,0,0,1,information,yukon-geological-survey,2011-04-04T03:04:36,2011-04-04T03:04:36,2011,2011
the-origin-and-setting-of-anomalous-arc-magmatism-in-the-wrangell-volcanic-belt-southwest-yukon,"The Origin and Setting of Anomalous Arc Magmatism in the Wrangell Volcanic Belt, Southwest Yukon",0,0,0,0,2,information,yukon-geological-survey,2011-04-04T03:04:36,2011-04-04T03:04:36,2011,2011
the-pattison-creek-pluton-a-mineralized-casino-intrusion-made-bigger-with-gamma-rays,The Pattison Creek pluton - a mineralized Casino Intrusion made bigger with gamma rays,0,0,0,0,2,information,yukon-geological-survey,2011-04-04T03:04:36,2011-04-04T03:04:36,2011,2011
the-quaternary-history-and-till-geochemistry-of-the-anvil-district-east-central-yukon,"The Quaternary history and till geochemistry of the Anvil District, east-central Yukon",0,0,0,0,2,information,yukon-geological-survey,2011-04-04T03:04:36,2011-04-04T03:04:36,2011,2011
the-scheelite-dome-gold-project-central-yukon,"The Scheelite Dome gold project, central Yukon",0,0,0,0,2,information,yukon-geological-survey,2011-04-04T03:04:36,2011-04-04T03:04:36,2011,2011
wernecke-breccias-and-fe-cu-u-mineralization-quartet-mountain-igor-area-nts-106e,"Wernecke Breccias and Fe, Cu, U Mineralization: Quartet Mountain-Igor area (NTS 106E)",0,0,0,0,2,information,yukon-geological-survey,2011-04-04T03:04:36,2011-04-04T03:04:36,2011,2011
wolf-lake-project-revision-mapping-of-dorsey-terrane-assemblages-in-the-upper-swift-river-area-,"Wolf Lake project: Revision mapping of Dorsey Terrane assemblages in the upper Swift River area, southern Yukon and northern B.C.",0,0,0,0,2,information,yukon-geological-survey,2011-04-04T03:04:36,2011-04-04T03:04:36,2011,2011
upper-triassic-rocks-at-hill-4308-laberge-map-area-105e-yukon,"Upper Triassic rocks at Hill 4308, Laberge map area, 105E, Yukon",0,0,0,0,1,information,yukon-geological-survey,2011-04-04T03:04:36,2011-04-04T03:04:36,2011,2011
using-gis-as-a-method-of-identifying-controls-on-the-distribution-of-sediment-in-the-selwyn-mou,"Using GIS as a method of identifying controls on the distribution of sediment in the Selwyn Mountains, Yukon Territory",0,0,0,0,1,information,yukon-geological-survey,2011-04-04T03:04:36,2011-04-04T03:04:36,2011,2011
volcanic-hosted-epithermal-gold-sulphide-mineralization-and-associated-enrichment-processes-six,"Volcanic-hosted epithermal gold-sulphide mineralization and associated enrichment processes, Sixtymile River area, Yukon Territory, Canada",0,0,0,0,2,information,yukon-geological-survey,2011-04-04T03:04:36,2011-04-04T03:04:36,2011,2011
volcanogenic-iron-and-base-metal-occurrences-in-klondike-schist,Volcanogenic iron and base metal occurrences in Klondike Schist,0,0,0,0,1,information,yukon-geological-survey,2011-04-04T03:04:36,2011-04-04T03:04:36,2011,2011
the-wolf-property-1998-update-volcanogenic-massive-sulphides-hosted-by-rift-related-alkaline-fe,"The Wolf property - 1998 update: Volcanogenic massive sulphides hosted by rift-related, alkaline, felsic volcanic rocks, Pelly Mountains, Yukon",0,0,0,0,2,information,yukon-geological-survey,2011-04-04T03:04:36,2011-04-04T03:04:36,2011,2011
tin-and-tungsten-veins-and-skarns-in-the-mcquesten-river-area-central-yukon,"Tin and tungsten veins and skarns in the McQuesten River area, central Yukon",0,0,0,0,2,information,yukon-geological-survey,2011-04-04T03:04:36,2011-04-04T03:04:36,2011,2011
tin-bearing-skarns-of-the-thirtymile-range-nts-sheet-105-c-9-a-progress-report,"Tin-bearing skarns of the Thirtymile Range, NTS Sheet 105 C/9: A progress report",0,0,0,0,2,information,yukon-geological-survey,2011-04-04T03:04:36,2011-04-04T03:04:36,2011,2011
trace-ammonium-in-granites-of-the-southern-yukon-and-its-petrogenetic-significance,Trace ammonium in granites of the southern Yukon and its petrogenetic significance,0,0,0,0,2,information,yukon-geological-survey,2011-04-04T03:04:36,2011-04-04T03:04:36,2011,2011
ultrahigh-frequency-radio-echo-sounding-of-yukon-glaciers,Ultrahigh frequency radio echo sounding of Yukon glaciers,0,0,0,0,1,information,yukon-geological-survey,2011-04-04T03:04:36,2011-04-04T03:04:36,2011,2011
the-sedimentology-of-pleistocene-deposits-associated-with-placer-gold-bearing-gravels-in-the-li,"The sedimentology of Pleistocene deposits associated with placer gold bearing gravels in the Livingstone Creek area, Yukon Territory",0,0,0,0,2,information,yukon-geological-survey,2011-04-04T03:04:36,2011-04-04T03:04:36,2011,2011
the-setting-of-the-volcanogenic-massive-sulphide-deposits-in-the-finlayson-lake-district,The setting of the volcanogenic massive sulphide deposits in the Finlayson lake district,0,0,0,0,2,information,yukon-geological-survey,2011-04-04T03:04:36,2011-04-04T03:04:36,2011,2011
the-skukum-volcanic-complex-105-d-sw-geology-and-comparison-to-the-bennett-lake-cauldron-comple,"The Skukum Volcanic Complex, 105 D SW: Geology and comparison to the Bennett Lake Cauldron Complex",0,0,0,0,1,information,yukon-geological-survey,2011-04-04T03:04:36,2011-04-04T03:04:36,2011,2011
the-tectonic-setting-of-the-aishihik-batholith-sw-yukon,"The Tectonic Setting of the Aishihik Batholith, SW Yukon",0,0,0,0,2,information,yukon-geological-survey,2011-04-04T03:04:36,2011-04-04T03:04:36,2011,2011
yukon-mining-and-exploration-overview-1997,Yukon Mining and Exploration Overview 1997,0,0,0,0,2,information,yukon-geological-survey,2011-04-04T03:04:36,2011-04-04T03:04:36,2011,2011
yukon-tanana-terrane-in-southwestern-frances-lake-area-105h-3-4-and-5-southeastern-yukon,"Yukon-Tanana Terrane in southwestern Frances Lake area (105H/3, 4 and 5), southeastern Yukon",0,0,0,0,2,information,yukon-geological-survey,2011-04-04T03:04:36,2011-04-04T03:04:36,2011,2011
the-fyre-lake-deposit-a-new-copper-cobalt-gold-vms-discovery,The Fyre Lake Deposit: A New Copper-Cobalt-Gold VMS Discovery,0,0,0,0,2,information,yukon-geological-survey,2011-04-04T03:04:36,2011-04-04T03:04:36,2011,2011
surficial-geology-of-macrae-nts-105d-10-yukon-1-50-000-scale,"Surficial Geology of MacRae (NTS 105D/10), Yukon (1:50 000 scale)",0,0,0,0,2,information,yukon-geological-survey,2011-04-04T03:04:36,2011-04-04T03:04:36,2011,2011
the-harlan-property-a-new-sediment-hosted-gold-discovery-in-the-selwyn-basin-yukon,"The Harlan property: A new sediment-hosted gold discovery in the Selwyn Basin, Yukon",0,0,0,0,2,information,yukon-geological-survey,2011-04-04T03:04:36,2011-04-04T03:04:36,2011,2011
the-stewart-river-placer-project-west-central-yukon,"The Stewart River placer project, west-central Yukon",0,0,0,0,2,information,yukon-geological-survey,2011-04-04T03:04:36,2011-04-04T03:04:36,2011,2011
surficial-geology-of-fenwick-creek-nts-105d-3-yukon-1-50-000-scale,"Surficial Geology of Fenwick Creek (NTS 105D/3), Yukon (1:50 000 scale)",0,0,0,0,2,information,yukon-geological-survey,2011-04-04T03:04:36,2011-04-04T03:04:36,2011,2011
upper-paleozoic-strata-with-potential-for-massive-sulphide-mineralization-northwestern-lansing-,"Upper Paleozoic strata with potential for massive sulphide mineralization, northwestern Lansing map area (105 N), Yukon",0,0,0,0,2,information,yukon-geological-survey,2011-04-04T03:04:36,2011-04-04T03:04:36,2011,2011
the-magmatic-and-structural-setting-of-the-brewery-creek-gold-mine-central-yukon,"The magmatic and structural setting of the Brewery Creek gold mine, central Yukon",0,0,0,0,2,information,yukon-geological-survey,2011-04-04T03:04:36,2011-04-04T03:04:36,2011,2011
the-vangorda-deposit,The Vangorda deposit,0,0,0,0,2,information,yukon-geological-survey,2011-04-04T03:04:36,2011-04-04T03:04:36,2011,2011
surficial-geology-of-alligator-lake-nts-105d-6-yukon-1-50-000-scale,"Surficial Geology of Alligator Lake (NTS 105D/6), Yukon (1:50 000 scale)",0,0,0,0,2,information,yukon-geological-survey,2011-04-04T03:04:36,2011-04-04T03:04:36,2011,2011
wolverine-massive-sulfide-project-yukon,"Wolverine Massive Sulfide Project, Yukon",0,0,0,0,2,information,yukon-geological-survey,2011-04-04T03:04:36,2011-04-04T03:04:36,2011,2011
the-geology-of-placer-gold-deposits-in-the-indian-river-area-west-central-yukon,"The geology of placer gold deposits in the Indian River area, west-central Yukon",0,0,0,0,2,information,yukon-geological-survey,2011-04-04T03:04:36,2011-04-04T03:04:36,2011,2011
surficial-geology-and-sedimentology-of-garner-creek-ogilvie-and-matson-creek-map-areas-115-o-13,"Surficial geology and sedimentology of Garner Creek, Ogilvie and Matson Creek map areas (115 O/13, 115 O/12, 115 N/9 - east half)",0,0,0,1,4,information,yukon-geological-survey,2011-04-04T03:04:36,2011-04-04T03:04:36,2011,2011
stratigraphy-and-alteration-of-the-white-channel-gravel-at-dago-hill-a-progress-report-klondike,"Stratigraphy and alteration of the White Channel gravel at Dago Hill, a progress report, Klondike area, Yukon",0,0,0,0,2,information,yukon-geological-survey,2011-04-04T03:04:36,2011-04-04T03:04:36,2011,2011
thermal-maturation-and-hydrocarbon-source-rock-potential-of-tantalus-formation-coals-in-the-whi,"Thermal Maturation and Hydrocarbon Source Rock Potential of Tantalus Formation Coals in the Whitehorse Area, Yukon Territory",0,0,0,0,2,information,yukon-geological-survey,2011-04-04T03:04:36,2011-04-04T03:04:36,2011,2011
the-carmacks-hydrothermal-event-an-alteration-study-in-the-southern-dawson-range-yukon,"The Carmacks Hydrothermal Event: An Alteration Study in the Southern Dawson Range, Yukon",0,0,0,0,2,information,yukon-geological-survey,2011-04-04T03:04:36,2011-04-04T03:04:36,2011,2011
structural-evolution-and-controls-on-gold-mineralization-at-clear-creek-yukon,"Structural evolution and controls on gold mineralization at Clear Creek, Yukon",0,0,0,1,2,information,yukon-geological-survey,2011-04-04T03:04:36,2011-04-04T03:04:36,2011,2011
clastic-sediment-production-and-diagenesis-in-selected-western-north-american-caves-and-rockshe,Clastic sediment production and diagenesis in selected western North American caves and rockshelters,0,0,0,0,1,information,yukon-geological-survey,2011-04-04T03:04:35,2011-04-04T03:04:35,2011,2011
drift-prospecting-in-the-region-of-the-yukon-tanana-terrane-southern-yukon,"Drift prospecting in the region of the Yukon-Tanana Terrane, southern Yukon",0,0,0,0,2,information,yukon-geological-survey,2011-04-04T03:04:35,2011-04-04T03:04:35,2011,2011
magma-genesis-along-an-arc-transform-transition-zone,Magma genesis along an arc-transform transition zone,0,0,0,0,1,information,yukon-geological-survey,2011-04-04T03:04:35,2011-04-04T03:04:35,2011,2011
geology-and-metamorphic-conditions-in-rocks-of-the-cassiar-terrane-glenlyon-map-area-105l-1-sou,"Geology and metamorphic conditions in rocks of the Cassiar Terrane, Glenlyon map area (105L/1), south-central Yukon",0,0,0,0,2,information,yukon-geological-survey,2011-04-04T03:04:35,2011-04-04T03:04:35,2011,2011
interpretation-of-a-seismic-refraction-profile-from-the-richardson-mountains-yukon-territory,"Interpretation of a seismic refraction profile from the Richardson Mountains, Yukon Territory",0,0,0,0,1,information,yukon-geological-survey,2011-04-04T03:04:35,2011-04-04T03:04:35,2011,2011
geology-and-structural-setting-of-the-regal-ridge-emerald-property-finlayson-lake-district-sout,"Geology and structural setting of the Regal Ridge emerald property, Finlayson Lake district, southeastern Yukon",0,0,0,0,2,information,yukon-geological-survey,2011-04-04T03:04:35,2011-04-04T03:04:35,2011,2011
geology-and-u-pb-zircon-geochronology-of-upper-dorsey-assemblage-near-the-tbmb-claims-upper-swi,"Geology and U-Pb zircon geochronology of upper Dorsey assemblage near the TBMB claims, upper Swift River area, southern Yukon",0,0,0,0,2,information,yukon-geological-survey,2011-04-04T03:04:35,2011-04-04T03:04:35,2011,2011
natural-revegetation-of-placer-mine-tailings-near-mayo-central-yukon,"Natural revegetation of placer mine tailings near Mayo, central Yukon",0,0,0,0,2,information,yukon-geological-survey,2011-04-04T03:04:35,2011-04-04T03:04:35,2011,2011
nh4-geochemistry-near-sedimentary-exhalative-deposits-in-selwyn-basin-a-possible-exploration-to,NH4 geochemistry near sedimentary exhalative deposits in Selwyn Basin: A possible exploration tool,0,0,0,0,1,information,yukon-geological-survey,2011-04-04T03:04:35,2011-04-04T03:04:35,2011,2011
norm-ross-a-long-way-from-the-halfway,Norm Ross: A long way from the halfway,0,0,0,0,1,information,yukon-geological-survey,2011-04-04T03:04:35,2011-04-04T03:04:35,2011,2011
late-devonian-conodont-biostratigraphy-of-the-earn-group-with-age-constraints-for-stratiform-mi,"Late Devonian conodont biostratigraphy of the earn group with age constraints for stratiform mineral deposits, Selwyn and Kechika Basins, northern British Columbia and Yukon",0,0,0,0,1,information,yukon-geological-survey,2011-04-04T03:04:35,2011-04-04T03:04:35,2011,2011
late-wisconsinan-mcconnell-glaciation-of-the-whitehorse-map-area-105d-yukon,"Late Wisconsinan McConnell glaciation of the Whitehorse map area (105D), Yukon.",0,0,0,0,2,information,yukon-geological-survey,2011-04-04T03:04:35,2011-04-04T03:04:35,2011,2011
late-wisconsinan-mcconnell-ice-flow-and-sediment-distribution-patterns-in-the-pelly-mountains-y,"Late Wisconsinan McConnell ice-flow and sediment distribution patterns in the Pelly Mountains, Yukon",0,0,0,0,2,information,yukon-geological-survey,2011-04-04T03:04:35,2011-04-04T03:04:35,2011,2011
petrology-and-geochemistry-of-the-pattison-alaskite-pluton-yukon,"Petrology and geochemistry of the Pattison Alaskite Pluton, Yukon",0,0,0,0,1,information,yukon-geological-survey,2011-04-04T03:04:35,2011-04-04T03:04:35,2011,2011
petrology-and-geochemistry-of-tin-and-tungsten-mineralized-plutons-mcquesten-river-region-centr,"Petrology and geochemistry of tin and tungsten mineralized plutons, McQuesten River Region, Central Yukon",0,0,0,0,2,information,yukon-geological-survey,2011-04-04T03:04:35,2011-04-04T03:04:35,2011,2011
petrotectonic-study-of-the-teslin-suture-zone-yukon-a-progress-report,"Petrotectonic study of the Teslin suture zone, Yukon: A progress report",0,0,0,0,2,information,yukon-geological-survey,2011-04-04T03:04:35,2011-04-04T03:04:35,2011,2011
phosphorites-ironstones-and-secondary-phosphates-in-mid-cretaceous-flysch-of-the-blow-trough-no,"Phosphorites, ironstones, and secondary phosphates in Mid-Cretaceous flysch of the blow trough, northern Yukon",0,0,0,0,2,information,yukon-geological-survey,2011-04-04T03:04:35,2011-04-04T03:04:35,2011,2011
placer-deposit-grain-size-and-water-quality-sampling-program,Placer deposit grain size and water quality sampling program,0,0,0,0,2,information,yukon-geological-survey,2011-04-04T03:04:35,2011-04-04T03:04:35,2011,2011
placer-deposits-of-clear-creek-drainage-basin-115-p-central-yukon,"Placer deposits of Clear Creek drainage basin 115 P, central Yukon",0,0,0,0,1,information,yukon-geological-survey,2011-04-04T03:04:35,2011-04-04T03:04:35,2011,2011
placer-deposits-of-the-yukon-overview-and-potential-for-new-discoveries,Placer deposits of the Yukon: overview and potential for new discoveries,0,0,0,0,1,information,yukon-geological-survey,2011-04-04T03:04:35,2011-04-04T03:04:35,2011,2011
placer-deposits-their-formation-evaluation-and-exploitation-yukon,"Placer deposits: Their formation, evaluation, and exploitation, Yukon",0,0,0,0,1,information,yukon-geological-survey,2011-04-04T03:04:35,2011-04-04T03:04:35,2011,2011
placer-gold-and-associated-heavy-minerals-of-the-clear-creek-drainage-central-yukon-past-to-pre,"Placer gold and associated heavy minerals of the Clear Creek drainage, central Yukon: Past to present",0,0,0,0,2,information,yukon-geological-survey,2011-04-04T03:04:35,2011-04-04T03:04:35,2011,2011
placer-gravels-of-miller-creek-sixtymile-river-area-116-bc,"Placer gravels of Miller Creek, Sixtymile River area, 116 B,C",0,0,0,0,2,information,yukon-geological-survey,2011-04-04T03:04:35,2011-04-04T03:04:35,2011,2011
on-the-geology-of-the-tertiary-wrangell-lavas-in-the-st-clare-province-st-elias-mountains-yukon,"On the geology of the Tertiary Wrangell lavas in the St. Clare province, St. Elias Mountains, Yukon",0,0,0,0,2,information,yukon-geological-survey,2011-04-04T03:04:35,2011-04-04T03:04:35,2011,2011
ore-mineralogy-and-formation-conditions-of-vein-and-replacement-type-pb-zn-ag-occurrences-logan,"Ore mineralogy and formation conditions of vein and replacement-type Pb-Zn-Ag occurrences, Logan and YP properties, Rancheria District, Yukon, Canada",0,0,0,0,2,information,yukon-geological-survey,2011-04-04T03:04:35,2011-04-04T03:04:35,2011,2011
origin-of-gold-in-the-white-channel-sediments-of-the-klondike-region-yukon-territory,"Origin of gold in the White Channel sediments of the Klondike region, Yukon Territory",0,0,0,0,1,information,yukon-geological-survey,2011-04-04T03:04:35,2011-04-04T03:04:35,2011,2011
origin-of-the-clinton-creek-asbestos-deposit,Origin of the Clinton Creek Asbestos Deposit,0,0,0,0,1,information,yukon-geological-survey,2011-04-04T03:04:35,2011-04-04T03:04:35,2011,2011
overview-of-yukon-placer-geology-gold-production-and-prospects,"Overview of Yukon placer geology, gold production and prospects",0,0,0,0,1,information,yukon-geological-survey,2011-04-04T03:04:35,2011-04-04T03:04:35,2011,2011
paleomagnetic-study-of-the-late-cretaceous-seymour-creek-stock-yukon-minimal-geotectonic-motion,"Paleomagnetic study of the Late Cretaceous Seymour Creek stock, Yukon: Minimal geotectonic motion of the Yukon-Tanana Terrane",0,0,0,0,2,information,yukon-geological-survey,2011-04-04T03:04:35,2011-04-04T03:04:35,2011,2011
permo-triassic-isotopic-dates-for-blueschist-ross-river-area-yukon,"Permo-Triassic Isotopic Dates for Blueschist, Ross River Area, Yukon",0,0,0,0,2,information,yukon-geological-survey,2011-04-04T03:04:35,2011-04-04T03:04:35,2011,2011
post-glacial-vegetation-history-of-the-aishihik-basin-and-its-vicinity-southwest-yukon-territor,"Post-glacial vegetation history of the Aishihik Basin and its vicinity, southwest Yukon Territory, Canada; a palynological perspective",0,0,0,0,1,information,yukon-geological-survey,2011-04-04T03:04:35,2011-04-04T03:04:35,2011,2011
new-paleontological-investigations-of-upper-triassic-shallow-water-reef-carbonates-lewes-river-,"New paleontological investigations of upper Triassic shallow-water reef carbonates (Lewes River Group) in the Whitehorse area, Yukon",0,0,0,0,2,information,yukon-geological-survey,2011-04-04T03:04:35,2011-04-04T03:04:35,2011,2011
rock-river-basin-nts-95d-11-and-14,Rock River Basin (NTS 95D/11 and 14),0,0,0,0,1,information,yukon-geological-survey,2011-04-04T03:04:35,2011-04-04T03:04:35,2011,2011
sedimentology-and-stratigraphy-of-duncan-creek-placer-deposits-mayo-central-yukon,"Sedimentology and stratigraphy of Duncan Creek placer deposits, Mayo, central Yukon",0,0,0,0,1,information,yukon-geological-survey,2011-04-04T03:04:35,2011-04-04T03:04:35,2011,2011
sedimentology-of-a-high-level-terrace-placer-gold-deposit-klondike-valley-yukon,"Sedimentology of a high level terrace placer gold deposit, Klondike Valley, Yukon",0,0,0,0,1,information,yukon-geological-survey,2011-04-04T03:04:35,2011-04-04T03:04:35,2011,2011
selected-excerpts-from-placer-gold-recovery-research,Selected excerpts from placer gold recovery research,0,0,0,0,1,information,yukon-geological-survey,2011-04-04T03:04:35,2011-04-04T03:04:35,2011,2011
silver-bearing-veins-and-replacement-deposits-of-the-rancheria-district,Silver-bearing veins and replacement deposits of the Rancheria District,0,0,0,0,1,information,yukon-geological-survey,2011-04-04T03:04:35,2011-04-04T03:04:35,2011,2011
silver-lead-zinc-deposits-of-the-keno-hill-galena-hill-area-central-yukon,"Silver-lead-zinc deposits of the Keno Hill-Galena Hill area, central Yukon",0,0,0,0,2,information,yukon-geological-survey,2011-04-04T03:04:35,2011-04-04T03:04:35,2011,2011
so-you-want-to-go-mining-in-the-yukon-eh,"So you want to go mining in the Yukon, eh?",0,0,0,0,1,information,yukon-geological-survey,2011-04-04T03:04:35,2011-04-04T03:04:35,2011,2011
regional-mineral-resource-assessment-of-cassiar-terrane-and-eastern-yukon-tanana-terrane,Regional mineral resource assessment of Cassiar Terrane and eastern Yukon-Tanana Terrane,0,0,0,0,2,information,yukon-geological-survey,2011-04-04T03:04:35,2011-04-04T03:04:35,2011,2011
regional-stream-sediment-and-water-geochemical-data-eastern-yukon-and-western-northwest-territo,"Regional stream sediment and water geochemical data, Eastern Yukon and Western Northwest Territories (NTS 105I)",0,0,0,0,2,information,yukon-geological-survey,2011-04-04T03:04:35,2011-04-04T03:04:35,2011,2011
preliminary-geology-of-rose-mountain-anvil-district-central-yukon-105-k-5,"Preliminary geology of Rose Mountain, Anvil District, central Yukon (105 K/5)",0,0,0,0,2,information,yukon-geological-survey,2011-04-04T03:04:35,2011-04-04T03:04:35,2011,2011
preliminary-geology-of-the-pool-creek-map-area-95c-5-southeastern-yukon,"Preliminary geology of the Pool Creek map area (95C/5), southeastern Yukon",0,0,0,0,2,information,yukon-geological-survey,2011-04-04T03:04:35,2011-04-04T03:04:35,2011,2011
preliminary-geology-of-the-southeastern-part-of-ddhaw-ghro-special-management-area,Preliminary geology of the southeastern part of Ddhaw Ghro Special Management Area,0,0,0,0,2,information,yukon-geological-survey,2011-04-04T03:04:35,2011-04-04T03:04:35,2011,2011
preliminary-investigation-of-the-bedrock-geology-of-the-livingstone-creek-area-nts-105e-8-south,"Preliminary investigation of the bedrock geology of the Livingstone Creek area (NTS 105E/8), south-central Yukon",0,0,0,0,2,information,yukon-geological-survey,2011-04-04T03:04:35,2011-04-04T03:04:35,2011,2011
preliminary-observations-on-the-geology-and-geochemistry-of-quartz-veins-in-the-klondike-distri,"Preliminary observations on the geology and geochemistry of quartz veins in the Klondike District, west-central Yukon",0,0,0,0,2,information,yukon-geological-survey,2011-04-04T03:04:35,2011-04-04T03:04:35,2011,2011
preliminary-results-from-water-sampling-in-the-pelly-cassiar-platform-volcanic-belt-southeaster,"Preliminary results from water sampling in the Pelly-Cassiar Platform volcanic belt, southeastern Yukon",0,0,0,0,2,information,yukon-geological-survey,2011-04-04T03:04:35,2011-04-04T03:04:35,2011,2011
preliminary-stratigraphy-and-distribution-of-devono-mississippian-massive-sulphide-bearing-volc,"Preliminary stratigraphy and distribution of Devono-Mississippian massive sulphide-bearing volcanic rocks in the Mount Vermilion (Wolf) area, Pelly Mountains (105 G/5 and G/6), southeast Yukon",0,0,0,0,2,information,yukon-geological-survey,2011-04-04T03:04:35,2011-04-04T03:04:35,2011,2011
preliminary-structural-and-kinematic-analysis-of-mylonitic-rocks-of-the-teslin-suture-zone-105-,"Preliminary structural and kinematic analysis of mylonitic rocks of the Teslin suture zone, 105 E, Yukon",0,0,0,0,2,information,yukon-geological-survey,2011-04-04T03:04:35,2011-04-04T03:04:35,2011,2011
proterozoic-and-early-paleozoic-volcanism-in-the-ogilvie-mountains-an-example-from-mount-harper,"Proterozoic and Early Paleozoic volcanism in the Ogilvie Mountains: An example from Mount Harper, west-central Yukon",0,0,0,0,1,information,yukon-geological-survey,2011-04-04T03:04:35,2011-04-04T03:04:35,2011,2011
quaternary-history-of-mcquesten-map-area-central-yukon,"Quaternary history of McQuesten map area, central Yukon",0,0,0,0,2,information,yukon-geological-survey,2011-04-04T03:04:35,2011-04-04T03:04:35,2011,2011
quaternary-structural-and-engineering-geology-of-the-aishihik-river-landslide-cracker-creek-are,"Quaternary, structural and engineering geology of the Aishihik River landslide, Cracker Creek area (NTS 115A/15), Yukon",0,0,0,0,2,information,yukon-geological-survey,2011-04-04T03:04:35,2011-04-04T03:04:35,2011,2011
raca-property-fawley-south-yukon,"Raca property (Fawley), south Yukon",0,0,0,0,2,information,yukon-geological-survey,2011-04-04T03:04:35,2011-04-04T03:04:35,2011,2011
rare-earth-elements-in-the-guano-guayes-skarn-property-pelly-mountains-yukon-territory,"Rare earth elements in the Guano-Guayes skarn property Pelly Mountains, Yukon Territory",0,0,0,0,1,information,yukon-geological-survey,2011-04-04T03:04:35,2011-04-04T03:04:35,2011,2011
tectonic-analysis-of-the-nisling-northern-stikine-and-northern-cache-creek-terranes-yukon-and-b,"Tectonic analysis of the Nisling, northern Stikine and northern Cache Creek terranes, Yukon and British Columbia",0,0,0,0,1,information,yukon-geological-survey,2011-04-04T03:04:35,2011-04-04T03:04:35,2011,2011
soil-geochemistry-above-deeply-weathered-porphyry-deposits-in-unglaciated-terrain-dawson-range-,"Soil Geochemistry above Deeply Weathered Porphyry Deposits in Unglaciated Terrain, Dawson Range, Central Yukon",0,0,0,0,2,information,yukon-geological-survey,2011-04-04T03:04:35,2011-04-04T03:04:35,2011,2011
revised-stratigraphy-and-new-exploration-targets-in-the-hart-river-region-nts116a-10-116a-11-so,"Revised stratigraphy and new exploration targets in the Hart River region (NTS116A/10, 116A/11), southeastern Ogilvie Mountains",0,0,0,0,2,information,yukon-geological-survey,2011-04-04T03:04:35,2011-04-04T03:04:35,2011,2011
reed-creek-property-southwestern-yukon,"Reed Creek property, southwestern Yukon",0,0,0,0,2,information,yukon-geological-survey,2011-04-04T03:04:35,2011-04-04T03:04:35,2011,2011
preliminary-geology-of-the-northeast-third-of-grass-lakes-map-area-105g-7-pelly-mountains-south,"Preliminary Geology of the Northeast Third of Grass Lakes Map Area (105G/7), Pelly Mountains, southeastern Yukon",0,0,0,0,2,information,yukon-geological-survey,2011-04-04T03:04:35,2011-04-04T03:04:35,2011,2011
preliminary-geology-north-of-mount-mye-anvil-district-105k-6-105k-7-central-yukon,"Preliminary geology north of Mount Mye, Anvil District (105K/6, 105K/7), central Yukon",0,0,0,0,2,information,yukon-geological-survey,2011-04-04T03:04:35,2011-04-04T03:04:35,2011,2011
post-mining-hydrogeochemical-conditions-brewery-creek-gold-deposit-central-yukon,"Post-mining hydrogeochemical conditions, Brewery Creek gold deposit, central Yukon",0,0,0,0,2,information,yukon-geological-survey,2011-04-04T03:04:35,2011-04-04T03:04:35,2011,2011
preliminary-geology-of-the-thirty-seven-mile-creek-map-sheet-105-d-13,Preliminary geology of the Thirty-Seven Mile Creek map sheet (105 D/13),0,0,0,0,2,information,yukon-geological-survey,2011-04-04T03:04:35,2011-04-04T03:04:35,2011,2011
paleomagnetic-study-of-the-mid-cretaceous-mount-mcintyre-pluton-whitehorse-map-area-105d-southe,"Paleomagnetic Study of the mid-Cretaceous Mount McIntyre pluton, Whitehorse map area (105D), southern Yukon Territory",0,0,0,0,2,information,yukon-geological-survey,2011-04-04T03:04:35,2011-04-04T03:04:35,2011,2011
placer-depositional-settings-and-their-ages-along-dominion-creek-klondike-area-yukon,"Placer depositional settings and their ages along Dominion Creek, Klondike area, Yukon",0,0,0,0,2,information,yukon-geological-survey,2011-04-04T03:04:35,2011-04-04T03:04:35,2011,2011
placer-geology-of-black-hills-creek-parts-of-115-o-7-and-10,Placer geology of Black Hills Creek (Parts of 115 O/7 and 10),0,0,0,0,2,information,yukon-geological-survey,2011-04-04T03:04:35,2011-04-04T03:04:35,2011,2011
nature-of-the-robert-service-thrust-on-fork-plateau-and-implications-for-mineral-exploration-ma,"Nature of the Robert Service Thrust on Fork Plateau and implications for mineral exploration, Mayo map area",0,0,0,0,2,information,yukon-geological-survey,2011-04-04T03:04:35,2011-04-04T03:04:35,2011,2011
mt-hundere-deposit-southeastern-yukon,"Mt. Hundere deposit, southeastern Yukon",0,0,0,0,2,information,yukon-geological-survey,2011-04-04T03:04:35,2011-04-04T03:04:35,2011,2011
munson-property-south-yukon,"Munson property, south Yukon",0,0,0,0,2,information,yukon-geological-survey,2011-04-04T03:04:35,2011-04-04T03:04:35,2011,2011
age-of-the-gold-bearing-white-channel-gravel-klondike-district-yukon,"Age of the gold-bearing White Channel Gravel, Klondike district, Yukon",0,0,0,0,2,information,yukon-geological-survey,2011-04-04T03:04:34,2011-04-04T03:04:34,2011,2011
character-and-metallogeny-of-permian-jurassic-and-cretaceous-plutons-in-the-southern-yukon-tana,"Character and metallogeny of Permian, Jurassic and Cretaceous plutons in the southern Yukon-Tanana Terrane",0,0,0,0,2,information,yukon-geological-survey,2011-04-04T03:04:34,2011-04-04T03:04:34,2011,2011
glaciation-gravel-and-gold-in-the-fifty-mile-creek-area-west-central-yukon,"Glaciation, gravel and gold in the Fifty Mile Creek area, west-central Yukon",0,0,0,0,2,information,yukon-geological-survey,2011-04-04T03:04:34,2011-04-04T03:04:34,2011,2011
glass-fission-track-ages-of-late-cenozoic-distal-tephra-beds-in-the-klondike-district-yukon-ter,"Glass-fission-track ages of Late Cenozoic distal tephra beds in the Klondike district, Yukon Territory",0,0,0,0,2,information,yukon-geological-survey,2011-04-04T03:04:34,2011-04-04T03:04:34,2011,2011
goddell-property-south-yukon,"Goddell property, south Yukon",0,0,0,0,2,information,yukon-geological-survey,2011-04-04T03:04:34,2011-04-04T03:04:34,2011,2011
gold-and-silver-lead-deposits-of-the-ketza-river-district-yukon-preliminary-results-of-field-wo,"Gold and Silver, Lead Deposits of the Ketza River District, Yukon: Preliminary Results of Field Work",0,0,0,0,2,information,yukon-geological-survey,2011-04-04T03:04:34,2011-04-04T03:04:34,2011,2011
gold-and-sulphide-mineralization-in-the-hunker-creek-area-yukon-territory-canada,"Gold and sulphide mineralization in the Hunker Creek area, Yukon Territory, Canada",0,0,0,0,2,information,yukon-geological-survey,2011-04-04T03:04:34,2011-04-04T03:04:34,2011,2011
gold-in-skarns-of-the-whitehorse-copper-belt-southern-yukon,Gold in skarns of the Whitehorse Copper Belt southern Yukon,0,0,0,0,2,information,yukon-geological-survey,2011-04-04T03:04:34,2011-04-04T03:04:34,2011,2011
gold-sulphide-enrichment-processes-in-mesothermal-veins-of-the-sixtymile-river-area-yukon-terri,"Gold-sulphide enrichment processes in mesothermal veins of the Sixtymile River area, Yukon Territory, Canada",0,0,0,0,2,information,yukon-geological-survey,2011-04-04T03:04:34,2011-04-04T03:04:34,2011,2011
gold-sulphide-quartz-veins-in-metamorphic-rocks-as-a-possible-source-for-placer-gold-in-the-liv,"Gold-sulphide quartz veins in metamorphic rocks as a possible source for placer gold in the Livingstone Creek area, Yukon Territory, Canada",0,0,0,0,2,information,yukon-geological-survey,2011-04-04T03:04:34,2011-04-04T03:04:34,2011,2011
grew-creek-epithermal-gold-silver-deposit-tintina-trench-yukon-105-k-2,"Grew Creek epithermal gold-silver deposit, Tintina Trench, Yukon, 105 K/2",0,0,0,0,2,information,yukon-geological-survey,2011-04-04T03:04:34,2011-04-04T03:04:34,2011,2011
ground-penetrating-radar-investigation-of-the-upper-yukon-river-valley-between-white-river-yuko,"Ground penetrating radar investigation of the upper Yukon River valley between White River, Yukon and Eagle, Alaska",0,0,0,0,2,information,yukon-geological-survey,2011-04-04T03:04:34,2011-04-04T03:04:34,2011,2011
metal-ratio-zonation-in-the-keno-hill-district-central-yukon,"Metal-ratio zonation in the Keno Hill district, central Yukon",0,0,0,0,2,information,yukon-geological-survey,2011-04-04T03:04:34,2011-04-04T03:04:34,2011,2011
microearthquake-seismicity-on-the-duke-river-denali-fault-system,"Microearthquake Seismicity on the Duke River, Denali Fault System",0,0,0,0,2,information,yukon-geological-survey,2011-04-04T03:04:34,2011-04-04T03:04:34,2011,2011
mineral-zoning-in-the-keno-hill-silver-lead-zinc-mining-district-yukon,"Mineral zoning in the Keno Hill silver-lead-zinc mining district, Yukon",0,0,0,0,2,information,yukon-geological-survey,2011-04-04T03:04:34,2011-04-04T03:04:34,2011,2011
minor-elements-in-sphalerite-from-carbonate-hosted-zinc-lead-deposits-yukon-territory-and-adjac,"Minor elements in sphalerite from carbonate-hosted zinc-lead deposits, Yukon Territory and adjacent District of Mackenzie, Northwest Territories",0,0,0,0,2,information,yukon-geological-survey,2011-04-04T03:04:34,2011-04-04T03:04:34,2011,2011
geologic-setting-genesis-and-potential-of-the-rusty-springs-ag-pb-zn-cu-property-northern-yukon,"Geologic setting, genesis, and potential of the Rusty Springs Ag-Pb-Zn-Cu property, northern Yukon (NTS 116 K/8 and K/9)",0,0,0,0,2,information,yukon-geological-survey,2011-04-04T03:04:34,2011-04-04T03:04:34,2011,2011
high-level-terraces-along-parts-of-yukon-river-and-sixtymile-river-115-n-9-east-half-115-o-5-an,"High Level Terraces Along Parts of Yukon River and Sixtymile River (115 N/9 East Half, 115 O/5, and 115 O/12), Yukon",0,0,0,0,2,information,yukon-geological-survey,2011-04-04T03:04:34,2011-04-04T03:04:34,2011,2011
intrusive-breccia-hosted-gold-mineralization-associated-with-ca-92-ma-tombstone-plutonic-suite-,"Intrusive-breccia-hosted gold mineralization associated with ca. 92 Ma Tombstone Plutonic Suite magmatism: An example from the Bear Paw breccia zone, Clear Creek, Tintina gold belt, Yukon",0,0,0,0,2,information,yukon-geological-survey,2011-04-04T03:04:34,2011-04-04T03:04:34,2011,2011
geology-and-mineral-occurrences-of-the-quartet-lakes-map-area-nts-106e-1-wernecke-and-mackenzie,"Geology and mineral occurrences of the Quartet Lakes map area (NTS 106E/1), Wernecke and Mackenzie mountains, Yukon",0,0,0,0,2,information,yukon-geological-survey,2011-04-04T03:04:34,2011-04-04T03:04:34,2011,2011
geology-of-joe-mountain-map-area-southern-yukon-territory-1-50000-scale-map-105d-15,"Geology of Joe Mountain map area, southern Yukon Territory, 1:50,000-scale map (105D/15)",0,0,0,0,2,information,yukon-geological-survey,2011-04-04T03:04:34,2011-04-04T03:04:34,2011,2011
geology-of-pyrite-sphalerite-galena-concentrations-in-proterozoic-quartzite-at-quartz-lake-sout,"Geology of pyrite-sphalerite-galena concentrations in Proterozoic quartzite at Quartz Lake, southeastern Yukon",0,0,0,0,1,information,yukon-geological-survey,2011-04-04T03:04:34,2011-04-04T03:04:34,2011,2011
geology-of-seagull-tin-district,Geology of Seagull Tin District,0,0,0,0,1,information,yukon-geological-survey,2011-04-04T03:04:34,2011-04-04T03:04:34,2011,2011
geology-of-the-division-mountain-coal-deposit-of-cash-resources-ltd,Geology of the Division Mountain Coal Deposit of Cash Resources Ltd.,0,0,0,0,2,information,yukon-geological-survey,2011-04-04T03:04:34,2011-04-04T03:04:34,2011,2011
model-of-mineralization-related-to-cauldron-facies-syenite-in-the-pelly-mountains,Model of mineralization related to cauldron facies syenite in the Pelly Mountains,0,0,0,0,2,information,yukon-geological-survey,2011-04-04T03:04:34,2011-04-04T03:04:34,2011,2011
geology-of-the-plata-inca-gold-silver-veins-yukon,"Geology of the Plata-Inca gold-silver veins, Yukon",0,0,0,0,2,information,yukon-geological-survey,2011-04-04T03:04:34,2011-04-04T03:04:34,2011,2011
geology-of-the-south-zone-deposits-jason-property-macmillan-pass-area-yukon,"Geology of the south zone deposits, Jason property, Macmillan Pass area, Yukon",0,0,0,0,1,information,yukon-geological-survey,2011-04-04T03:04:34,2011-04-04T03:04:34,2011,2011
geology-of-the-whitehorse-coal-deposit,Geology of the Whitehorse Coal Deposit,0,0,0,0,2,information,yukon-geological-survey,2011-04-04T03:04:34,2011-04-04T03:04:34,2011,2011
geology-of-the-epd-stanniferous-breccia-deposit-mcquesten-area-115-p-yukon,"Geology of the EPD Stanniferous Breccia Deposit, McQuesten Area, 115 P, Yukon",0,0,0,0,1,information,yukon-geological-survey,2011-04-04T03:04:34,2011-04-04T03:04:34,2011,2011
geology-of-the-flex-gold-silver-vein-system-mount-nansen-area-yukon,"Geology of the Flex gold-silver vein system, Mount Nansen area, Yukon",0,0,0,0,2,information,yukon-geological-survey,2011-04-04T03:04:34,2011-04-04T03:04:34,2011,2011
isotopic-age-determinations-of-some-metamorphic-and-igneous-rocks-from-clinton-creek-area-yukon,"Isotopic age determinations of some metamorphic and igneous rocks from Clinton Creek area, Yukon",0,0,0,0,2,information,yukon-geological-survey,2011-04-04T03:04:34,2011-04-04T03:04:34,2011,2011
jurassic-plate-motions-of-the-stikine-terrane-southern-yukon-a-paleomagnetic-and-geothermometri,"Jurassic plate motions of the Stikine Terrane, southern Yukon: A paleomagnetic and geothermometric study of the Teslin Crossing Pluton (105E/7)",0,0,0,0,2,information,yukon-geological-survey,2011-04-04T03:04:34,2011-04-04T03:04:34,2011,2011
lead-isotope-signatures-of-tintina-gold-province-intrusions-and-associated-mineral-deposits-fro,Lead isotope signatures of Tintina Gold Province intrusions and associated mineral deposits from southeastern Yukon and southwestern Northwest Territories: Implications for exploration in the southeastern Tintina Gold Province,0,0,0,0,2,information,yukon-geological-survey,2011-04-04T03:04:34,2011-04-04T03:04:34,2011,2011
lithogeochemistry-of-meta-volcanic-rocks-from-yukon-tanana-terrane-finlayson-lake-region-yukon-,"Lithogeochemistry of meta-volcanic rocks from Yukon-Tanana Terrane, Finlayson lake region, Yukon: Preliminary results",0,0,0,0,2,information,yukon-geological-survey,2011-04-04T03:04:34,2011-04-04T03:04:34,2011,2011
provisional-rb-sr-dates-cash-porphyry-copper-molybdenum-property-yukon-territory,"Provisional Rb/Sr dates: Cash porphyry copper molybdenum property, Yukon Territory",0,0,0,0,2,information,yukon-geological-survey,2011-04-04T03:04:34,2011-04-04T03:04:34,2011,2011
quaternary-geology-of-glenlyon-map-area-105l-yukon-territory,"Quaternary geology of Glenlyon map area (105L), Yukon Territory",0,0,0,0,1,information,yukon-geological-survey,2011-04-04T03:04:34,2011-04-04T03:04:34,2011,2011
tectonometamorphic-evolution-of-the-kluane-metamorphic-assemblage-southwest-yukon-evidence-for-,"Tectonometamorphic evolution of the Kluane metamorphic assemblage, southwest Yukon: evidence for Late Cretaceous eastward subduction of oceanic crust underneath North America",0,0,0,0,2,information,yukon-geological-survey,2011-04-04T03:04:34,2011-04-04T03:04:34,2011,2011
the-goz-creek-zinc-deposit-yukon-territory,"The Goz Creek zinc deposit, Yukon Territory",0,0,0,0,2,information,yukon-geological-survey,2011-04-04T03:04:34,2011-04-04T03:04:34,2011,2011
the-nature-of-gold-an-environmental-history-of-the-alaska-yukon-gold-rush,The nature of gold: an environmental history of the Alaska/Yukon Gold Rush,0,0,0,0,1,information,yukon-geological-survey,2011-04-04T03:04:34,2011-04-04T03:04:34,2011,2011
uranium-copper-mineralization-and-associated-breccia-bodies-in-the-wind-bonnet-plume-river-area,"Uranium-copper mineralization and associated breccia bodies in the Wind-Bonnet Plume River area, Yukon",0,0,0,0,2,information,yukon-geological-survey,2011-04-04T03:04:34,2011-04-04T03:04:34,2011,2011
yukon-mining-development-and-exploration-overview-2005,"Yukon Mining, Development & Exploration Overview 2005",0,0,0,0,2,information,yukon-geological-survey,2011-04-04T03:04:34,2011-04-04T03:04:34,2011,2011
flood-basalts-of-the-wrangellia-terrane-southwest-yukon-implications-for-the-formation-of-ocean,"Flood basalts of the Wrangellia Terrane, southwest Yukon: Implications for the formation of oceanic plateaus, continental crust and Ni-Cu-PGE mineralization",0,0,0,0,2,information,yukon-geological-survey,2011-04-04T03:04:34,2011-04-04T03:04:34,2011,2011
mel-property-southeastern-yukon,"Mel property, southeastern Yukon",0,0,0,0,2,information,yukon-geological-survey,2011-04-04T03:04:34,2011-04-04T03:04:34,2011,2011
mcmillan-property-southeastern-yukon,"McMillan property, southeastern Yukon",0,0,0,0,2,information,yukon-geological-survey,2011-04-04T03:04:34,2011-04-04T03:04:34,2011,2011
lone-star-property-west-central-yukon,"Lone Star property, west-central Yukon",0,0,0,0,2,information,yukon-geological-survey,2011-04-04T03:04:34,2011-04-04T03:04:34,2011,2011
logan-property-southeastern-yukon,"Logan property, southeastern Yukon",0,0,0,0,2,information,yukon-geological-survey,2011-04-04T03:04:34,2011-04-04T03:04:34,2011,2011
massive-sulphide-deposits-in-the-yukon-tanana-and-adjacent-terranes,Massive Sulphide Deposits in the Yukon-Tanana and Adjacent Terranes,0,0,0,0,2,information,yukon-geological-survey,2011-04-04T03:04:34,2011-04-04T03:04:34,2011,2011
matt-berry-property-southeastern-yukon,"Matt Berry property, southeastern Yukon",0,0,0,0,2,information,yukon-geological-survey,2011-04-04T03:04:34,2011-04-04T03:04:34,2011,2011
mount-byng-property-south-yukon,"Mount Byng property, south Yukon",0,0,0,0,2,information,yukon-geological-survey,2011-04-04T03:04:34,2011-04-04T03:04:34,2011,2011
marg-property-central-yukon,"Marg property, central Yukon",0,0,0,0,2,information,yukon-geological-survey,2011-04-04T03:04:34,2011-04-04T03:04:34,2011,2011
mamu-bravo-kulan-claims-a-vhms-exploration-target-based-on-geochmical-and-geophysical-anomal-10,"Mamu-Bravo-Kulan claims: A VHMS exploration target based on geochmical and geophysical anomalies in Mississippian volcanics within Cassiar Platform, NTS 105-F/7, 8, 9, & 10",0,0,0,0,2,information,yukon-geological-survey,2011-04-04T03:04:34,2011-04-04T03:04:34,2011,2011
local-scale-biophysical-mapping-for-integrated-resource-management-watson-lake-nts-105a-2-yukon,"Local Scale Biophysical Mapping for Integrated Resource Management, Watson Lake (NTS 105A/2), Yukon",0,0,0,0,3,information,yukon-geological-survey,2011-04-04T03:04:34,2011-04-04T03:04:34,2011,2011
high-level-terraces-along-lower-stewart-river-and-parts-of-yukon-river,High level terraces along Lower Stewart River and parts of Yukon River,0,0,0,0,2,information,yukon-geological-survey,2011-04-04T03:04:34,2011-04-04T03:04:34,2011,2011
interlayered-sedimentary-volcanic-sequence-mt-skukum-volcanic-complex,"Interlayered sedimentary-volcanic sequence, Mt. Skukum volcanic complex",0,0,0,0,2,information,yukon-geological-survey,2011-04-04T03:04:34,2011-04-04T03:04:34,2011,2011
hyland-gold-property-southeastern-yukon,"Hyland Gold property, southeastern Yukon",0,0,0,0,2,information,yukon-geological-survey,2011-04-04T03:04:34,2011-04-04T03:04:34,2011,2011
king-arctic-property-southeastern-yukon,"King Arctic property, southeastern Yukon",0,0,0,0,2,information,yukon-geological-survey,2011-04-04T03:04:34,2011-04-04T03:04:34,2011,2011
geology-of-the-joe-mountain-map-area-105d-15-southern-yukon-territory,"Geology of the Joe Mountain Map Area (105D/15), Southern Yukon Territory",0,0,0,0,2,information,yukon-geological-survey,2011-04-04T03:04:34,2011-04-04T03:04:34,2011,2011
goulter-property-central-yukon,"Goulter Property, central Yukon",0,0,0,0,2,information,yukon-geological-survey,2011-04-04T03:04:34,2011-04-04T03:04:34,2011,2011
geology-of-the-wolverine-polymetallic-volcanic-hosted-massive-sulphide-deposit-finlayson-lake-d,"Geology of the Wolverine polymetallic volcanic-hosted massive sulphide deposit, Finlayson Lake district, Yukon Territory, Canada",0,0,0,1,2,information,yukon-geological-survey,2011-04-04T03:04:34,2011-04-04T03:04:34,2011,2011
preliminary-geology-of-the-quill-creek-map-area-southwest-yukon-parts-of-nts-115g-5-6-and-12,"Preliminary geology of the Quill Creek map area, southwest Yukon parts of NTS 115G/5, 6 and 12",0,0,0,0,2,information,yukon-geological-survey,2011-04-04T03:04:34,2011-04-04T03:04:34,2011,2011
granitic-rocks-and-associated-mineral-deposits-of-the-whitehorse-map-area-yukon-territory,"Granitic rocks and associated mineral deposits of the Whitehorse Map-Area, Yukon Territory",0,0,0,0,2,information,yukon-geological-survey,2011-04-04T03:04:34,2011-04-04T03:04:34,2011,2011
progress-report-on-the-clinton-creek-asbestos-project,Progress report on the Clinton Creek asbestos project,0,0,0,0,2,information,yukon-geological-survey,2011-04-04T03:04:34,2011-04-04T03:04:34,2011,2011
a-bibliography-of-terrain-classification-in-yukon-territory,A bibliography of terrain classification in Yukon Territory,0,0,0,0,1,information,yukon-geological-survey,2011-04-04T03:04:33,2011-04-04T03:04:33,2011,2011
cenozoic-syntectonic-sedimentation-and-strike-slip-basin-development-along-the-denali-fault-sys,"Cenozoic syntectonic sedimentation and strike-slip basin development along the Denali fault system, Yukon Territory",0,0,0,0,2,information,yukon-geological-survey,2011-04-04T03:04:33,2011-04-04T03:04:33,2011,2011
comparative-studies-of-cataclastic-allochtonous-rocks-in-mcquesten-laberge-and-finlayson-lake-m,"Comparative studies of cataclastic allochtonous rocks in McQuesten, Laberge and Finlayson Lake map-areas",0,0,0,0,1,information,yukon-geological-survey,2011-04-04T03:04:33,2011-04-04T03:04:33,2011,2011
characterization-of-the-basal-hydraulic-system-of-a-surge-type-glacier-trapridge-glacie-1989-92,"Characterization of the basal hydraulic system of a surge-type glacier; Trapridge Glacier, 1989-92",0,0,0,0,1,information,yukon-geological-survey,2011-04-04T03:04:33,2011-04-04T03:04:33,2011,2011
chieftain-hill-property-morning-evening-ocean-south-yukon,"Chieftain Hill property (Morning, Evening, Ocean), south Yukon",0,0,0,0,2,information,yukon-geological-survey,2011-04-04T03:04:33,2011-04-04T03:04:33,2011,2011
cyanide-the-facts,Cyanide - The Facts,0,0,0,0,2,information,yukon-geological-survey,2011-04-04T03:04:33,2011-04-04T03:04:33,2011,2011
description-of-the-mount-skukum-volcanic-complex-southern-yukon,"Description of the Mount Skukum Volcanic Complex, southern Yukon",0,0,0,0,2,information,yukon-geological-survey,2011-04-04T03:04:33,2011-04-04T03:04:33,2011,2011
differential-uplift-across-the-coast-plutonic-complex-northern-stikine-terrane-contact-yukon-pr,"Differential uplift across the Coast Plutonic Complex-Northern Stikine Terrane contact, Yukon: Preliminary evidence from apatite fission-track thermochronometry",0,0,0,0,2,information,yukon-geological-survey,2011-04-04T03:04:33,2011-04-04T03:04:33,2011,2011
drift-prospecting-for-gold-in-the-tintina-trench,Drift prospecting for gold in the Tintina Trench,0,0,0,0,2,information,yukon-geological-survey,2011-04-04T03:04:33,2011-04-04T03:04:33,2011,2011
element-distribution-in-yukon-gold-silver-deposits,Element distribution in Yukon gold-silver deposits,0,0,0,0,1,information,yukon-geological-survey,2011-04-04T03:04:33,2011-04-04T03:04:33,2011,2011
enhanced-landsat-thematic-mapper-imagery-for-exploration-geology-in-the-wheaton-river-district-,"Enhanced landsat thematic mapper imagery for exploration geology in the Wheaton River district, southern Yukon",0,0,0,0,2,information,yukon-geological-survey,2011-04-04T03:04:33,2011-04-04T03:04:33,2011,2011
epigenetic-mineral-deposits-of-the-ketza-seagull-district-yukon,"Epigenetic mineral deposits of the Ketza-Seagull district, Yukon",0,0,0,0,2,information,yukon-geological-survey,2011-04-04T03:04:33,2011-04-04T03:04:33,2011,2011
evidence-of-hydrothermal-alteration-in-white-channel-sediments-and-bedrock-of-the-klondike-area,"Evidence of hydrothermal alteration in White Channel sediments and bedrock of the Klondike area, west-central Yukon",0,0,0,0,2,information,yukon-geological-survey,2011-04-04T03:04:33,2011-04-04T03:04:33,2011,2011
examination-of-natural-attenuation-of-metals-in-aqueous-solution-by-soils-in-northern-environme,Examination of Natural Attenuation of Metals in Aqueous Solution by Soils in Northern Environments,0,0,0,0,2,information,yukon-geological-survey,2011-04-04T03:04:33,2011-04-04T03:04:33,2011,2011
exploration-geology-of-the-mt-skukum-epithermal-gold-deposit-southwestern-yukon,"Exploration geology of the Mt. Skukum epithermal gold deposit, southwestern Yukon",0,0,0,0,2,information,yukon-geological-survey,2011-04-04T03:04:33,2011-04-04T03:04:33,2011,2011
facies-and-depositional-setting-of-laberge-conglomerates-jurassic-whitehorse-trough,"Facies and Depositional Setting of Laberge Conglomerates (Jurassic), Whitehorse Trough",0,0,0,0,2,information,yukon-geological-survey,2011-04-04T03:04:33,2011-04-04T03:04:33,2011,2011
finlayson-project-geological-evolution-of-yukon-tanana-terrane-and-its-relationship-to-campbell,"Finlayson project: Geological evolution of Yukon-Tanana Terrane and its relationship to Campbell Range belt, northern Wolverine Lake map area, southeastern Yukon",0,0,0,0,2,information,yukon-geological-survey,2011-04-04T03:04:33,2011-04-04T03:04:33,2011,2011
felsic-metavolcanic-rocks-at-matt-berry-a-new-deposit-model,Felsic metavolcanic rocks at Matt Berry: A new deposit model,0,0,0,0,2,information,yukon-geological-survey,2011-04-04T03:04:33,2011-04-04T03:04:33,2011,2011
geological-setting-of-gold-silver-veins-on-montana-mountain,Geological setting of gold-silver veins on Montana Mountain,0,0,0,0,1,information,yukon-geological-survey,2011-04-04T03:04:33,2011-04-04T03:04:33,2011,2011
geologic-setting-and-stratigraphic-framework-of-placer-deposits-mayo-area-yukon,"Geologic setting and stratigraphic framework of placer deposits, Mayo area, Yukon",0,0,0,0,1,information,yukon-geological-survey,2011-04-04T03:04:33,2011-04-04T03:04:33,2011,2011
geology-alteration-and-mineralization-of-the-sato-porphyry-copper-prospect-southwestern-yukon,"Geology, alteration, and mineralization of the Sato porphyry copper prospect, southwestern Yukon",0,0,0,0,1,information,yukon-geological-survey,2011-04-04T03:04:33,2011-04-04T03:04:33,2011,2011
geology-and-alteration-of-the-grew-creek-epithermal-gold-silver-prospect-south-central-yukon,"Geology and alteration of the Grew Creek epithermal gold-silver prospect, south-central Yukon",0,0,0,0,2,information,yukon-geological-survey,2011-04-04T03:04:33,2011-04-04T03:04:33,2011,2011
geology-and-alteration-signature-of-a-middle-proterozoic-bear-river-dyke-in-the-slats-creek--16,"Geology and alteration signature of a Middle Proterozoic Bear River dyke in the Slats Creek map area, Wernecke Mountains, Yukon (106D/16)",0,0,0,0,2,information,yukon-geological-survey,2011-04-04T03:04:33,2011-04-04T03:04:33,2011,2011
geology-and-geochemistry-of-the-clear-creek-gold-occurrences-tombstone-gold-belt-central-yukon-,"Geology and geochemistry of the Clear Creek gold occurrences, Tombstone gold belt, central Yukon Territory",0,0,0,0,2,information,yukon-geological-survey,2011-04-04T03:04:33,2011-04-04T03:04:33,2011,2011
geology-and-gold-deposits-at-ketza-river-yukon-territory,"Geology and Gold Deposits at Ketza River, Yukon Territory",0,0,0,0,2,information,yukon-geological-survey,2011-04-04T03:04:33,2011-04-04T03:04:33,2011,2011
geology-and-mineral-deposits-of-southern-yukon,Geology and mineral deposits of southern Yukon,0,0,0,0,1,information,yukon-geological-survey,2011-04-04T03:04:33,2011-04-04T03:04:33,2011,2011
geology-and-mineralization-of-the-hopkins-lake-area-115h-2-3-6-7-yukon,"Geology and mineralization of the Hopkins Lake area, 115H/2, 3, 6, 7, Yukon",0,0,0,0,1,information,yukon-geological-survey,2011-04-04T03:04:33,2011-04-04T03:04:33,2011,2011
geology-and-mineralization-of-the-len-intrusive-hosted-gold-prospect-mcquesten-area-yukon,"Geology and mineralization of the Len intrusive-hosted gold prospect, McQuesten area, Yukon",0,0,0,0,2,information,yukon-geological-survey,2011-04-04T03:04:33,2011-04-04T03:04:33,2011,2011
geology-and-mineralization-of-the-tog-listwaenite-hosted-gold-occurrence-southern-yukon-territo,"Geology and Mineralization of the Tog, Listwaenite-Hosted Gold Occurrence, Southern Yukon Territory",0,0,0,0,2,information,yukon-geological-survey,2011-04-04T03:04:33,2011-04-04T03:04:33,2011,2011
geology-and-mineralization-on-the-dromedary-property-central-yukon,"Geology and mineralization on the Dromedary property, central Yukon",0,0,0,0,2,information,yukon-geological-survey,2011-04-04T03:04:33,2011-04-04T03:04:33,2011,2011
geology-geochemistry-and-lead-isotopic-analysis-of-mineralization-of-the-strike-property-campbe,"Geology, geochemistry, and lead isotopic analysis of mineralization of the Strike property, Campbell Range, southeastern Yukon",0,0,0,0,2,information,yukon-geological-survey,2011-04-04T03:04:33,2011-04-04T03:04:33,2011,2011
geology-mineralization-and-k-ar-and-rb-sr-isotopic-study-of-the-ram-zinc-lead-silver-property-y,"Geology, mineralization, and K-Ar and Rb-Sr isotopic study of the RAM zinc-lead-silver property Yukon Plateau, southwest Yukon Territory (105D/4)",0,0,0,0,1,information,yukon-geological-survey,2011-04-04T03:04:33,2011-04-04T03:04:33,2011,2011
geology-mineralogy-and-geochemistry-of-tin-and-tungsten-veins-breccias-and-skarns-mcquesten-riv,"Geology, mineralogy and geochemistry of tin and tungsten veins, breccias and skarns, Mcquesten River Region (115 P (north) and 105 M/13), Yukon",0,0,0,0,2,information,yukon-geological-survey,2011-04-04T03:04:33,2011-04-04T03:04:33,2011,2011
geochemical-characterization-of-carboniferous-volcanic-successions-from-yukon-tanana-terrane-gl,"Geochemical characterization of Carboniferous volcanic successions from Yukon-Tanana Terrane, Glenlyon map area (105 L), central Yukon",0,0,0,0,2,information,yukon-geological-survey,2011-04-04T03:04:33,2011-04-04T03:04:33,2011,2011
geochronometric-study-of-a-tertiary-lamprophyre-macmillan-pass-yukon-territory,"Geochronometric study of a Tertiary lamprophyre, MacMillan Pass, Yukon Territory",0,0,0,0,2,information,yukon-geological-survey,2011-04-04T03:04:33,2011-04-04T03:04:33,2011,2011
geological-characteristics-of-high-level-subvolcanic-porphyritic-intrusions-associated-with-the,"Geological characteristics of high-level subvolcanic porphyritic intrusions associated with the Wolverine Zn-Pb-Cu volcanic-hosted massive sulphide deposit, Finlayson Lake District, Yukon, Canada",0,0,0,0,2,information,yukon-geological-survey,2011-04-04T03:04:33,2011-04-04T03:04:33,2011,2011
geology-of-thirty-seven-mile-creek-map-area-southern-yukon-territory-nts-105d-13,"Geology of Thirty-seven Mile Creek map area, southern Yukon Territory, (NTS 105D/13)",0,0,0,0,2,information,yukon-geological-survey,2011-04-04T03:04:33,2011-04-04T03:04:33,2011,2011
landsliding-at-cement-creek-kluane-ranges-southwestern-yukon,"Landsliding at Cement Creek, Kluane Ranges, Southwestern Yukon",0,0,0,0,2,information,yukon-geological-survey,2011-04-04T03:04:33,2011-04-04T03:04:33,2011,2011
structure-and-alteration-related-to-gold-silver-veins-at-the-skukum-creek-deposit-southern-yuko,"Structure and alteration related to gold-silver veins at the Skukum Creek deposit, southern Yukon",0,0,0,0,2,information,yukon-geological-survey,2011-04-04T03:04:33,2011-04-04T03:04:33,2011,2011
sedimentology-and-hydrocarbon-potential-of-fluvial-strata-in-the-tantalus-and-aksala-formations,"Sedimentology and hydrocarbon potential of fluvial strata in the Tantalus and Aksala formations, northern Whitehorse Trough, Yukon",0,0,0,0,2,information,yukon-geological-survey,2011-04-04T03:04:33,2011-04-04T03:04:33,2011,2011
skukum-creek-gold-silver-deposit-rainbow-zone-bioleach-and-cyanidation-gold-silver-recovery-pha,Skukum Creek Gold/Silver Deposit - Rainbow Zone Bioleach and Cyanidation Gold/Silver Recovery Phase 1 Test Program,0,0,0,0,2,information,yukon-geological-survey,2011-04-04T03:04:33,2011-04-04T03:04:33,2011,2011
preliminary-investigations-of-emerald-mineralization-in-the-regal-ridge-area-finlayson-lake-dis,"Preliminary investigations of emerald mineralization in the Regal Ridge area, Finlayson Lake district, southeastern Yukon",0,0,0,0,2,information,yukon-geological-survey,2011-04-04T03:04:33,2011-04-04T03:04:33,2011,2011
the-mineralogy-and-geochemistry-of-polymetallic-mineral-deposits-at-the-ketza-river-gold-mine-p,"The mineralogy and geochemistry of polymetallic mineral deposits at the Ketza River gold mine, Pelly Mountains, central Yukon Territory",0,0,0,0,1,information,yukon-geological-survey,2011-04-04T03:04:33,2011-04-04T03:04:33,2011,2011
ultramafic-nickel-bearing-magmas-of-the-nadaleen-river-map-area-106c-3-and-associated-listwaeni,"Ultramafic nickel-bearing magmas of the Nadaleen River map area (106C/3) and associated listwaenites: New exploration targets in the Mayo Mining District, Yukon",0,0,0,0,2,information,yukon-geological-survey,2011-04-04T03:04:33,2011-04-04T03:04:33,2011,2011
canyon-property-southeastern-yukon,"Canyon property, southeastern Yukon",0,0,0,0,2,information,yukon-geological-survey,2011-04-04T03:04:33,2011-04-04T03:04:33,2011,2011
flip-property-southeastern-yukon,"Flip property, southeastern Yukon",0,0,0,0,2,information,yukon-geological-survey,2011-04-04T03:04:33,2011-04-04T03:04:33,2011,2011
crescent-property-south-yukon,"Crescent property, south Yukon",0,0,0,0,2,information,yukon-geological-survey,2011-04-04T03:04:33,2011-04-04T03:04:33,2011,2011
dan-property-south-yukon,"Dan property, south Yukon",0,0,0,0,2,information,yukon-geological-survey,2011-04-04T03:04:33,2011-04-04T03:04:33,2011,2011
geology-and-metallogenic-signature-of-gold-occurrences-at-scheelite-dome-tombstone-gold-belt-yu,"Geology and metallogenic signature of gold occurrences at Scheelite Dome, Tombstone gold belt, Yukon",0,0,0,0,2,information,yukon-geological-survey,2011-04-04T03:04:33,2011-04-04T03:04:33,2011,2011
geology-of-the-aishihik-lake-and-hopkins-lake-map-areas-115-h-67-southwestern-yukon,"Geology of the Aishihik Lake and Hopkins Lake Map Areas (115 H/6,7), Southwestern Yukon",0,0,0,0,2,information,yukon-geological-survey,2011-04-04T03:04:33,2011-04-04T03:04:33,2011,2011
development-of-wernecke-breccia-in-slats-creek-106-d-16-map-area-wernecke-mountains-yukon,"Development of Wernecke breccia in Slats Creek (106 D/16) map area, Wernecke Mountains, Yukon",0,0,0,0,2,information,yukon-geological-survey,2011-04-04T03:04:33,2011-04-04T03:04:33,2011,2011
geology-and-mineral-occurrences-of-sprague-creek-map-area-115p-15-western-selwyn-basin,"Geology and mineral occurrences of Sprague Creek map area (115P/15), western Selwyn Basin",0,0,0,0,2,information,yukon-geological-survey,2011-04-04T03:04:33,2011-04-04T03:04:33,2011,2011
list-of-wells-and-formation-tops-yukon-territory-version-1-0,"List of Wells and Formation Tops, Yukon Territory, version 1.0",0,0,0,0,2,information,yukon-geological-survey,2011-04-04T03:04:33,2011-04-04T03:04:33,2011,2011
geology-and-geochemistry-of-the-teslin-crossing-pluton-a-gold-rich-alkalic-porphyry-target,Geology and Geochemistry of the Teslin Crossing Pluton: A gold-rich alkalic porphyry target,0,0,0,0,2,information,yukon-geological-survey,2011-04-04T03:04:33,2011-04-04T03:04:33,2011,2011
geological-setting-of-mineral-occurrences-in-fairchild-lake-map-area-106c-13-wernecke-mountains,"Geological Setting of Mineral Occurrences in Fairchild Lake Map Area (106C/13), Wernecke Mountains, Yukon",0,0,0,0,2,information,yukon-geological-survey,2011-04-04T03:04:33,2011-04-04T03:04:33,2011,2011
geological-framework-of-west-lake-map-area-nts-105-n-9-hess-mountains-east-central-yukon,"Geological Framework of West Lake Map Area (NTS 105 N/9), Hess Mountains, East-Central Yukon",0,0,0,0,2,information,yukon-geological-survey,2011-04-04T03:04:33,2011-04-04T03:04:33,2011,2011
geological-overview-of-clear-creek-map-area-nts-115p-14-western-selwyn-basin,"Geological overview of Clear Creek map area (NTS 115P/14), western Selwyn Basin",0,0,0,0,2,information,yukon-geological-survey,2011-04-04T03:04:33,2011-04-04T03:04:33,2011,2011
an-alpine-peridotite-in-the-dawson-range-yukon-tanana-terrane-preliminary-results-and-interpret,"An alpine peridotite in the Dawson Range, Yukon-Tanana Terrane: Preliminary results and interpretations",0,0,0,0,2,information,yukon-geological-survey,2011-04-04T03:04:32,2011-04-04T03:04:32,2011,2011
a-new-geological-map-of-mt-hundere-and-the-area-north,A new geological map of Mt. Hundere and the area north,0,0,0,0,1,information,yukon-geological-survey,2011-04-04T03:04:32,2011-04-04T03:04:32,2011,2011
a-new-geological-map-of-the-upper-coal-river-area,A new geological map of the upper Coal River area,0,0,0,0,1,information,yukon-geological-survey,2011-04-04T03:04:32,2011-04-04T03:04:32,2011,2011
a-new-mineral-occurrence-in-yukon-tanana-terrane-near-little-salmon-lake-105-l-2-central-yukon,"A new mineral occurrence in Yukon-Tanana Terrane near Little Salmon Lake (105 L/2), central Yukon",0,0,0,0,2,information,yukon-geological-survey,2011-04-04T03:04:32,2011-04-04T03:04:32,2011,2011
a-note-on-preliminary-bedrock-mapping-in-the-fire-lake-area,A note on preliminary bedrock mapping in the Fire Lake area,0,0,0,0,2,information,yukon-geological-survey,2011-04-04T03:04:32,2011-04-04T03:04:32,2011,2011
a-note-on-preliminary-lithogeochemistry-of-the-fire-lake-area,A note on preliminary lithogeochemistry of the Fire Lake area,0,0,0,0,2,information,yukon-geological-survey,2011-04-04T03:04:32,2011-04-04T03:04:32,2011,2011
a-note-on-rock-geochemistry-of-the-clear-lake-massive-sulphide,A note on rock geochemistry of the Clear Lake massive sulphide,0,0,0,0,1,information,yukon-geological-survey,2011-04-04T03:04:32,2011-04-04T03:04:32,2011,2011
a-pliensbachian-submarine-slope-and-conglomeratic-gully-fill-succession-richthofen-to-conglomer,"A Pliensbachian submarine slope and conglomeratic gully-fill succession: Richthofen to conglomerate formation transition (Laberge Group), Brute Mountain, Yukon",0,0,0,0,2,information,yukon-geological-survey,2011-04-04T03:04:32,2011-04-04T03:04:32,2011,2011
a-preliminary-report-on-hart-river-116-a-10-a-proterozoic-massive-sulphide-deposit,A preliminary report on Hart River (116 A/10) - A Proterozoic massive sulphide deposit,0,0,0,0,1,information,yukon-geological-survey,2011-04-04T03:04:32,2011-04-04T03:04:32,2011,2011
a-sedimentologic-description-of-clear-creek-fluviatile-sediments-115-p-central-yukon,"A sedimentologic description of Clear Creek Fluviatile sediments 115 P, central Yukon",0,0,0,0,1,information,yukon-geological-survey,2011-04-04T03:04:32,2011-04-04T03:04:32,2011,2011
age-geochemistry-paleotectonic-setting-and-metallogeny-of-late-triassic-early-jurassic-intrusio,"Age, geochemistry, paleotectonic setting and metallogeny of Late Triassic-Early Jurassic intrusions in the Yukon and eastern Alaska: A preliminary report",0,0,0,0,2,information,yukon-geological-survey,2011-04-04T03:04:32,2011-04-04T03:04:32,2011,2011
ag-pb-zn-mineralization-in-the-mm-deposit-and-associated-mississippian-felsic-volcanic-rocks-in,"Ag-Pb-Zn Mineralization in the MM Deposit and associated Mississippian felsic volcanic rocks in the St. Cyr Range, Pelly Mountains",0,0,0,0,1,information,yukon-geological-survey,2011-04-04T03:04:32,2011-04-04T03:04:32,2011,2011
assisted-revegetation-of-fine-grained-tailings-at-whitehorse-copper-mine-a-pilot-proj-1994-1996,"Assisted revegetation of fine-grained tailings at Whitehorse Copper Mine: A pilot project, 1994-1996",0,0,0,0,1,information,yukon-geological-survey,2011-04-04T03:04:32,2011-04-04T03:04:32,2011,2011
a-structural-analysis-of-the-upper-swift-river-area-105-b-3-yukon-part-i-dan-zn-occurrence-and-,"A structural analysis of the upper Swift River area (105 B/3), Yukon, Part I: Dan Zn occurrence and implications for sulphide mineralization",0,0,0,0,2,information,yukon-geological-survey,2011-04-04T03:04:32,2011-04-04T03:04:32,2011,2011
a-summary-report-on-the-geology-of-the-brown-mcdade-gold-silver-deposit-mount-nansen-mine-area-,"A summary report on the geology of the Brown-McDade gold-silver deposit, Mount Nansen mine area, Yukon",0,0,0,0,2,information,yukon-geological-survey,2011-04-04T03:04:32,2011-04-04T03:04:32,2011,2011
auriferous-conglomerates-at-mckinnon-creek-west-central-yukon-115o-11-paleoplacer-or-epithermal,"Auriferous conglomerates at McKinnon Creek, west-central Yukon (115O/11): Paleoplacer or epithermal mineralization?",0,0,0,0,1,information,yukon-geological-survey,2011-04-04T03:04:32,2011-04-04T03:04:32,2011,2011
bedrock-geology-and-mineralization-of-the-klondike-area-west-115o-14-15-and-116b-2-3,"Bedrock Geology and Mineralization of the Klondike Area (West), 115O/14, 15 and 116B/2, 3",0,0,0,0,2,information,yukon-geological-survey,2011-04-04T03:04:32,2011-04-04T03:04:32,2011,2011
bedrock-geology-yukon-territory,"Bedrock Geology, Yukon Territory",0,0,0,0,3,information,yukon-geological-survey,2011-04-04T03:04:32,2011-04-04T03:04:32,2011,2011
bimodal-paleogene-volcanics-near-tintina-fault-east-central-yukon-and-their-possible-relationsh,"Bimodal Paleogene volcanics near Tintina fault, east-central Yukon, and their possible relationship to placer gold (GSC Project No. 800001)",0,0,0,0,2,information,yukon-geological-survey,2011-04-04T03:04:32,2011-04-04T03:04:32,2011,2011
bimodal-volcanism-along-the-tintina-trench-near-faro-and-ross-river,"Bimodal Volcanism Along the Tintina Trench, Near Faro and Ross River",0,0,0,0,2,information,yukon-geological-survey,2011-04-04T03:04:32,2011-04-04T03:04:32,2011,2011
brewery-creek-gold-deposit,Brewery Creek Gold Deposit,0,0,0,0,2,information,yukon-geological-survey,2011-04-04T03:04:32,2011-04-04T03:04:32,2011,2011
cambro-ordovician-volcanic-rocks-in-eastern-dawson-map-area-ogilvie-mountains-yukon,"Cambro-Ordovician Volcanic Rocks in Eastern Dawson Map-Area, Ogilvie Mountains, Yukon",0,0,0,0,2,information,yukon-geological-survey,2011-04-04T03:04:32,2011-04-04T03:04:32,2011,2011
distribution-of-miles-canyon-basalt-in-the-whitehorse-area-and-implications-for-groundwater-res,Distribution of Miles Canyon basalt in the Whitehorse area and implications for groundwater resources,0,0,0,0,2,information,yukon-geological-survey,2011-04-04T03:04:32,2011-04-04T03:04:32,2011,2011
geology-of-colorado-creek-115j-10-selwyn-river-115j-9-and-prospector-mountain-115i-5-map-areas-,"Geology of Colorado Creek (115J/10), Selwyn River (115J/9) & Prospector Mountain (115I/5) Map Areas, Western Dawson Range, West Central Yukon",0,0,0,0,2,information,yukon-geological-survey,2011-04-04T03:04:32,2011-04-04T03:04:32,2011,2011
geology-of-gravel-creek-105b-10-and-irvine-lake-105b-11-map-areas-southeastern-yukon,"Geology of Gravel Creek (105B/10) and Irvine Lake (105B/11) Map Areas, Southeastern Yukon",0,0,0,0,2,information,yukon-geological-survey,2011-04-04T03:04:32,2011-04-04T03:04:32,2011,2011
geology-of-hopkins-lake-map-area-yukon-nts-115h-7,"Geology of Hopkins Lake Map Area, Yukon (NTS 115H/7)",0,0,0,0,2,information,yukon-geological-survey,2011-04-04T03:04:32,2011-04-04T03:04:32,2011,2011
geological-map-of-fairchild-lake-map-area-106c-13-wernecke-mountains,"Geological Map of Fairchild Lake Map Area (106C/13), Wernecke Mountains",0,0,0,0,2,information,yukon-geological-survey,2011-04-04T03:04:32,2011-04-04T03:04:32,2011,2011
placer-mining-and-exploration-compilation-106d,Placer Mining and Exploration Compilation (106D),0,0,0,0,2,information,yukon-geological-survey,2011-04-04T03:04:32,2011-04-04T03:04:32,2011,2011
placer-mining-and-exploration-compilation-115f-and-g,Placer Mining and Exploration Compilation (115F and G),0,0,0,0,2,information,yukon-geological-survey,2011-04-04T03:04:32,2011-04-04T03:04:32,2011,2011
sediment-hosted-disseminated-gold-occurrence-northeast-mayo-lake-area,"Sediment-hosted disseminated gold occurrence, northeast Mayo Lake area",0,0,0,0,2,information,yukon-geological-survey,2011-04-04T03:04:32,2011-04-04T03:04:32,2011,2011
sedimentology-of-white-channel-placer-deposits-klondike-west-central-yukon,"Sedimentology of White Channel Placer Deposits, Klondike, West Central Yukon",0,0,0,0,1,information,yukon-geological-survey,2011-04-04T03:04:32,2011-04-04T03:04:32,2011,2011
regeneration-on-linear-developments-subject-to-wildfires-in-a-zone-of-continuous-permafrost,Regeneration on Linear Developments Subject to Wildfires in a Zone of Continuous Permafrost.,0,0,0,0,3,information,yukon-geological-survey,2011-04-04T03:04:32,2011-04-04T03:04:32,2011,2011
report-on-2002-geochemical-procedures-used-during-mineral-resource-assessments,Report on 2002 Geochemical Procedures used during Mineral Resource Assessments,0,0,0,0,2,information,yukon-geological-survey,2011-04-04T03:04:32,2011-04-04T03:04:32,2011,2011
protected-areas-in-canada,Protected Areas in Canada,0,0,0,0,2,information,yukon-geological-survey,2011-04-04T03:04:32,2011-04-04T03:04:32,2011,2011
a-short-history-of-the-finding-of-gold-in-the-klondike,A short history of the finding of gold in the Klondike,0,0,0,0,1,information,yukon-geological-survey,2011-04-04T03:04:32,2011-04-04T03:04:32,2011,2011
placer-mining-and-exploration-compilation-105a-b-c-d,Placer Mining and Exploration Compilation  (105A/B/C/D),0,0,0,0,2,information,yukon-geological-survey,2011-04-04T03:04:32,2011-04-04T03:04:32,2011,2011
an-evaluation-of-coal-bearing-strata-at-division-mountain-115-h-8-east-half-105-e-5-west-half-s,"An evaluation of coal-bearing strata at Division Mountain (115 H/8 east-half, 105 E/5 west-half), south-central Yukon",0,0,0,0,2,information,yukon-geological-survey,2011-04-04T03:04:32,2011-04-04T03:04:32,2011,2011
alteration-and-zonation-in-the-kalzas-w-sn-mo-porphyry-vein-deposit-105-m-7-yukon,"Alteration and zonation in the Kalzas W-Sn-Mo Porphyry-vein deposit, 105 M/7, Yukon",0,0,0,0,2,information,yukon-geological-survey,2011-04-04T03:04:32,2011-04-04T03:04:32,2011,2011
biogeochemical-prospecting-in-the-yukon-tanana-terrane-yukon-territory,"Biogeochemical prospecting in the Yukon-Tanana Terrane, Yukon Territory",0,0,0,0,2,information,yukon-geological-survey,2011-04-04T03:04:32,2011-04-04T03:04:32,2011,2011
brewery-creek-property-west-central-yukon,"Brewery Creek property, west-central Yukon",0,0,0,0,2,information,yukon-geological-survey,2011-04-04T03:04:32,2011-04-04T03:04:32,2011,2011
alpine-type-ultramafic-rocks-of-the-kluane-metamorphic-assemblage-southwest-yukon-oceanic-crust,"'Alpine-type' ultramafic rocks of the Kluane metamorphic assemblage, southwest Yukon: Oceanic crust fragments of a late Mesozoic back-arc basin along the northern Coast Belt",0,0,0,0,2,information,yukon-geological-survey,2011-04-04T03:04:32,2011-04-04T03:04:32,2011,2011
age-and-setting-of-dinosaur-trackways-ross-river-area-yukon-territory-105f-15,"Age and setting of dinosaur trackways, Ross River area, Yukon Territory (105F/15)",0,0,0,0,2,information,yukon-geological-survey,2011-04-04T03:04:32,2011-04-04T03:04:32,2011,2011
geology-of-ogilvie-mountains-breccias-coal-creek-inlier-116b-11-13-14-yukon-territory,"Geology of Ogilvie Mountains Breccias, Coal Creek Inlier (116B/11, 13, 14) Yukon Territory",0,0,0,0,2,information,yukon-geological-survey,2011-04-04T03:04:32,2011-04-04T03:04:32,2011,2011
blende-property-central-yukon,"Blende property, central Yukon",0,0,0,0,2,information,yukon-geological-survey,2011-04-04T03:04:32,2011-04-04T03:04:32,2011,2011
geology-of-mt-nansen-115i-3-and-stoddart-creek-115i-6-dawson-range-central-yukon,"Geology of Mt. Nansen (115I/3) and Stoddart Creek (115I/6), Dawson Range, Central Yukon",0,0,0,0,2,information,yukon-geological-survey,2011-04-04T03:04:32,2011-04-04T03:04:32,2011,2011
geology-of-carcross-105d-2-and-part-of-robinson-105d-7-map-areas,Geology of Carcross (105D/2) and Part of Robinson (105D/7) Map Areas,0,0,0,0,2,information,yukon-geological-survey,2011-04-04T03:04:32,2011-04-04T03:04:32,2011,2011
application-of-landsat-tm-thermal-imagery-to-structural-interpretations-of-the-tintina-trench-i,Application of Landsat TM thermal imagery to structural interpretations of the Tintina Trench in west-central Yukon,0,0,0,0,2,information,yukon-geological-survey,2011-04-04T03:04:32,2011-04-04T03:04:32,2011,2011
biotite-chemistry-of-the-casino-porphyry-cu-mo-au-occurrence-dawson-range-yukon,"Biotite chemistry of the Casino porphyry Cu-Mo-Au occurrence, Dawson Range, Yukon",0,0,0,0,2,information,yukon-geological-survey,2011-04-04T03:04:32,2011-04-04T03:04:32,2011,2011
a-brief-glimpse-into-post-soviet-placer-mining,A brief glimpse into post-Soviet placer mining,0,0,0,0,2,information,yukon-geological-survey,2011-04-04T03:04:32,2011-04-04T03:04:32,2011,2011
age-geochemical-and-metallogenic-investigations-of-cretaceous-intrusions-in-southeastern-yukon-,"Age, geochemical and metallogenic investigations of Cretaceous intrusions in southeastern Yukon and southwestern NWT: A preliminary report",0,0,0,0,2,information,yukon-geological-survey,2011-04-04T03:04:32,2011-04-04T03:04:32,2011,2011
mineral-assessment-of-the-proposed-frances-lake-special-management-area-yukon,"Mineral Assessment of the Proposed Frances Lake Special Management Area, Yukon",0,0,0,0,2,information,yukon-geological-survey,2011-04-04T03:04:31,2011-04-04T03:04:31,2011,2011
geological-map-of-faro-nts-105k-3-nw-and-mount-mye-nts-105k-6-sw-central-yukon-1-25-000-scale-1,"Geological Map of Faro (NTS 105K/3 NW) & Mount Mye (NTS 105K/6 SW), central Yukon  (1:25 000 scale)",0,0,0,0,2,information,yukon-geological-survey,2011-04-04T03:04:31,2011-04-04T03:04:31,2011,2011
geological-map-of-little-salmon-lake-parts-of-105l-1-2-and-7-central-yukon-1-50000-scale,"Geological Map of Little Salmon Lake (Parts of 105L/1, 2 & 7), Central Yukon (1:50000 scale)",0,0,0,0,2,information,yukon-geological-survey,2011-04-04T03:04:31,2011-04-04T03:04:31,2011,2011
geological-map-of-mount-mye-105k-6-e-central-yukon-1-25000-scale,"Geological map of Mount Mye (105K/6 E), central Yukon  (1:25000 scale)",0,0,0,0,2,information,yukon-geological-survey,2011-04-04T03:04:31,2011-04-04T03:04:31,2011,2011
geological-map-of-mount-mye-105k-6-nw-central-yukon-1-25000-scale,"Geological Map of Mount Mye (105K/6 NW), central Yukon (1:25000 scale)",0,0,0,0,2,information,yukon-geological-survey,2011-04-04T03:04:31,2011-04-04T03:04:31,2011,2011
geological-map-of-rose-mountain-105k-5-se-central-yukon-1-25-000-scale,"Geological Map of Rose Mountain (105K/5 SE), central Yukon (1:25 000 scale)",0,0,0,0,2,information,yukon-geological-survey,2011-04-04T03:04:31,2011-04-04T03:04:31,2011,2011
geological-map-of-aishihik-lake-map-area-southwest-yukon-115h-6,"Geological Map of Aishihik Lake Map Area, Southwest Yukon (115H/6)",0,0,0,0,2,information,yukon-geological-survey,2011-04-04T03:04:31,2011-04-04T03:04:31,2011,2011
geological-map-of-blind-creek-105k-7-nw-central-yukon-1-25-000-scale,"Geological Map of Blind Creek (105K/7 NW), Central Yukon (1:25 000 scale)",0,0,0,0,2,information,yukon-geological-survey,2011-04-04T03:04:31,2011-04-04T03:04:31,2011,2011
geological-map-of-blind-creek-105k-7-sw-central-yukon-1-25000-scale,"Geological map of Blind Creek (105K/7 SW), central Yukon (1:25000 scale)",0,0,0,0,2,information,yukon-geological-survey,2011-04-04T03:04:31,2011-04-04T03:04:31,2011,2011
geology-of-the-jakes-corner-geophysical-survey-area-southern-yukon-105c-12-105d-8-and-9,"Geology of the Jakes Corner Geophysical Survey Area, Southern Yukon  (105C/12, 105D/8 and 9)",0,0,0,0,2,information,yukon-geological-survey,2011-04-04T03:04:31,2011-04-04T03:04:31,2011,2011
preliminary-geological-map-of-part-of-the-money-creek-area-105h-5-southeastern-yukon,"Preliminary geological map of part of the Money Creek area (105H/5), southeastern Yukon",0,0,0,0,2,information,yukon-geological-survey,2011-04-04T03:04:31,2011-04-04T03:04:31,2011,2011
preliminary-geological-map-of-part-of-the-tuchitua-river-north-area-105h-4-southeastern-yukon,"Preliminary geological map of part of the 'Tuchitua River North' area (105H/4), southeastern Yukon",0,0,0,0,2,information,yukon-geological-survey,2011-04-04T03:04:31,2011-04-04T03:04:31,2011,2011
surficial-geological-map-of-stewart-river-valley-parts-of-115o-8-115p-5-and-115p-12,"Surficial Geological Map of Stewart River Valley, parts of 115O/8, 115P/5 and 115P/12",0,0,0,0,2,information,yukon-geological-survey,2011-04-04T03:04:31,2011-04-04T03:04:31,2011,2011
surficial-geology-map-and-till-geochemistry-of-rose-mountain-105k-5-ne-central-yukon,"Surficial Geology Map and Till Geochemistry of Rose Mountain (105K/5 NE), Central Yukon",0,0,0,0,2,information,yukon-geological-survey,2011-04-04T03:04:31,2011-04-04T03:04:31,2011,2011
surficial-geology-map-and-till-geochemistry-of-swim-lakes-105k-2-nw-central-yukon,"Surficial Geology Map and Till Geochemistry of Swim Lakes (105K/2 NW), Central Yukon",0,0,0,0,2,information,yukon-geological-survey,2011-04-04T03:04:31,2011-04-04T03:04:31,2011,2011
surficial-geology-of-clear-creek-drainage-basin-yukon-territory-115p-11-12-13-14,"Surficial Geology of Clear Creek Drainage Basin, Yukon Territory (115P/11, 12, 13, 14)",0,0,0,0,2,information,yukon-geological-survey,2011-04-04T03:04:31,2011-04-04T03:04:31,2011,2011
testing-the-viability-of-floater-dredging-in-frozen-ground,Testing the Viability of Floater Dredging in Frozen Ground,0,0,0,0,2,information,yukon-geological-survey,2011-04-04T03:04:31,2011-04-04T03:04:31,2011,2011
whitehorse-copper-belt-a-simplified-technical-history,Whitehorse Copper Belt: A Simplified Technical History,0,0,0,0,2,information,yukon-geological-survey,2011-04-04T03:04:31,2011-04-04T03:04:31,2011,2011
yukon-digital-geology,Yukon Digital Geology,0,0,0,0,1,information,yukon-geological-survey,2011-04-04T03:04:31,2011-04-04T03:04:31,2011,2011
yukon-mineral-industry-1941-1959,Yukon Mineral Industry 1941-1959,0,0,0,0,3,information,yukon-geological-survey,2011-04-04T03:04:31,2011-04-04T03:04:31,2011,2011
geological-map-of-parts-of-finlayson-lake-area-105g-7-8-and-parts-of-1-2-and-9-and-frances-lake,"Geological map of parts of Finlayson Lake area (105G/7, 8, and parts of 1, 2 and 9) and Frances Lake (parts of 105H/5 and 12) map areas, southeastern Yukon",0,0,0,0,2,information,yukon-geological-survey,2011-04-04T03:04:31,2011-04-04T03:04:31,2011,2011
surficial-geology-map-and-till-geochemistry-of-rose-mountain-105k-5-nw-central-yukon,"Surficial Geology Map and Till Geochemistry of Rose Mountain (105K/5 NW), Central Yukon",0,0,0,0,2,information,yukon-geological-survey,2011-04-04T03:04:31,2011-04-04T03:04:31,2011,2011
surficial-geology-map-and-till-geochemistry-of-swim-lakes-105k-2-ne-central-yukon,"Surficial Geology Map and Till Geochemistry of Swim Lakes (105K/2 NE),  Central Yukon",0,0,0,0,2,information,yukon-geological-survey,2011-04-04T03:04:31,2011-04-04T03:04:31,2011,2011
dawson-area-placer-activity-map-portions-of-nts-sheets-116bandc-and-115nando-yukon,"Dawson Area Placer Activity Map, Portions of NTS Sheets 116B&C and 115N&O, Yukon",0,0,0,0,2,information,yukon-geological-survey,2011-04-04T03:04:31,2011-04-04T03:04:31,2011,2011
geological-map-of-seattle-creek-area-western-selwyn-basin-yukon-nts-115p-16,"Geological Map of Seattle Creek Area, Western Selwyn Basin, Yukon, NTS 115P/16",0,0,0,0,2,information,yukon-geological-survey,2011-04-04T03:04:31,2011-04-04T03:04:31,2011,2011
surficial-geology-of-keno-hill-central-yukon-105m-14,"Surficial Geology of Keno Hill, Central Yukon (105M/14)",0,0,0,0,2,information,yukon-geological-survey,2011-04-04T03:04:31,2011-04-04T03:04:31,2011,2011
gold-losses-at-klondike-placer-mines-gold-recovery-project-phase-1,Gold Losses at Klondike Placer Mines - Gold Recovery Project (Phase 1),0,0,0,0,2,information,yukon-geological-survey,2011-04-04T03:04:31,2011-04-04T03:04:31,2011,2011
report-on-the-detailed-mineral-assessment-of-the-proposed-scottie-creek-special-management-area,"Report on the Detailed Mineral Assessment of the Proposed Scottie Creek Special Management Area, Yukon",0,0,0,0,2,information,yukon-geological-survey,2011-04-04T03:04:31,2011-04-04T03:04:31,2011,2011
geology-of-upper-laberge-map-area-southern-yukon-nts-105d-14,"Geology of Upper Laberge Map Area, Southern Yukon (NTS 105D/14)",0,0,0,0,2,information,yukon-geological-survey,2011-04-04T03:04:31,2011-04-04T03:04:31,2011,2011
geological-map-of-mt-haldane-area-yukon-105m-13,"Geological Map of Mt. Haldane area, Yukon (105M/13)",0,0,0,0,2,information,yukon-geological-survey,2011-04-04T03:04:31,2011-04-04T03:04:31,2011,2011
geological-map-of-wolverine-lake-area-pelly-mountains-nts-105g-8-southeastern-yukon,"Geological map of Wolverine Lake area, Pelly Mountains (NTS 105G/8), southeastern Yukon",0,0,0,0,2,information,yukon-geological-survey,2011-04-04T03:04:31,2011-04-04T03:04:31,2011,2011
geological-map-of-clear-creek-area-western-selwyn-basin-yukon,"Geological map of Clear Creek area, western Selwyn Basin, Yukon",0,0,0,1,2,information,yukon-geological-survey,2011-04-04T03:04:31,2011-04-04T03:04:31,2011,2011
geological-map-of-fairchild-lake-area-nts-106c-13-wernecke-mountains-yukon,"Geological Map of Fairchild Lake area (NTS 106C/13) Wernecke Mountains, Yukon",0,0,0,0,2,information,yukon-geological-survey,2011-04-04T03:04:31,2011-04-04T03:04:31,2011,2011
surficial-geology-of-dublin-gulch-map-area-central-yukon-106d-4,"Surficial Geology of Dublin Gulch Map Area, Central Yukon (106D/4)",0,0,0,0,2,information,yukon-geological-survey,2011-04-04T03:04:31,2011-04-04T03:04:31,2011,2011
an-analysis-of-sluicebox-riffle-performance,An Analysis of Sluicebox Riffle Performance,0,0,0,0,2,information,yukon-geological-survey,2011-04-04T03:04:30,2011-04-04T03:04:30,2011,2011
biological-detoxification-of-cyanide-in-northern-environments,Biological Detoxification of Cyanide in Northern Environments,0,0,0,0,2,information,yukon-geological-survey,2011-04-04T03:04:30,2011-04-04T03:04:30,2011,2011
heap-leaching-grade-and-metallurgical-evaluation-of-white-channel-gravel,Heap Leaching Grade and Metallurgical Evaluation of White Channel Gravel,0,0,0,0,2,information,yukon-geological-survey,2011-04-04T03:04:30,2011-04-04T03:04:30,2011,2011
mcconnell-ice-flow-map-of-the-anvil-district-105k-central-yukon,"McConnell Ice-Flow Map of the Anvil District (105K), Central Yukon",0,0,0,0,2,information,yukon-geological-survey,2011-04-04T03:04:30,2011-04-04T03:04:30,2011,2011
mineralogical-characteristics-which-affect-mineral-processing-of-faro-and-vangorda-ores-yukon-c,"Mineralogical characteristics which affect mineral processing of Faro and Vangorda Ores, Yukon, Canada",0,0,0,0,1,information,yukon-geological-survey,2011-04-04T03:04:30,2011-04-04T03:04:30,2011,2011
geological-map-of-mount-mye-105k-6-ne-and-barwell-lake-105k-11-se-central-yukon-1-25000-scale,"Geological map of Mount Mye (105K/6 NE) and Barwell Lake (105K/11 SE), central Yukon (1:25000 scale)",0,0,0,0,2,information,yukon-geological-survey,2011-04-04T03:04:30,2011-04-04T03:04:30,2011,2011
geological-map-of-pool-creek-nts-95c-5-southeastern-yukon-1-50-000-scale,"Geological map of Pool Creek (NTS 95C/5), southeastern Yukon (1:50 000 scale)",0,0,0,0,2,information,yukon-geological-survey,2011-04-04T03:04:30,2011-04-04T03:04:30,2011,2011
geological-map-of-swim-lakes-105k-2-ne-central-yukon-1-25000-scale,"Geological map of Swim Lakes (105K/2 NE), central Yukon (1:25000 scale)",0,0,0,0,2,information,yukon-geological-survey,2011-04-04T03:04:30,2011-04-04T03:04:30,2011,2011
geological-map-of-swim-lakes-105k-2-se-central-yukon-1-25000-scale,"Geological Map of Swim Lakes (105K/2 SE), central Yukon  (1:25000 scale)",0,0,0,0,2,information,yukon-geological-survey,2011-04-04T03:04:30,2011-04-04T03:04:30,2011,2011
geological-map-of-two-beaver-lake-map-area-116a-11-southeastern-ogilvie-mountains-yukon,"Geological Map of Two Beaver Lake Map Area (116A/11), southeastern Ogilvie Mountains, Yukon",0,0,0,0,2,information,yukon-geological-survey,2011-04-04T03:04:30,2011-04-04T03:04:30,2011,2011
geology-map-of-the-tiny-island-lake-map-area-105m-16,Geology Map of the Tiny Island Lake Map Area (105M/16),0,0,0,0,2,information,yukon-geological-survey,2011-04-04T03:04:30,2011-04-04T03:04:30,2011,2011
geological-compilation-with-interpretation-from-geophysical-surveys-of-the-northern-dawson-r-12,"Geological Compilation with Interpretation from Geophysical Surveys of the Northern Dawson Range, Central Yukon (115 J/9 & 10; 115 I/12)",0,0,0,0,2,information,yukon-geological-survey,2011-04-04T03:04:30,2011-04-04T03:04:30,2011,2011
nickel-copper-sulphide-deposits-in-kluane-ranges-yukon-parts-of-115f-115g,"Nickel-Copper-Sulphide Deposits in Kluane Ranges, Yukon (Parts of 115F, 115G)",0,0,0,0,2,information,yukon-geological-survey,2011-04-04T03:04:30,2011-04-04T03:04:30,2011,2011
petrology-of-the-nephelinites-and-associated-ultramafic-nodules-of-volcano-mountain-yukon-terri,"Petrology of the nephelinites and associated ultramafic nodules of Volcano Mountain, Yukon Territory",0,0,0,0,1,information,yukon-geological-survey,2011-04-04T03:04:30,2011-04-04T03:04:30,2011,2011
on-the-nature-and-origin-of-muck-deposits-klondike-district-yukon-territory,"On the nature and origin of muck deposits, Klondike District, Yukon Territory",0,0,0,0,1,information,yukon-geological-survey,2011-04-04T03:04:30,2011-04-04T03:04:30,2011,2011
preliminary-geological-map-of-division-mountain-area-105e-5-west-half-and-115-h-8-east-half-cen,"Preliminary Geological Map of Division Mountain Area (105E/5-West Half and 115 H/8 East Half), Central  Yukon  (1:50 000 scale)",0,0,0,0,2,information,yukon-geological-survey,2011-04-04T03:04:30,2011-04-04T03:04:30,2011,2011
preliminary-geological-map-of-grass-lakes-area-pelly-mountains-southeastern-yukon,"Preliminary geological map of Grass Lakes area, Pelly Mountains, southeastern Yukon",0,0,0,0,2,information,yukon-geological-survey,2011-04-04T03:04:30,2011-04-04T03:04:30,2011,2011
preliminary-geological-map-of-little-kalzas-lake-central-yukon-nts-105l-13,"Preliminary Geological Map of Little Kalzas Lake, Central Yukon (NTS 105L/13)",0,0,0,0,2,information,yukon-geological-survey,2011-04-04T03:04:30,2011-04-04T03:04:30,2011,2011
preliminary-geological-map-of-the-mt-vermillion-area-southern-yukon-parts-of-105g-5-and-6,"Preliminary Geological Map of the Mt. Vermillion Area, Southern Yukon (parts of 105G/5 and 6)",0,0,0,0,2,information,yukon-geological-survey,2011-04-04T03:04:30,2011-04-04T03:04:30,2011,2011
possible-mechanisms-of-natural-attenuation-of-metal-bearing-waters-in-soils-in-northern-climate,Possible Mechanisms of Natural Attenuation of Metal-bearing Waters in Soils in Northern Climates,0,0,0,0,2,information,yukon-geological-survey,2011-04-04T03:04:30,2011-04-04T03:04:30,2011,2011
structural-constraints-for-oil-and-gas-assessment-in-the-whitehorse-trough-new-results-from-sei,Structural constraints for oil and gas assessment in the Whitehorse Trough: New results from seismic profiling,0,0,0,0,2,information,yukon-geological-survey,2011-04-04T03:04:30,2011-04-04T03:04:30,2011,2011
structure-and-stratigraphy-of-the-macmillan-fold-belt-evidence-for-devonian-faulting,Structure and Stratigraphy of the MacMillan Fold Belt: Evidence for Devonian Faulting,0,0,0,0,5,information,yukon-geological-survey,2011-04-04T03:04:30,2011-04-04T03:04:30,2011,2011
report-on-the-detailed-mineral-assessment-of-the-proposed-wellesley-lake-special-management-are,"Report on the Detailed Mineral Assessment of the Proposed Wellesley Lake Special Management Area, Yukon",0,0,0,0,2,information,yukon-geological-survey,2011-04-04T03:04:30,2011-04-04T03:04:30,2011,2011
surficial-geology-of-seattle-creek-central-yukon-115p-16,"Surficial Geology of Seattle Creek, Central Yukon (115P/16)",0,0,0,0,2,information,yukon-geological-survey,2011-04-04T03:04:30,2011-04-04T03:04:30,2011,2011
surficial-geology-of-sprague-creek-central-yukon-nts-115p-15,"Surficial geology of Sprague Creek, central Yukon, NTS 115P/15",0,0,0,0,2,information,yukon-geological-survey,2011-04-04T03:04:30,2011-04-04T03:04:30,2011,2011
preliminary-metallogenic-maps-of-yukon,Preliminary Metallogenic Maps of Yukon,0,0,0,0,2,information,yukon-geological-survey,2011-04-04T03:04:30,2011-04-04T03:04:30,2011,2011
the-ore-deposits-of-alaska-and-the-yukon,The ore deposits of Alaska and the Yukon,0,0,0,0,1,information,yukon-geological-survey,2011-04-04T03:04:30,2011-04-04T03:04:30,2011,2011
preliminary-bedrock-geological-map-of-northern-finlayson-lake-area-nts-105g-yukon-territory-1-1,Preliminary bedrock geological map of northern Finlayson Lake area (NTS 105G) Yukon Territory (1:100 000 scale),0,0,0,0,4,information,yukon-geological-survey,2011-04-04T03:04:30,2011-04-04T03:04:30,2011,2011
geological-map-of-anvil-district-nts-105k-2-3-5-6-7-11-central-yukon-1-100-000-scale,"Geological map of Anvil District, (NTS 105K/2, 3, 5, 6, 7, 11), central Yukon (1:100 000 scale)",0,0,0,0,2,information,yukon-geological-survey,2011-04-04T03:04:30,2011-04-04T03:04:30,2011,2011
metallogenic-map-whitehorse-map-area-yukon,"Metallogenic Map, Whitehorse Map Area, Yukon",0,0,0,0,2,information,yukon-geological-survey,2011-04-04T03:04:30,2011-04-04T03:04:30,2011,2011
geological-map-of-the-mayo-map-area,Geological Map of the Mayo Map Area,0,0,0,0,2,information,yukon-geological-survey,2011-04-04T03:04:30,2011-04-04T03:04:30,2011,2011
geological-setting-and-stratiform-lead-zinc-barite-mineralization-of-tom-claims-macmillan-pass-,"Geological Setting and Stratiform Lead-Zinc-Barite Mineralization of Tom Claims, MacMillan pass, Yukon Territory",0,0,0,0,2,information,yukon-geological-survey,2011-04-04T03:04:30,2011-04-04T03:04:30,2011,2011
mayo-area-placer-activity-map-portions-of-nts-sheets-105m-106d-115p-and-116a-yukon,"Mayo Area Placer Activity Map, Portions of NTS Sheets 105M, 106D, 115P and 116A, Yukon",0,0,0,0,2,information,yukon-geological-survey,2011-04-04T03:04:30,2011-04-04T03:04:30,2011,2011
a-progress-report-on-stratigraphic-investigations-of-the-lowermost-succession-of-proterozoic-ro,"A Progress Report on Stratigraphic Investigations of the Lowermost Succession of Proterozoic Rocks, Northern Wernecke Mountains, Yukon",0,0,0,0,2,information,yukon-geological-survey,2011-04-04T03:04:29,2011-04-04T03:04:29,2011,2011
a-guide-to-soil-sampling-in-yukon,A guide to soil sampling in Yukon,0,0,0,0,2,information,yukon-geological-survey,2011-04-04T03:04:29,2011-04-04T03:04:29,2011,2011
first-vertical-derivative-of-the-magnetic-field-wernecke-mountain-aeromagnetic-survey-nts-106b-,"First vertical derivative of the magnetic field, Wernecke Mountain Aeromagnetic Survey, NTS 106B (NW quadrant), Yukon",0,0,0,0,2,information,yukon-geological-survey,2011-04-04T03:04:29,2011-04-04T03:04:29,2011,2011
mineral-assessment-of-the-ddhaw-ghro-habitat-protection-area-yukon,"Mineral Assessment of the Ddhaw Ghro Habitat Protection Area, Yukon",0,0,0,0,2,information,yukon-geological-survey,2011-04-04T03:04:29,2011-04-04T03:04:29,2011,2011
mineral-industry-report-1969-70,Mineral Industry Report 1969 - 70,0,0,0,0,2,information,yukon-geological-survey,2011-04-04T03:04:29,2011-04-04T03:04:29,2011,2011
mineral-industry-report-1971-72,Mineral Industry Report 1971 - 72,0,0,0,0,2,information,yukon-geological-survey,2011-04-04T03:04:29,2011-04-04T03:04:29,2011,2011
mineral-industry-report-1973,Mineral Industry Report 1973,0,0,0,0,2,information,yukon-geological-survey,2011-04-04T03:04:29,2011-04-04T03:04:29,2011,2011
mineral-industry-report-1974,Mineral Industry Report 1974,0,0,0,0,2,information,yukon-geological-survey,2011-04-04T03:04:29,2011-04-04T03:04:29,2011,2011
mineral-industry-report-1976,Mineral Industry Report 1976,0,0,0,0,2,information,yukon-geological-survey,2011-04-04T03:04:29,2011-04-04T03:04:29,2011,2011
mineral-industry-report-1978,Mineral Industry Report 1978,0,0,0,0,2,information,yukon-geological-survey,2011-04-04T03:04:29,2011-04-04T03:04:29,2011,2011
mineralogical-analysis-of-ore-specimens-from-the-rare-earth-deposits-of-dodgex-part-1-and-part-,Mineralogical Analysis of Ore Specimens from the Rare Earth Deposits of Dodgex (Part 1 and Part 2),0,0,0,0,2,information,yukon-geological-survey,2011-04-04T03:04:29,2011-04-04T03:04:29,2011,2011
geological-map-of-the-southern-campbell-range-nts-105h-3-sw-southeastern-yukon,"Geological map of the southern Campbell Range (NTS 105H/3 SW), southeastern Yukon",0,0,0,0,2,information,yukon-geological-survey,2011-04-04T03:04:29,2011-04-04T03:04:29,2011,2011
investigating-a-triassic-overlap-assemblage-in-yukon-on-going-field-studies-and-preliminary-det,Investigating a Triassic overlap assemblage in Yukon: On-going field studies and preliminary detrital-zircon age data.,0,0,0,0,2,information,yukon-geological-survey,2011-04-04T03:04:29,2011-04-04T03:04:29,2011,2011
regional-stream-sediment-and-water-geochemical-data-southwestern-yukon-parts-of-nts-115a-and-11,"Regional Stream Sediment and Water Geochemical Data, Southwestern Yukon (Parts of NTS 115A and 115B)",0,0,0,0,2,information,yukon-geological-survey,2011-04-04T03:04:29,2011-04-04T03:04:29,2011,2011
regional-stream-sediment-and-water-geochemical-data-western-yukon-nts-115n-east-and-115o,"Regional Stream Sediment and Water Geochemical Data, Western Yukon (NTS 115N (East) and 115O)",0,0,0,0,2,information,yukon-geological-survey,2011-04-04T03:04:29,2011-04-04T03:04:29,2011,2011
surficial-geology-of-seagull-creek-parts-of-nts-105f-10-and-7-yukon-1-50000-scale,"Surficial Geology of Seagull Creek  (parts of NTS 105F/10 and 7), Yukon (1:50,000 scale)",0,0,0,0,2,information,yukon-geological-survey,2011-04-04T03:04:29,2011-04-04T03:04:29,2011,2011
total-field-magnetic-wernecke-mountain-aeromagnetic-survey-nts-106f-south-half-yukon,"Total field magnetic, Wernecke Mountain Aeromagnetic Survey, NTS 106F (south half), Yukon",0,0,0,0,2,information,yukon-geological-survey,2011-04-04T03:04:29,2011-04-04T03:04:29,2011,2011
yukon-exploration-and-geology-2006,Yukon Exploration and Geology 2006,0,0,0,0,2,information,yukon-geological-survey,2011-04-04T03:04:29,2011-04-04T03:04:29,2011,2011
yukon-geology-and-exploration-1979-80,Yukon Geology and Exploration 1979-80,0,0,0,0,2,information,yukon-geological-survey,2011-04-04T03:04:29,2011-04-04T03:04:29,2011,2011
yukon-geology-bibliography-procite-database,Yukon Geology Bibliography (Procite Database),0,0,0,0,1,information,yukon-geological-survey,2011-04-04T03:04:29,2011-04-04T03:04:29,2011,2011
yukon-geoscience-looking-to-the-next-millennium,Yukon Geoscience - Looking to the Next Millennium,0,0,0,0,2,information,yukon-geological-survey,2011-04-04T03:04:29,2011-04-04T03:04:29,2011,2011
yukon-gold-silver-file-description-of-occurrences,Yukon Gold-Silver File Description of Occurrences,0,0,0,0,2,information,yukon-geological-survey,2011-04-04T03:04:29,2011-04-04T03:04:29,2011,2011
yukon-minerals-industry-bibliography,Yukon Minerals Industry Bibliography,0,0,0,0,1,information,yukon-geological-survey,2011-04-04T03:04:29,2011-04-04T03:04:29,2011,2011
yukon-mining-development-and-exploration-overview-2004,"Yukon Mining, Development & Exploration Overview 2004",0,0,0,0,2,information,yukon-geological-survey,2011-04-04T03:04:29,2011-04-04T03:04:29,2011,2011
yukon-mining-development-and-exploration-overview-2006,"Yukon Mining, Development and Exploration Overview 2006",0,0,0,0,2,information,yukon-geological-survey,2011-04-04T03:04:29,2011-04-04T03:04:29,2011,2011
yukon-placer-mining,Yukon Placer Mining,0,0,0,0,2,information,yukon-geological-survey,2011-04-04T03:04:29,2011-04-04T03:04:29,2011,2011
granitic-pegmatites-in-northwestern-canada,Granitic Pegmatites in Northwestern Canada,0,0,0,0,2,information,yukon-geological-survey,2011-04-04T03:04:29,2011-04-04T03:04:29,2011,2011
geological-setting-of-retrogressed-eclogite-and-jade-in-the-southern-campbell-range-preliminary,"Geological setting of retrogressed eclogite and jade in the southern Campbell Range: Preliminary structure and stratigraphy, Frances Lake area (NTS 105H), southeastern Yukon.",0,0,0,0,2,information,yukon-geological-survey,2011-04-04T03:04:29,2011-04-04T03:04:29,2011,2011
yukon-coal-inventory,Yukon Coal Inventory,0,0,0,0,2,information,yukon-geological-survey,2011-04-04T03:04:29,2011-04-04T03:04:29,2011,2011
yukon-exploration-and-geology-2004,Yukon Exploration and Geology 2004,0,0,0,0,2,information,yukon-geological-survey,2011-04-04T03:04:29,2011-04-04T03:04:29,2011,2011
exploration-criteria-for-gemstone-deposits-and-their-application-to-yukon-geology,Exploration Criteria for Gemstone Deposits and their Application to Yukon Geology,0,0,0,2,2,information,yukon-geological-survey,2011-04-04T03:04:29,2011-04-04T03:04:29,2011,2011
geology-of-the-white-river-native-copper-deposits-yukon-115f,"Geology of the White River Native Copper Deposits, Yukon (115F)",0,0,0,0,2,information,yukon-geological-survey,2011-04-04T03:04:29,2011-04-04T03:04:29,2011,2011
industrial-minerals-and-minor-metals-and-their-potential-for-development-in-the-yukon,Industrial Minerals and Minor Metals and their Potential for Development in the Yukon,0,0,0,0,2,information,yukon-geological-survey,2011-04-04T03:04:29,2011-04-04T03:04:29,2011,2011
granite-pegmatites-in-the-canadian-cordillera-yukon-and-northwest-territories,"Granite Pegmatites in the Canadian Cordillera, Yukon and Northwest Territories",0,0,0,0,2,information,yukon-geological-survey,2011-04-04T03:04:29,2011-04-04T03:04:29,2011,2011
stratabound-barite-and-lead-zinc-deposits-in-eastern-selwyn-basin-yukon,"Stratabound Barite and Lead-Zinc Deposits in Eastern Selwyn Basin, Yukon",0,0,0,2,2,information,yukon-geological-survey,2011-04-04T03:04:29,2011-04-04T03:04:29,2011,2011
anatomy-of-a-late-jurassic-gilbert-type-delta-in-basal-strata-of-the-tantalus-formation-whiteho,"Anatomy of a late Jurassic Gilbert-type delta in basal strata of the Tantalus Formation, Whitehorse Trough, Yukon",0,0,0,0,2,information,yukon-geological-survey,2011-04-04T03:04:28,2011-04-04T03:04:28,2011,2011
arsenic-in-plants-important-to-two-yukon-first-nations-impacts-of-gold-mining-and-reclamation-p,Arsenic in Plants Important to Two Yukon First nations: Impacts of Gold Mining and Reclamation Practices,0,0,0,0,2,information,yukon-geological-survey,2011-04-04T03:04:28,2011-04-04T03:04:28,2011,2011
aeromagnetic-total-field-yukon-territory-northwest-territories-106k-nw-ne,"Aeromagnetic Total Field, Yukon Territory/Northwest Territories, 106K/NW-NE",0,0,0,0,2,information,yukon-geological-survey,2011-04-04T03:04:28,2011-04-04T03:04:28,2011,2011
aeromagnetic-total-field-yukon-territory-northwest-territories-116p-sw-se,"Aeromagnetic Total Field, Yukon Territory/Northwest Territories, 116P/SW-SE",0,0,0,0,2,information,yukon-geological-survey,2011-04-04T03:04:28,2011-04-04T03:04:28,2011,2011
aeromagnetic-total-field-yukon-territory-nts-106f-ne-nw,"Aeromagnetic Total Field, Yukon Territory, NTS 106F/NE-NW",0,0,0,0,2,information,yukon-geological-survey,2011-04-04T03:04:28,2011-04-04T03:04:28,2011,2011
aeromagnetic-total-field-yukon-territory-nts-106l-ne-nw,"Aeromagnetic Total Field, Yukon Territory, NTS 106L/NE-NW",0,0,0,0,2,information,yukon-geological-survey,2011-04-04T03:04:28,2011-04-04T03:04:28,2011,2011
bedrock-geology-dorsey-lake-nts-105b-4-southern-yukon-1-50000-scale,"Bedrock Geology, Dorsey Lake (NTS 105B/4), southern Yukon (1:50,000 scale)",0,0,0,0,2,information,yukon-geological-survey,2011-04-04T03:04:28,2011-04-04T03:04:28,2011,2011
bedrock-geology-of-the-duke-river-area-parts-of-nts-115g-2-3-4-6-and-7-southwestern-yukon,"Bedrock geology of the Duke River area, parts of NTS 115G/2, 3, 4, 6 and 7, southwestern Yukon",0,0,0,0,2,information,yukon-geological-survey,2011-04-04T03:04:28,2011-04-04T03:04:28,2011,2011
detoxifying-pit-lakes-by-controlled-algal-blooms-laboratory-study-and-pilot-field-trial-at-litt,"Detoxifying Pit Lakes by Controlled Algal Blooms: Laboratory Study and Pilot Field Trial at little Creek Pond at Vangoda Pit near Faro, Yukon, Canada",0,0,0,0,2,information,yukon-geological-survey,2011-04-04T03:04:28,2011-04-04T03:04:28,2011,2011
digital-compilation-of-bedrock-geology-and-till-geochemistry-of-glenlyon-105l-and-eastern-carma,"Digital compilation of bedrock geology and till geochemistry of Glenlyon (105L) and eastern Carmacks (115I) map areas, Yukon Territory",0,0,0,0,2,information,yukon-geological-survey,2011-04-04T03:04:28,2011-04-04T03:04:28,2011,2011
examination-of-revegetation-methodologies-for-dry-stack-tailings-in-northern-environments,Examination of Revegetation Methodologies for Dry Stack Tailings in Northern Environments,0,0,0,0,2,information,yukon-geological-survey,2011-04-04T03:04:28,2011-04-04T03:04:28,2011,2011
exploration-criteria-for-coloured-gemstone-deposits-in-yukon,Exploration Criteria For Coloured Gemstone Deposits in Yukon,0,0,0,0,2,information,yukon-geological-survey,2011-04-04T03:04:28,2011-04-04T03:04:28,2011,2011
exploring-keno-hill-stories-of-a-silver-deposit,Exploring Keno Hill -  Stories of a Silver Deposit,0,0,0,0,4,information,yukon-geological-survey,2011-04-04T03:04:28,2011-04-04T03:04:28,2011,2011
gold-mineralization-in-the-upper-hyland-river-area-a-non-magmatic-origin,Gold mineralization in the upper Hyland River area: a non-magmatic origin,0,0,0,0,2,information,yukon-geological-survey,2011-04-04T03:04:28,2011-04-04T03:04:28,2011,2011
geological-map-of-faro-nts-105k-3-nw-and-mount-mye-nts-105k-6-sw-central-yukon-1-25-000-scale,"Geological map of Faro (NTS 105K/3 NW) and Mount Mye (NTS 105K/6 SW), central Yukon (1:25 000 scale)",0,0,0,0,2,information,yukon-geological-survey,2011-04-04T03:04:28,2011-04-04T03:04:28,2011,2011
geological-map-of-mount-mye-nts-105k-6-ne-and-barwell-lake-nts-105k-11-se-central-yukon-1-25-00,"Geological map of Mount Mye (NTS 105K/6 NE) and Barwell Lake (NTS 105K/11 SE), central Yukon (1:25 000 scale)",0,0,0,0,2,information,yukon-geological-survey,2011-04-04T03:04:28,2011-04-04T03:04:28,2011,2011
geological-map-of-swim-lakes-nts-105k-2-ne-yukon-1-25-000-scale,"Geological map of Swim Lakes (NTS 105K/2 NE), Yukon (1:25 000 scale)",0,0,0,0,2,information,yukon-geological-survey,2011-04-04T03:04:28,2011-04-04T03:04:28,2011,2011
geological-map-of-swim-lakes-nts-105k-2-w-yukon-1-25-000-scale,"Geological map of Swim Lakes (NTS 105K/2 W), Yukon (1:25 000 scale)",0,0,0,0,2,information,yukon-geological-survey,2011-04-04T03:04:28,2011-04-04T03:04:28,2011,2011
geology-and-lithogeochemistry-of-the-fyre-lake-copper-cobalt-gold-sulphide-magnetite-deposit-so,"Geology and lithogeochemistry of the Fyre lake copper-cobalt-gold sulphide-magnetite deposit, southeastern Yukon",0,0,0,0,2,information,yukon-geological-survey,2011-04-04T03:04:28,2011-04-04T03:04:28,2011,2011
industrial-minerals-gems-and-minor-metals-in-the-yukon,"Industrial Minerals, Gems and Minor Metals in the Yukon",0,0,0,0,2,information,yukon-geological-survey,2011-04-04T03:04:28,2011-04-04T03:04:28,2011,2011
geology-and-mineral-potential-of-yukon-tanana-terrane-in-the-livingstone-creek-area-nts-105e-8-,"Geology and mineral potential of Yukon-Tanana Terrane in the Livingstone Creek area (NTS 105E/8), south-central Yukon",0,0,0,0,2,information,yukon-geological-survey,2011-04-04T03:04:28,2011-04-04T03:04:28,2011,2011
geological-map-of-blind-creek-nts-105k-7-nw-yukon-1-25000-scale,"Geological map of Blind Creek (NTS 105K/7 NW), Yukon (1:25,000 scale)",0,0,0,0,2,information,yukon-geological-survey,2011-04-04T03:04:28,2011-04-04T03:04:28,2011,2011
follow-up-monitoring-shrub-trial-plots-at-brewery-creek-mine-and-bioengineering-trials-at-nonam,Follow-up Monitoring: Shrub Trial Plots at Brewery Creek Mine and Bioengineering Trials at Noname Creek,0,0,0,0,2,information,yukon-geological-survey,2011-04-04T03:04:28,2011-04-04T03:04:28,2011,2011
natural-attenuation-of-aqueous-zinc-in-shallow-soils-over-permafrost-downslope-of-galkeno-300-m,"Natural Attenuation of Aqueous Zinc in Shallow Soils over Permafrost Downslope of Galkeno 300 mine Adit, United Keno hill Mines, central yukon",0,0,0,0,2,information,yukon-geological-survey,2011-04-04T03:04:28,2011-04-04T03:04:28,2011,2011
placer-geology-and-prospective-exploration-targets-of-sixtymile-river-area-west-central-yukon,"Placer geology and prospective exploration targets of Sixtymile River area, west-central Yukon",0,0,0,0,2,information,yukon-geological-survey,2011-04-04T03:04:28,2011-04-04T03:04:28,2011,2011
shaded-magnetic-first-vertical-derivative-yukon-territory-northwest-territories-nts-106k-nw-ne,"Shaded Magnetic First Vertical Derivative, Yukon Territory/Northwest Territories; NTS 106K/NW-NE",0,0,0,0,2,information,yukon-geological-survey,2011-04-04T03:04:28,2011-04-04T03:04:28,2011,2011
shaded-magnetic-first-vertical-derivative-yukon-territory-nts-106f-ne-nw,"Shaded Magnetic First Vertical Derivative, Yukon Territory, NTS 106F/NE-NW",0,0,0,0,2,information,yukon-geological-survey,2011-04-04T03:04:28,2011-04-04T03:04:28,2011,2011
shaded-magnetic-first-vertical-derivative-yukon-territory-nts-106l-ne-nw,"Shaded Magnetic First Vertical Derivative, Yukon Territory, NTS 106L/NE-NW",0,0,0,0,2,information,yukon-geological-survey,2011-04-04T03:04:28,2011-04-04T03:04:28,2011,2011
till-geochemistry-of-the-finlayson-lake-105g-glenlyon-105l-and-east-carmacks-115i-map-areas-yuk,"Till geochemistry of the Finlayson Lake (105G), Glenlyon (105L) and east Carmacks (115I) map areas, Yukon Territory",0,0,0,0,2,information,yukon-geological-survey,2011-04-04T03:04:28,2011-04-04T03:04:28,2011,2011
yukon-exploration-and-geology-2005,Yukon Exploration and Geology 2005,0,0,0,0,2,information,yukon-geological-survey,2011-04-04T03:04:28,2011-04-04T03:04:28,2011,2011
bedrock-geology-morris-lake-105b-5-southern-yukon-1-50000-scale,"Bedrock Geology, Morris Lake (105B/5), southern Yukon (1:50,000 scale)",0,0,0,0,2,information,yukon-geological-survey,2011-04-04T03:04:28,2011-04-04T03:04:28,2011,2011
yukon-regional-mineral-potential-by-deposit-models-2003,Yukon Regional Mineral Potential by Deposit Models 2003,0,0,0,0,24,information,yukon-geological-survey,2011-04-04T03:04:28,2011-04-04T03:04:28,2011,2011
sedimentology-stratigraphy-and-source-rock-potential-of-the-richthofen-formation-jurassic-north,"Sedimentology, stratigraphy and source rock potential of the Richthofen formation (Jurassic), northern Whitehorse Trough, Yukon",0,0,0,0,2,information,yukon-geological-survey,2011-04-04T03:04:28,2011-04-04T03:04:28,2011,2011
summary-of-rock-eval-data-for-the-whitehorse-trough-yukon-implications-concerning-the-hydrocarb,"Summary of Rock-Eval data for the Whitehorse trough, Yukon: implications concerning the hydrocarbon potential of a frontier basin",0,0,0,0,2,information,yukon-geological-survey,2011-04-04T03:04:28,2011-04-04T03:04:28,2011,2011
yukon-exploration-and-geology-2002,Yukon Exploration and Geology 2002,0,0,0,0,2,information,yukon-geological-survey,2011-04-04T03:04:28,2011-04-04T03:04:28,2011,2011
yukon-exploration-and-geology-2003,Yukon Exploration and Geology 2003,0,0,0,0,2,information,yukon-geological-survey,2011-04-04T03:04:28,2011-04-04T03:04:28,2011,2011
yukon-digital-geology-version-2,Yukon Digital Geology (version 2),0,0,0,0,2,information,yukon-geological-survey,2011-04-04T03:04:28,2011-04-04T03:04:28,2011,2011
geofield-v-2-2-data-management-and-map-production-for-the-field-geologist,GeoFIELD v.2.2 - Data management and map production for the field geologist,0,0,0,0,2,information,yukon-geological-survey,2011-04-04T03:04:28,2011-04-04T03:04:28,2011,2011
flying-in-sheep-country-how-to-minimize-disturbance-from-aircraft,Flying in sheep country: How to minimize disturbance from aircraft,0,0,0,0,2,information,yukon-geological-survey,2011-04-04T03:04:28,2011-04-04T03:04:28,2011,2011
geology-of-joe-mountain-map-area-105d-15-southern-yukon-1-50-000-scale,"Geology of Joe Mountain map area (105D/15), southern Yukon (1:50 000 scale)",0,0,0,0,2,information,yukon-geological-survey,2011-04-04T03:04:28,2011-04-04T03:04:28,2011,2011
unconformity-related-uranium-potential-clues-from-wernecke-breccia-yukon,"Unconformity-related uranium potential: clues from Wernecke Breccia, Yukon",0,0,0,0,2,information,yukon-geological-survey,2011-04-04T03:04:28,2011-04-04T03:04:28,2011,2011
bedrock-geology-seagull-creek-105b-3-southern-yukon-1-50000-scale,"Bedrock Geology, Seagull Creek (105B/3), southern Yukon (1:50,000 scale)",0,0,0,0,2,information,yukon-geological-survey,2011-04-04T03:04:28,2011-04-04T03:04:28,2011,2011
geological-map-of-anvil-district-yukon-1-100-000-scale,"Geological Map of Anvil District, Yukon (1:100 000 Scale)",0,0,0,0,2,information,yukon-geological-survey,2011-04-04T03:04:28,2011-04-04T03:04:28,2011,2011
active-layer-detachments-following-the-summer-2004-forest-fires-near-dawson-city-yukon,"Active-layer detachments following the summer 2004 forest fires near Dawson City, Yukon",0,2,0,0,2,information,yukon-geological-survey,2011-04-04T03:04:28,2011-04-04T03:04:28,2011,2011
geological-map-of-southern-semenof-hills-part-of-nts-105e-178-south-central-yukon-1-50-000-scal,"Geological map of southern Semenof Hills (part of NTS 105E/1,7,8), south-central Yukon (1:50 000 scale)",0,0,0,3,2,information,yukon-geological-survey,2011-04-04T03:04:28,2011-04-04T03:04:28,2011,2011
compositional-studies-of-placer-and-lode-gold-from-western-yukon-implications-for-lode-sources,Compositional studies of placer and lode gold from western Yukon: implications for lode sources,0,0,0,0,2,information,yukon-geological-survey,2011-04-04T03:04:27,2011-04-04T03:04:27,2011,2011
first-vertical-derivative-of-the-magnetic-field-mcquesten-aeromagnetic-survey-nts-115j-16-and-p,"First vertical derivative of the magnetic field, McQuesten Aeromagnetic Survey, NTS 115J/16 and part of 115J/15, Yukon",0,0,0,0,2,information,yukon-geological-survey,2011-04-04T03:04:27,2011-04-04T03:04:27,2011,2011
gold-run-creek-erosion-control-project-2006-follow-up-monitoring,Gold Run Creek Erosion Control Project 2006 Follow-up Monitoring,0,0,0,0,3,information,yukon-geological-survey,2011-04-04T03:04:27,2011-04-04T03:04:27,2011,2011
geochronological-and-lithogeochemical-studies-of-intrusive-rocks-in-the-nahanni-region-southwes,"Geochronological and lithogeochemical studies of intrusive rocks in the Nahanni region, southwestern Northwest Territories and southeastern Yukon",0,0,0,0,2,information,yukon-geological-survey,2011-04-04T03:04:27,2011-04-04T03:04:27,2011,2011
geology-of-the-quartet-mountain-lamprophyre-suite-wernecke-mountains-yukon,"Geology of the Quartet Mountain lamprophyre suite, Wernecke Mountains, Yukon",0,0,0,0,2,information,yukon-geological-survey,2011-04-04T03:04:27,2011-04-04T03:04:27,2011,2011
paleomagnetism-of-the-91-ma-deadman-pluton-post-mid-cretaceous-tectonic-motion-in-central-yukon,Paleomagnetism of the ~91 Ma Deadman pluton: Post-mid-Cretaceous tectonic motion in central Yukon,0,0,0,0,2,information,yukon-geological-survey,2011-04-04T03:04:27,2011-04-04T03:04:27,2011,2011
sedimentology-of-placer-gravels-near-mt-nansen-central-yukon-territory-115-i,"Sedimentology of Placer Gravels Near Mt. Nansen, Central Yukon Territory  (115 I)",0,0,0,0,3,information,yukon-geological-survey,2011-04-04T03:04:27,2011-04-04T03:04:27,2011,2011
shrub-trial-plots-brewery-creek-mine-2006-follow-up-monitoring-report,Shrub-Trial Plots - Brewery Creek Mine 2006 Follow-up Monitoring Report,0,0,0,0,3,information,yukon-geological-survey,2011-04-04T03:04:27,2011-04-04T03:04:27,2011,2011
residual-total-magnetic-field-mcquesten-aeromagnetic-survey-nts-115o-1-and-115o-2-yukon,"Residual total magnetic field, McQuesten Aeromagnetic Survey, NTS 115O/1 and 115O/2, Yukon",0,0,0,0,2,information,yukon-geological-survey,2011-04-04T03:04:27,2011-04-04T03:04:27,2011,2011
residual-total-magnetic-field-mcquesten-aeromagnetic-survey-nts-115p-2-and-part-of-115p-1-yukon,"Residual total magnetic field, McQuesten Aeromagnetic Survey, NTS 115P/2 and part of 115P/1, Yukon",0,0,0,0,2,information,yukon-geological-survey,2011-04-04T03:04:27,2011-04-04T03:04:27,2011,2011
residual-total-magnetic-field-mcquesten-aeromagnetic-survey-nts-115p-3-and-115p-4-yukon,"Residual total magnetic field, McQuesten Aeromagnetic Survey, NTS 115P/3 and 115P/4, Yukon",0,0,0,0,2,information,yukon-geological-survey,2011-04-04T03:04:27,2011-04-04T03:04:27,2011,2011
residual-total-magnetic-field-mcquesten-aeromagnetic-survey-nts-115p-5-115o-8-and-part-of-115o-,"Residual total magnetic field, McQuesten Aeromagnetic Survey, NTS 115P/5, 115O/8 and part of  115O/7, Yukon",0,0,0,0,2,information,yukon-geological-survey,2011-04-04T03:04:27,2011-04-04T03:04:27,2011,2011
uranium-lead-id-ti-ms-and-la-icp-ms-ages-for-the-cassiar-and-seagull-batholiths-wolf-lake-map-a,"Uranium-lead ID-TI MS and LA-ICP-MS ages for the Cassiar and Seagull batholiths, Wolf Lake map area, southern Yukon.",0,0,0,0,2,information,yukon-geological-survey,2011-04-04T03:04:27,2011-04-04T03:04:27,2011,2011
the-whitehorse-copper-belt-yukon,"The Whitehorse Copper Belt, Yukon",0,0,0,0,2,information,yukon-geological-survey,2011-04-04T03:04:27,2011-04-04T03:04:27,2011,2011
yukon-exploration-1991,Yukon Exploration 1991,0,0,0,0,2,information,yukon-geological-survey,2011-04-04T03:04:27,2011-04-04T03:04:27,2011,2011
yukon-exploration-and-geology-1995,Yukon Exploration and Geology 1995,0,0,0,0,2,information,yukon-geological-survey,2011-04-04T03:04:27,2011-04-04T03:04:27,2011,2011
yukon-exploration-and-geology-1997,Yukon Exploration and Geology 1997,0,0,0,0,2,information,yukon-geological-survey,2011-04-04T03:04:27,2011-04-04T03:04:27,2011,2011
yukon-exploration-and-geology-1998,Yukon Exploration and Geology 1998,0,0,0,0,2,information,yukon-geological-survey,2011-04-04T03:04:27,2011-04-04T03:04:27,2011,2011
yukon-exploration-and-geology-1999,Yukon Exploration and Geology 1999,0,0,0,0,2,information,yukon-geological-survey,2011-04-04T03:04:27,2011-04-04T03:04:27,2011,2011
yukon-exploration-and-geology-2001,Yukon Exploration and Geology 2001,0,0,0,0,2,information,yukon-geological-survey,2011-04-04T03:04:27,2011-04-04T03:04:27,2011,2011
yukon-geology-volume-1,Yukon Geology Volume 1,0,0,0,0,2,information,yukon-geological-survey,2011-04-04T03:04:27,2011-04-04T03:04:27,2011,2011
yukon-geology-volume-2,Yukon Geology Volume 2,0,0,0,0,2,information,yukon-geological-survey,2011-04-04T03:04:27,2011-04-04T03:04:27,2011,2011
yukon-geology-volume-3,Yukon Geology Volume 3,0,0,0,0,2,information,yukon-geological-survey,2011-04-04T03:04:27,2011-04-04T03:04:27,2011,2011
yukon-mining-and-exploration-overview-1988,Yukon Mining and Exploration Overview 1988,0,0,0,0,2,information,yukon-geological-survey,2011-04-04T03:04:27,2011-04-04T03:04:27,2011,2011
yukon-mining-and-exploration-overview-1998,Yukon Mining & Exploration Overview 1998,0,0,0,0,2,information,yukon-geological-survey,2011-04-04T03:04:27,2011-04-04T03:04:27,2011,2011
yukon-mining-and-exploration-overview-1999,Yukon Mining & Exploration Overview 1999,0,0,0,0,2,information,yukon-geological-survey,2011-04-04T03:04:27,2011-04-04T03:04:27,2011,2011
yukon-mining-and-exploration-overview-2000,Yukon Mining & Exploration Overview 2000,0,0,0,0,2,information,yukon-geological-survey,2011-04-04T03:04:27,2011-04-04T03:04:27,2011,2011
yukon-quaternary-geology-volume-2-1997,Yukon Quaternary Geology - Volume 2 - 1997,0,0,0,0,2,information,yukon-geological-survey,2011-04-04T03:04:27,2011-04-04T03:04:27,2011,2011
residual-total-magnetic-field-mcquesten-aeromagnetic-survey-nts-115j-16-and-part-of-115j-15-yuk,"Residual total magnetic field, McQuesten Aeromagnetic Survey, NTS 115J/16 and part of 115J/15, Yukon",0,0,0,0,2,information,yukon-geological-survey,2011-04-04T03:04:27,2011-04-04T03:04:27,2011,2011
yukonage-2004-a-database-of-isotopic-age-determinations-for-rock-units-in-yukon-territory,YukonAge 2004 - A database of isotopic age determinations for rock units in Yukon Territory,0,0,0,0,1,information,yukon-geological-survey,2011-04-04T03:04:27,2011-04-04T03:04:27,2011,2011
preliminary-geology-of-fenwick-creek-105d-3-and-alligator-lake-105d-6-map-areas,Preliminary Geology of Fenwick Creek (105D/3) & Alligator Lake (105D/6) Map Areas,0,0,0,0,3,information,yukon-geological-survey,2011-04-04T03:04:27,2011-04-04T03:04:27,2011,2011
proposed-tombstone-area-park-a-preliminary-review-of-mineral-potential-116b,Proposed Tombstone Area Park: A Preliminary Review of Mineral Potential  (116B),0,0,0,0,2,information,yukon-geological-survey,2011-04-04T03:04:27,2011-04-04T03:04:27,2011,2011
geology-and-genesis-of-the-mount-skukum-epithermal-gold-silver-deposits-southwestern-yukon-nts-,"Geology and Genesis of the Mount Skukum Epithermal Gold-Silver Deposits, Southwestern Yukon (NTS 105 D/3, 6)",0,0,0,0,2,information,yukon-geological-survey,2011-04-04T03:04:27,2011-04-04T03:04:27,2011,2011
the-whitehorse-copper-belt-mining-exploration-and-geology-1967-1980,"The Whitehorse Copper Belt: Mining, Exploration & Geology 1967 - 1980",0,0,0,0,2,information,yukon-geological-survey,2011-04-04T03:04:27,2011-04-04T03:04:27,2011,2011
stratigraphy-summary-for-southeast-yukon-nts-95d-8-and-95c-5,Stratigraphy summary for southeast Yukon (NTS 95D/8 and 95C/5),0,0,0,0,2,information,yukon-geological-survey,2011-04-04T03:04:27,2011-04-04T03:04:27,2011,2011
yukon-placer-mining-and-exploration-1985-to-1988,Yukon Placer Mining & Exploration 1985 to 1988,0,0,0,0,2,information,yukon-geological-survey,2011-04-04T03:04:27,2011-04-04T03:04:27,2011,2011
yukon-exploration-and-geology-1992,Yukon Exploration and Geology 1992,0,0,0,0,2,information,yukon-geological-survey,2011-04-04T03:04:27,2011-04-04T03:04:27,2011,2011
yukon-exploration-1990,Yukon Exploration 1990,0,0,0,0,2,information,yukon-geological-survey,2011-04-04T03:04:27,2011-04-04T03:04:27,2011,2011
yukon-exploration-1989,Yukon Exploration 1989,0,0,0,0,2,information,yukon-geological-survey,2011-04-04T03:04:27,2011-04-04T03:04:27,2011,2011
yukon-exploration-and-geology-1996,Yukon Exploration and Geology 1996,0,0,0,0,2,information,yukon-geological-survey,2011-04-04T03:04:27,2011-04-04T03:04:27,2011,2011
yukon-exploration-and-geology-1993,Yukon Exploration and Geology 1993,0,0,0,0,2,information,yukon-geological-survey,2011-04-04T03:04:27,2011-04-04T03:04:27,2011,2011
yukon-regional-geochemical-database-stream-sediment-analyses,Yukon Regional Geochemical Database - Stream sediment analyses,0,0,0,0,3,information,yukon-geological-survey,2011-04-04T03:04:27,2011-04-04T03:04:27,2011,2011
geology-of-keno-hill-map-area-105m-14,Geology of Keno Hill Map Area (105M/14),0,0,0,0,2,information,yukon-geological-survey,2011-04-04T03:04:27,2011-04-04T03:04:27,2011,2011
mineral-assessment-of-the-tombstone-study-area-yukon,"Mineral Assessment of the Tombstone Study Area, Yukon",0,0,0,0,3,information,yukon-geological-survey,2011-04-04T03:04:27,2011-04-04T03:04:27,2011,2011
yukon-mining-and-exploration-overview-2001,Yukon Mining & Exploration Overview 2001,0,0,0,0,2,information,yukon-geological-survey,2011-04-04T03:04:27,2011-04-04T03:04:27,2011,2011
yukon-exploration-and-geology-2000,Yukon Exploration and Geology 2000,0,0,0,0,2,information,yukon-geological-survey,2011-04-04T03:04:27,2011-04-04T03:04:27,2011,2011
yukon-exploration-1988,Yukon Exploration 1988,0,0,0,0,2,information,yukon-geological-survey,2011-04-04T03:04:27,2011-04-04T03:04:27,2011,2011
mineral-industry-report-1977,Mineral Industry Report 1977,0,0,0,0,1,information,yukon-geological-survey,2011-04-04T03:04:26,2011-04-04T03:04:26,2011,2011
yukon-geoscience-a-blueprint-for-the-future-yukon-geology-program-1995,Yukon Geoscience - A Blueprint for the Future (Yukon Geology Program) 1995,0,0,0,0,2,information,yukon-geological-survey,2011-04-04T03:04:26,2011-04-04T03:04:26,2011,2011
yukon-exploration-1987,Yukon Exploration 1987,0,0,0,0,2,information,yukon-geological-survey,2011-04-04T03:04:26,2011-04-04T03:04:26,2011,2011
yukon-exploration-and-geology-1983,Yukon Exploration and Geology 1983,0,0,0,0,2,information,yukon-geological-survey,2011-04-04T03:04:26,2011-04-04T03:04:26,2011,2011
yukon-exploration-and-geology-1982,Yukon Exploration and Geology 1982,0,0,0,0,2,information,yukon-geological-survey,2011-04-04T03:04:26,2011-04-04T03:04:26,2011,2011
yukon-exploration-1985-86,Yukon Exploration 1985-86,0,0,0,0,2,information,yukon-geological-survey,2011-04-04T03:04:26,2011-04-04T03:04:26,2011,2011
yukon-exploration-1984,Yukon Exploration 1984,0,0,0,0,2,information,yukon-geological-survey,2011-04-04T03:04:26,2011-04-04T03:04:26,2011,2011
yukon-placer-mining-industry-1993-to-1994,Yukon Placer Mining Industry 1993 to 1994,0,0,0,0,2,information,yukon-geological-survey,2011-04-04T03:04:26,2011-04-04T03:04:26,2011,2011
yukon-placer-mining-industry-1991-1992,Yukon Placer Mining Industry 1991-1992,0,0,0,0,2,information,yukon-geological-survey,2011-04-04T03:04:26,2011-04-04T03:04:26,2011,2011
yukon-placer-mining-industry-1995-96-97,"Yukon Placer Mining Industry 1995, '96, '97",0,0,0,0,2,information,yukon-geological-survey,2011-04-04T03:04:26,2011-04-04T03:04:26,2011,2011
mineral-industry-report-1975,Mineral Industry Report 1975,0,0,0,0,2,information,yukon-geological-survey,2011-04-04T03:04:26,2011-04-04T03:04:26,2011,2011
geology-of-upper-laberge-map-area-105d-14-southern-yukon-1-50-000-scale,"Geology of Upper Laberge map area (105D/14), southern Yukon (1:50 000 scale)",0,0,0,0,2,information,yukon-geological-survey,2011-04-04T03:04:25,2011-04-04T03:04:25,2011,2011
mineralogical-and-geochemical-study-of-the-true-blue-aquamarine-showing-shark-property-southern,"Mineralogical and geochemical study of the True Blue aquamarine showing, Shark property, southern Yukon",0,0,0,0,2,information,yukon-geological-survey,2011-04-04T03:04:25,2011-04-04T03:04:25,2011,2011
geological-map-of-mount-mye-nts-105k-6-e-yukon-1-25000-scale,"Geological map of Mount Mye (NTS 105K/6 E), Yukon (1:25,000 scale)",0,0,0,0,2,information,yukon-geological-survey,2011-04-04T03:04:25,2011-04-04T03:04:25,2011,2011
geological-map-of-mount-mye-nts-105k-6-nw-central-yukon-1-25-000-scale,"Geological map of Mount Mye (NTS 105K/6 NW), central Yukon (1:25 000 scale)",0,0,0,0,2,information,yukon-geological-survey,2011-04-04T03:04:25,2011-04-04T03:04:25,2011,2011
geological-map-of-mount-mye-nts-105k-6-w-central-yukon-1-25-000-scale,"Geological map of Mount Mye (NTS 105K/6 W), central Yukon (1:25 000 scale)",0,0,0,0,2,information,yukon-geological-survey,2011-04-04T03:04:25,2011-04-04T03:04:25,2011,2011
geological-map-of-rose-mountain-nts-105k-5-ne-yukon-1-25000-scale,"Geological map of Rose Mountain (NTS 105K/5 NE), Yukon (1:25,000 scale)",0,0,0,0,2,information,yukon-geological-survey,2011-04-04T03:04:25,2011-04-04T03:04:25,2011,2011
geological-map-of-rose-mountain-nts-105k-5-nw-yukon-1-25000-scale,"Geological map of Rose Mountain (NTS 105K/5 NW), Yukon (1:25,000 scale)",0,0,0,0,2,information,yukon-geological-survey,2011-04-04T03:04:25,2011-04-04T03:04:25,2011,2011
geological-map-of-rose-mountain-nts-105k-5-se-central-yukon-1-25-000-scale,"Geological map of Rose Mountain (NTS 105K/5 SE), central Yukon (1:25 000 scale)",0,0,0,0,2,information,yukon-geological-survey,2011-04-04T03:04:25,2011-04-04T03:04:25,2011,2011
geological-map-of-swim-lakes-nts-105k-2-se-yukon-1-25-000-scale,"Geological map of Swim Lakes (NTS 105K/2 SE), Yukon (1:25 000 scale)",0,0,0,0,2,information,yukon-geological-survey,2011-04-04T03:04:25,2011-04-04T03:04:25,2011,2011
high-level-terraces-indian-river-valley-yukon,"High-level terraces, Indian River valley, Yukon",0,0,0,0,2,information,yukon-geological-survey,2011-04-04T03:04:25,2011-04-04T03:04:25,2011,2011
intrusive-suites-and-major-stratigraphic-tectonic-successions-nts-105k-2356711-central-yukon-1-,"Intrusive suites and major stratigraphic-tectonic successions (NTS 105K/2,3,5,6,7,11), central Yukon (1:100,000 Scale)",0,0,0,0,2,information,yukon-geological-survey,2011-04-04T03:04:25,2011-04-04T03:04:25,2011,2011
geological-map-of-blind-creek-105k-7-se-central-yukon-1-25-000-scale,"Geological Map of Blind Creek (105K/7 SE), Central Yukon (1:25 000 scale)",0,0,0,0,2,information,yukon-geological-survey,2011-04-04T03:04:25,2011-04-04T03:04:25,2011,2011
geological-map-of-blind-creek-nts-105k-7-se-yukon-1-25-000-scale,"Geological map of Blind Creek (NTS 105K/7 SE), Yukon (1:25 000 scale)",0,0,0,0,2,information,yukon-geological-survey,2011-04-04T03:04:25,2011-04-04T03:04:25,2011,2011
geological-map-of-blind-creek-nts-105k-7-sw-yukon-1-25-000-scale,"Geological map of Blind Creek (NTS 105K/7 SW), Yukon (1:25 000 scale)",0,0,0,0,2,information,yukon-geological-survey,2011-04-04T03:04:25,2011-04-04T03:04:25,2011,2011
geological-map-of-dolores-creek-area-wernecke-mountains-yukon-106c-14,"Geological map of Dolores Creek area, Wernecke Mountains, Yukon (106C/14)",0,0,0,0,2,information,yukon-geological-survey,2011-04-04T03:04:25,2011-04-04T03:04:25,2011,2011
geological-map-of-faro-nts-105k-3-ne-and-mount-mye-nts-105k-6-se-yukon-1-25-000-scale,"Geological map of Faro (NTS 105K/3 NE) and Mount Mye (NTS 105K/6 SE), Yukon (1:25 000 scale)",0,0,0,0,2,information,yukon-geological-survey,2011-04-04T03:04:25,2011-04-04T03:04:25,2011,2011
preliminary-geological-map-of-the-quill-creek-area-parts-of-nts-115g-5-6-12-southwest-yukon-1-5,"Preliminary geological map of the Quill Creek area (parts of NTS 115G/5, 6, 12), southwest Yukon (1:50 000 scale)",0,0,0,0,2,information,yukon-geological-survey,2011-04-04T03:04:25,2011-04-04T03:04:25,2011,2011
stewart-river-placer-project-station-location-map-portions-of-nts-sheets-116bandc-and-115nando-,"Stewart River Placer Project station location map, portions of NTS Sheets 116B&C and 115N&O (1:250,000 scale)",0,0,0,0,2,information,yukon-geological-survey,2011-04-04T03:04:25,2011-04-04T03:04:25,2011,2011
shaded-magnetic-first-vertical-derivative-yukon-territory-northwest-territories-116p-sw-se,"Shaded Magnetic First Vertical Derivative, Yukon Territory/Northwest Territories, 116P/SW-SE",0,0,0,0,2,information,yukon-geological-survey,2011-04-04T03:04:25,2011-04-04T03:04:25,2011,2011
preliminary-geology-of-nts-95d-8-northern-toobally-lakes-area-southeast-yukon-1-50000-scale,"Preliminary geology of NTS 95D/8 (northern Toobally Lakes area), southeast Yukon (1:50,000 scale)",0,0,0,0,2,information,yukon-geological-survey,2011-04-04T03:04:25,2011-04-04T03:04:25,2011,2011
the-isotopic-sulphur-composition-of-two-barite-samples-from-rose-mountain-area-near-faro-yukon,"The isotopic sulphur composition of two barite samples from Rose Mountain area near Faro, Yukon",0,0,0,0,2,information,yukon-geological-survey,2011-04-04T03:04:25,2011-04-04T03:04:25,2011,2011
yukon-geoscience-needs-results-of-the-third-yukon-geoscience-planning-workshop,Yukon Geoscience Needs: Results of the Third Yukon Geoscience Planning Workshop,0,0,0,0,2,information,yukon-geological-survey,2011-04-04T03:04:25,2011-04-04T03:04:25,2011,2011
yukon-minfile-complete-map-and-text-version-for-the-entire-yukon,Yukon MINFILE - Complete map and text version (for the entire Yukon),0,0,0,0,1,information,yukon-geological-survey,2011-04-04T03:04:25,2011-04-04T03:04:25,2011,2011
yukon-mining-development-and-exploration-overview-2003,"Yukon Mining, Development and Exploration Overview 2003",0,0,0,0,2,information,yukon-geological-survey,2011-04-04T03:04:25,2011-04-04T03:04:25,2011,2011
yukon-placer-mining-industry-1998-2002,Yukon Placer Mining Industry 1998-2002,0,0,0,0,2,information,yukon-geological-survey,2011-04-04T03:04:25,2011-04-04T03:04:25,2011,2011
geological-map-of-part-of-waters-creek-and-fire-lake-map-areas-part-of-nts-105g-12-southeastern,"Geological map of part of Waters Creek and Fire Lake map areas (part of NTS 105G/1,2), southeastern Yukon",0,0,0,0,2,information,yukon-geological-survey,2011-04-04T03:04:25,2011-04-04T03:04:25,2011,2011
geology-of-thirty-seven-mile-creek-map-area-105d-13-southern-yukon-1-50-000-scale,"Geology of Thirty-seven Mile Creek map area (105D/13), southern Yukon (1:50 000 scale)",0,0,0,0,2,information,yukon-geological-survey,2011-04-04T03:04:25,2011-04-04T03:04:25,2011,2011
bedrock-geology-of-lansing-range-map-area-nts-105n-central-yukon,"Bedrock geology of Lansing Range map area (NTS 105N), central Yukon",0,0,0,0,2,information,yukon-geological-survey,2011-04-04T03:04:25,2011-04-04T03:04:25,2011,2011
evidence-for-two-magmas-within-the-eocene-sloko-skukum-volcanics,Evidence for two magmas within the Eocene Sloko-Skukum volcanics,0,0,0,0,1,information,yukon-geological-survey,2011-04-04T03:04:25,2011-04-04T03:04:25,2011,2011
bedrock-geology-compilation-of-the-anvil-district-parts-of-nts-105k-23567-and-11-central-yukon,"Bedrock geology compilation of the Anvil District (parts of NTS 105K/2,3,5,6,7 and 11), central Yukon",0,0,0,0,2,information,yukon-geological-survey,2011-04-04T03:04:25,2011-04-04T03:04:25,2011,2011
geology-of-mount-mclintock-map-area-105d-16-southern-yukon-1-50-000-scale,"Geology of Mount M'Clintock map area (105D/16), southern Yukon (1:50 000 scale)",0,0,0,0,2,information,yukon-geological-survey,2011-04-04T03:04:25,2011-04-04T03:04:25,2011,2011
geology-of-southwestern-yukon,Geology of Southwestern Yukon,0,0,0,0,2,information,yukon-geological-survey,2011-04-04T03:04:25,2011-04-04T03:04:25,2011,2011
placer-geology-of-the-stewart-river-115nando-and-part-of-the-dawson-116bandc-map-areas-west-cen,"Placer geology of the Stewart River (115N&O) and part of the Dawson (116B&C) map areas, west-central Yukon, Canada",0,0,0,0,4,information,yukon-geological-survey,2011-04-04T03:04:25,2011-04-04T03:04:25,2011,2011
early-jurassic-porphyry-copper-gold-deposits-at-minto-and-williams-creek-carmacks-copper-belt-w,"Early Jurassic porphyry(?) copper (-gold) deposits at Minto and Williams Creek, Carmacks Copper Belt, western Yukon",0,0,0,0,2,information,yukon-geological-survey,2011-04-04T03:04:25,2011-04-04T03:04:25,2011,2011
geological-map-of-mount-mye-105k-6-w-central-yukon-1-25-000-scale,"Geological Map of Mount Mye (105K/6 W), Central Yukon  (1:25 000 scale)",0,0,0,0,2,information,yukon-geological-survey,2011-04-04T03:04:24,2011-04-04T03:04:24,2011,2011
geological-map-of-rose-mountain-105k-5-nw-central-yukon-1-25-000-scale,"Geological Map of Rose Mountain (105K/5 NW), Central Yukon (1:25 000 scale)",0,0,0,0,2,information,yukon-geological-survey,2011-04-04T03:04:24,2011-04-04T03:04:24,2011,2011
geological-map-of-slats-creek-area-nts-106d-16-wernecke-mountains-yukon,"Geological Map of Slats Creek Area (NTS 106D/16), Wernecke Mountains, Yukon",0,0,0,0,2,information,yukon-geological-survey,2011-04-04T03:04:24,2011-04-04T03:04:24,2011,2011
geological-map-of-swim-lakes-105k-2-w-central-yukon-1-25000-scale,"Geological map of Swim Lakes (105K/2 W), central Yukon (1:25000 scale)",0,0,0,0,1,information,yukon-geological-survey,2011-04-04T03:04:24,2011-04-04T03:04:24,2011,2011
geological-map-of-the-hopkins-lake-area-southwest-yukon-115h-7,"Geological Map of the Hopkins Lake Area, Southwest Yukon (115H/7)",0,0,0,0,2,information,yukon-geological-survey,2011-04-04T03:04:24,2011-04-04T03:04:24,2011,2011
geological-map-of-the-sprague-creek-map-area-115-p-15-western-selwyn-basin-yukon,"Geological Map of the Sprague Creek Map Area (115 P/15), Western Selwyn Basin, Yukon",0,0,0,0,2,information,yukon-geological-survey,2011-04-04T03:04:24,2011-04-04T03:04:24,2011,2011
geological-map-of-truitt-creek-nts-105l-1-central-yukon-1-50-000-scale,"Geological map of Truitt Creek (NTS 105L/1), central Yukon (1:50 000 scale)",0,0,0,0,2,information,yukon-geological-survey,2011-04-04T03:04:24,2011-04-04T03:04:24,2011,2011
geology-and-mineral-occurrences-of-slats-creek-fairchild-lake-and-dolores-creek-areas-wernecke-,"Geology and Mineral Occurrences of Slats Creek, Fairchild Lake and ""Dolores Creek"" Areas, Wernecke Mountains (106D/16, 106C/13, 106C/14), Yukon Territory",0,0,0,0,2,information,yukon-geological-survey,2011-04-04T03:04:24,2011-04-04T03:04:24,2011,2011
geology-of-106d-8-and-7-east-half-map-areas,Geology of 106D/8 & 7 (East Half) Map Areas,0,0,0,0,2,information,yukon-geological-survey,2011-04-04T03:04:24,2011-04-04T03:04:24,2011,2011
multisensor-airborne-geophysical-survey-stewart-river-area-parts-of-115n-7,"Multisensor Airborne Geophysical Survey, Stewart River Area (Parts of 115N/7)",0,0,0,0,12,information,yukon-geological-survey,2011-04-04T03:04:24,2011-04-04T03:04:24,2011,2011
geology-of-the-mt-westman-map-area-106d-1,Geology of the Mt. Westman Map Area (106D/1),0,0,0,0,2,information,yukon-geological-survey,2011-04-04T03:04:24,2011-04-04T03:04:24,2011,2011
preliminary-geological-map-of-little-salmon-range-parts-of-105l-1-2-and-7-central-yukon-1-50-00,"Preliminary Geological Map of Little Salmon Range (Parts of 105L/1, 2 & 7), Central Yukon (1:50 000 scale)",0,0,0,0,2,information,yukon-geological-survey,2011-04-04T03:04:24,2011-04-04T03:04:24,2011,2011
surficial-geological-map-of-black-hills-creek-115o-7-and-parts-of-115o-2-115o-6-and-115o-10-ste,"Surficial Geological Map of Black Hills Creek (115O/7) and Parts of 115O/2, 115O/6 and 115O/10, Stewart River, Yukon",0,0,0,0,2,information,yukon-geological-survey,2011-04-04T03:04:24,2011-04-04T03:04:24,2011,2011
surficial-geological-map-of-stewart-river-valley-parts-of-115o-8-115p-5-12,"Surficial Geological Map of Stewart River Valley (Parts of 115O/8, 115P/5, 12)",0,0,0,0,2,information,yukon-geological-survey,2011-04-04T03:04:24,2011-04-04T03:04:24,2011,2011
surficial-geological-map-of-the-yukon-river-and-sixtymile-river-valleys-parts-of-115o-5-12-and-,"Surficial Geological Map of the Yukon River and Sixtymile River valleys (parts of 115O/5, 12 and 115N/9), western Yukon",0,0,0,0,2,information,yukon-geological-survey,2011-04-04T03:04:24,2011-04-04T03:04:24,2011,2011
surficial-geology-map-of-mount-mye-and-faro-105k-3-and-6-w-central-yukon,"Surficial Geology Map of Mount Mye and Faro (105K/3 & 6 W), central Yukon",0,0,0,0,2,information,yukon-geological-survey,2011-04-04T03:04:24,2011-04-04T03:04:24,2011,2011
surficial-geology-map-of-rose-mountain-105k-5-se-central-yukon,"Surficial Geology Map of Rose Mountain (105K/5 SE), Central Yukon",0,0,0,0,2,information,yukon-geological-survey,2011-04-04T03:04:24,2011-04-04T03:04:24,2011,2011
surficial-geology-of-mount-haldane-map-area-central-yukon-105m-13,"Surficial Geology of Mount Haldane Map Area, Central Yukon (105M/13)",0,0,0,0,2,information,yukon-geological-survey,2011-04-04T03:04:24,2011-04-04T03:04:24,2011,2011
stewart-river-placer-project-resource-appraisal-map-for-placer-gold-in-the-stewart-river-115n-o,"Stewart River Placer Project, Resource Appraisal Map for Placer Gold in the Stewart River (115N/O) and part of the Dawson (116B/C) map areas, Yukon (1:250 000 scale)",0,0,0,0,2,information,yukon-geological-survey,2011-04-04T03:04:24,2011-04-04T03:04:24,2011,2011
bedrock-geology-and-mineralization-of-the-klondike-area-east-115o-9101114-1516-and-116b-2-yukon,"Bedrock Geology and Mineralization of the Klondike Area (East), 115O/9,10,11,14, 15,16 and 116B/2, Yukon",0,0,0,0,2,information,yukon-geological-survey,2011-04-04T03:04:24,2011-04-04T03:04:24,2011,2011
geological-map-of-seattle-creek-map-area-western-selwyn-basin-yukon-115p-16,"Geological Map of Seattle Creek Map Area, Western Selwyn Basin, Yukon (115P/16)",0,0,0,0,2,information,yukon-geological-survey,2011-04-04T03:04:24,2011-04-04T03:04:24,2011,2011
geological-map-of-wolverine-creek-115i-12-dawson-range-yukon,"Geological Map of Wolverine Creek  (115I/12), Dawson Range, Yukon",0,0,0,0,2,information,yukon-geological-survey,2011-04-04T03:04:24,2011-04-04T03:04:24,2011,2011
bedrock-geology-of-mayo-map-area-central-yukon-nts-105m,"Bedrock geology of Mayo map area, central Yukon (NTS 105M)",0,0,0,0,2,information,yukon-geological-survey,2011-04-04T03:04:24,2011-04-04T03:04:24,2011,2011
surficial-geology-map-and-till-geochemistry-of-mt-mye-and-faro-105k-3-e-and-6-e-central-yukon,"Surficial Geology Map and Till Geochemistry of Mt. Mye and Faro (105K/3 E & 6 E), central Yukon",0,0,0,0,2,information,yukon-geological-survey,2011-04-04T03:04:24,2011-04-04T03:04:24,2011,2011
geological-map-of-sprague-creek-map-area-western-selwyn-basin-yukon-nts-115p-15,"Geological Map of Sprague Creek Map Area, Western Selwyn Basin, Yukon,  NTS 115P/15",0,0,0,0,2,information,yukon-geological-survey,2011-04-04T03:04:24,2011-04-04T03:04:24,2011,2011
geological-map-of-clear-creek-map-area-western-selwyn-basin-yukon-115p-14,"Geological Map of Clear Creek Map Area, Western Selwyn Basin, Yukon (115P/14)",0,0,0,0,2,information,yukon-geological-survey,2011-04-04T03:04:24,2011-04-04T03:04:24,2011,2011
glacial-limits-and-ice-flow-map-mayo-area-central-yukon,"Glacial Limits and Ice-Flow Map, Mayo Area, Central Yukon",0,0,0,0,2,information,yukon-geological-survey,2011-04-04T03:04:24,2011-04-04T03:04:24,2011,2011
surficial-geology-of-garner-creek-nts-115o-13,"Surficial Geology of Garner Creek, NTS 115O/13",0,0,0,1,2,information,yukon-geological-survey,2011-04-04T03:04:24,2011-04-04T03:04:24,2011,2011
geological-map-of-dolores-creek-map-area-106c-14-wernecke-mountains-yukon,"Geological Map of Dolores Creek Map Area (106C/14), Wernecke Mountains, Yukon",0,0,0,1,2,information,yukon-geological-survey,2011-04-04T03:04:24,2011-04-04T03:04:24,2011,2011
geological-map-of-keno-hill-area-yukon-105m-14,"Geological map of Keno Hill area, Yukon (105M/14)",0,0,0,0,2,information,yukon-geological-survey,2011-04-04T03:04:24,2011-04-04T03:04:24,2011,2011
geological-map-of-faro-nts-105k-3-ne-and-mount-mye-nts-105k-6-se-central-yukon-1-25-000-scale,"Geological Map of Faro (NTS 105K/3 NE) & Mount Mye (NTS 105K/6 SE), Central Yukon  (1:25 000 scale)",0,0,0,0,2,information,yukon-geological-survey,2011-04-04T03:04:24,2011-04-04T03:04:24,2011,2011
surficial-geology-of-matson-creek-and-ogilvie-nts-115n-9-and-1150-12,"Surficial Geology of Matson Creek and Ogilvie, NTS 115N/9 and 1150/12",0,0,0,0,2,information,yukon-geological-survey,2011-04-04T03:04:24,2011-04-04T03:04:24,2011,2011
geological-map-of-west-lake-map-area-105-n-9-hess-mountains-east-central-yukon,"Geological Map of West Lake Map Area (105 N/9), Hess Mountains, East-Central Yukon",0,0,0,0,2,information,yukon-geological-survey,2011-04-04T03:04:24,2011-04-04T03:04:24,2011,2011
geology-of-two-beaver-lake-map-area-eastern-ogilvie-mountains-yukon-nts-116a-11,"Geology of Two Beaver Lake Map Area, Eastern Ogilvie Mountains, Yukon (NTS 116A/11)",0,0,0,2,2,information,yukon-geological-survey,2011-04-04T03:04:24,2011-04-04T03:04:24,2011,2011
assessment-of-long-term-vegetation-and-site-conditions-at-reclaimed-yukon-mineral-exploration-s,Assessment of Long-Term Vegetation and Site Conditions at Reclaimed Yukon Mineral Exploration Sites,0,0,0,0,2,information,yukon-geological-survey,2011-04-04T03:04:23,2011-04-04T03:04:23,2011,2011
aboriginal-participation-in-the-mining-industry-of-canada-1996,Aboriginal Participation in the Mining Industry of Canada 1996,0,0,0,0,1,information,yukon-geological-survey,2011-04-04T03:04:23,2011-04-04T03:04:23,2011,2011
geological-map-of-thirty-seven-mile-creek-area-southern-yukon-105d-13,"Geological Map of Thirty-seven Mile Creek Area, Southern Yukon (105D/13)",0,0,0,0,2,information,yukon-geological-survey,2011-04-04T03:04:23,2011-04-04T03:04:23,2011,2011
geology-of-mount-mclintock-map-area-southern-yukon-nts-105d-16,"Geology of Mount M'Clintock Map Area, Southern Yukon (NTS 105D/16)",0,0,0,0,2,information,yukon-geological-survey,2011-04-04T03:04:23,2011-04-04T03:04:23,2011,2011
geology-of-sab-lake-105b-7-and-meister-lake-105b-8-yukon,"Geology of Sab Lake (105B/7) and Meister Lake (105B/8 ), Yukon",0,0,0,0,2,information,yukon-geological-survey,2011-04-04T03:04:23,2011-04-04T03:04:23,2011,2011
preliminary-geological-map-of-mount-mclintock-map-area-yukon-105d-16,"Preliminary Geological Map of Mount M'Clintock Map Area, Yukon (105D/16)",0,0,0,0,1,information,yukon-geological-survey,2011-04-04T03:04:23,2011-04-04T03:04:23,2011,2011
surficial-geology-and-till-geochemistry-of-weasel-lake-105g-13-central-yukon,"Surficial geology and till geochemistry of Weasel Lake (105G/13), central Yukon",0,0,0,0,2,information,yukon-geological-survey,2011-04-04T03:04:23,2011-04-04T03:04:23,2011,2011
yukon-quaternary-geology-volume-1-1996,Yukon Quaternary Geology - Volume 1 - 1996,0,0,0,0,2,information,yukon-geological-survey,2011-04-04T03:04:23,2011-04-04T03:04:23,2011,2011
geological-map-of-pool-creek-nts-95c-5-southeastern-yukon-1-50000-scale,"Geological Map of Pool Creek (NTS 95C/5), southeastern Yukon (1:50000 scale)",0,0,0,0,2,information,yukon-geological-survey,2011-04-04T03:04:23,2011-04-04T03:04:23,2011,2011
gold-silver-deposits-and-occurrences-in-yukon-territory,Gold-Silver Deposits and Occurrences in Yukon Territory,0,0,0,0,2,information,yukon-geological-survey,2011-04-04T03:04:23,2011-04-04T03:04:23,2011,2011
mineral-potential-map-of-the-city-of-whitehorse,Mineral Potential Map of the City of Whitehorse,0,0,0,0,2,information,yukon-geological-survey,2011-04-04T03:04:23,2011-04-04T03:04:23,2011,2011
1987-yukon-mining-and-exploration-overview,1987 Yukon Mining and Exploration Overview,0,0,0,0,2,information,yukon-geological-survey,2011-04-04T03:04:23,2011-04-04T03:04:23,2011,2011
natural-land-reclamation-for-mineral-exploration-properties-and-placer-mines-in-yukon,Natural Land Reclamation for Mineral Exploration Properties & Placer Mines in Yukon,0,0,0,0,3,information,yukon-geological-survey,2011-04-04T03:04:23,2011-04-04T03:04:23,2011,2011
investigation-into-the-reprocessing-of-elsa-tailings,Investigation into the Reprocessing of Elsa Tailings,0,0,0,0,2,information,yukon-geological-survey,2011-04-04T03:04:23,2011-04-04T03:04:23,2011,2011
the-whitehorse-copper-belt-a-compilation,The Whitehorse Copper Belt - A Compilation,0,0,0,0,2,information,yukon-geological-survey,2011-04-04T03:04:23,2011-04-04T03:04:23,2011,2011
geological-map-of-joe-mountain-map-area-southern-yukon-territory-nts-105d-15,"Geological Map of Joe Mountain Map Area, Southern Yukon Territory (NTS 105D/15)",0,0,0,0,2,information,yukon-geological-survey,2011-04-04T03:04:23,2011-04-04T03:04:23,2011,2011
preliminary-geological-map-of-northern-wolverine-lake-area-pelly-mountains-southeastern-yukon-1,"Preliminary geological map of northern Wolverine Lake area, Pelly Mountains, southeastern Yukon (105G/8, north half)",0,0,0,0,2,information,yukon-geological-survey,2011-04-04T03:04:23,2011-04-04T03:04:23,2011,2011
geological-geochemical-and-geophysical-exploration-for-diamonds-in-yukon,"Geological, Geochemical and Geophysical Exploration for Diamonds in Yukon",0,6,0,0,2,information,yukon-geological-survey,2011-04-04T03:04:23,2011-04-04T03:04:23,2011,2011
a-brief-history-of-placer-mining-in-the-yukon,A Brief History of Placer Mining in the Yukon,0,0,0,1,2,information,yukon-geological-survey,2011-04-04T03:04:23,2011-04-04T03:04:23,2011,2011
preliminary-geology-map-of-the-mount-skukum-volcanic-complex-105-d-2345,"Preliminary Geology Map of the Mount Skukum Volcanic Complex (105/D 2,3,4,5)",0,0,0,0,2,information,yukon-geological-survey,2011-04-04T03:04:23,2011-04-04T03:04:23,2011,2011
yukon-placer-mining-industry-1989-1990,Yukon Placer Mining Industry 1989-1990,0,0,0,0,2,information,yukon-geological-survey,2011-04-04T03:04:23,2011-04-04T03:04:23,2011,2011
use-of-diffuser-systems-for-dispersion-of-placer-mining-effluent,Use of Diffuser Systems for Dispersion of Placer Mining Effluent,0,0,0,1,2,information,yukon-geological-survey,2011-04-04T03:04:23,2011-04-04T03:04:23,2011,2011
thermal-maturation-and-source-rock-potential-of-the-tantalus-formation-whitehorse-area-southern,"Thermal maturation and source rock potential of the Tantalus Formation, Whitehorse area, southern Yukon Territory",0,0,0,0,1,information,yukon-geological-survey,2011-04-04T03:04:21,2011-04-04T03:04:21,2011,2011
the-upper-proterozoic-redstone-copper-belt-mackenzie-mountains-n-w-t,"The Upper Proterozoic Redstone Copper Belt, Mackenzie Mountains, N.W.T.",0,0,0,0,1,information,yukon-geological-survey,2011-04-04T03:04:21,2011-04-04T03:04:21,2011,2011
character-of-unoxidized-gold-silver-mineralization-and-its-relationship-to-beneficiation-at-the,"Character of unoxidized gold-silver mineralization and its relationship to beneficiation at the Brown-McDade Zone, Mt. Nansen Property, south-central Yukon",0,0,0,0,1,information,yukon-geological-survey,2011-04-04T03:04:19,2011-04-04T03:04:19,2011,2011
cobalt-nickel-and-manganese-in-pyrite-from-faro-no-1-vangorda-and-swim-lakes-deposits-anvil-ran,"Cobalt, nickel and manganese in pyrite from Faro No. 1, Vangorda and Swim Lakes deposits, Anvil Range, Yukon Territory",0,0,0,0,1,information,yukon-geological-survey,2011-04-04T03:04:17,2011-04-04T03:04:17,2011,2011
middle-devonian-stromatoporoids-from-northern-yukon-territory-and-adjacent-district-of-mackenzi,Middle Devonian stromatoporoids from northern Yukon Territory and adjacent District of Mackenzie,0,0,0,0,1,information,yukon-geological-survey,2011-04-04T03:04:15,2011-04-04T03:04:15,2011,2011
mines-and-important-mineral-deposits-of-the-yukon-and-northwest-territories-1982,"Mines and important mineral deposits of the Yukon and Northwest Territories, 1982",0,0,0,0,1,information,yukon-geological-survey,2011-04-04T03:04:15,2011-04-04T03:04:15,2011,2011
palynology-and-paleoecology-of-the-mattson-formation-northwest-canada,"Palynology and paleoecology of the Mattson Formation, northwest Canada",0,0,0,0,1,information,yukon-geological-survey,2011-04-04T03:04:15,2011-04-04T03:04:15,2011,2011
the-geology-and-ore-deposits-of-the-howards-pass-area-yukon-and-northwest-territories-the-origi,"The geology and ore deposits of the Howards Pass area, Yukon and Northwest Territories: The origin of basinal sedimentary stratiform sulphide deposits",0,0,0,0,1,information,yukon-geological-survey,2011-04-04T03:04:15,2011-04-04T03:04:15,2011,2011
the-rapitan-group-southeastern-mackenzie-mountains-northwest-territories,"The Rapitan Group, southeastern Mackenzie Mountains Northwest Territories",0,0,0,0,1,information,yukon-geological-survey,2011-04-04T03:04:15,2011-04-04T03:04:15,2011,2011
geology-and-genesis-of-pyrite-sphalerite-galena-concentrations-in-proterozoic-quartzite-at-quar,"Geology and genesis of pyrite-sphalerite-galena concentrations in Proterozoic quartzite at Quartz Lake, Yukon Territory",0,0,0,0,1,information,yukon-geological-survey,2011-04-04T03:04:14,2011-04-04T03:04:14,2011,2011
investigations-of-thermokarst-development-and-climatic-change-in-the-yukon-territory,Investigations of thermokarst development and climatic change in the Yukon Territory,0,0,0,0,1,information,yukon-geological-survey,2011-04-04T03:04:14,2011-04-04T03:04:14,2011,2011
lower-and-middle-jurassic-stratigraphy-and-ammonite-fauna-of-the-northern-whitehorse-trough-yuk,"Lower and Middle Jurassic stratigraphy and ammonite fauna of the northern Whitehorse Trough, Yukon, Canada",0,0,0,0,1,information,yukon-geological-survey,2011-04-04T03:04:14,2011-04-04T03:04:14,2011,2011
glacial-history-paleogeography-and-paleoenvironments-in-glaciated-north-america,"Glacial history, paleogeography and paleoenvironments in glaciated North America",0,0,0,0,1,information,yukon-geological-survey,2011-04-04T03:04:12,2011-04-04T03:04:12,2011,2011
snow-pack-development-and-ground-freezing-blackstone-uplands-yukon-territory,"Snow-pack development and ground freezing, Blackstone Uplands, Yukon Territory",0,0,0,0,1,information,yukon-geological-survey,2011-04-04T03:04:12,2011-04-04T03:04:12,2011,2011
the-paleogeography-of-glacial-lake-laberge,The paleogeography of glacial lake Laberge.,0,0,0,0,1,information,yukon-geological-survey,2011-04-04T03:04:12,2011-04-04T03:04:12,2011,2011
age-and-faunas-of-the-ogilvie-formation-devonian-northern-yukon,"Age and faunas of the Ogilvie Formation (Devonian), northern Yukon",0,0,0,0,1,information,yukon-geological-survey,2011-04-04T03:04:11,2011-04-04T03:04:11,2011,2011
field-kinetic-and-thermodynamic-studies-of-magmatic-assimilation-in-the-northern-cordilleran-vo,"Field, kinetic, and thermodynamic studies of magmatic assimilation in the Northern Cordilleran volcanic province, northwestern British Columbia",0,0,0,0,1,information,yukon-geological-survey,2011-04-04T03:04:11,2011-04-04T03:04:11,2011,2011
mineralogical-study-and-trend-surface-anaysis-of-the-lad-group-yukon-territory,"Mineralogical study and trend surface anaysis of the LAD Group, Yukon Territory",0,0,0,0,2,information,yukon-geological-survey,2011-04-04T03:04:11,2011-04-04T03:04:11,2011,2011
geology-k-ar-and-rb-sr-geochemistry-and-chemistry-of-the-scheelite-dome-tungsten-bearing-skarn-,"Geology, K-Ar and Rb-Sr geochemistry and chemistry of the Scheelite Dome Tungsten Bearing Skarn Property",0,0,0,0,1,information,yukon-geological-survey,2011-04-04T03:04:11,2011-04-04T03:04:11,2011,2011
processes-and-rates-of-development-of-talus-slopes-and-protalus-rock-glaciers-in-the-ogilvie-an,"Processes and rates of development of talus slopes and protalus rock glaciers in the Ogilvie and Wernecke Mountains, Yukon Territory",0,0,0,0,1,information,yukon-geological-survey,2011-04-04T03:04:11,2011-04-04T03:04:11,2011,2011
the-bennett-lake-cauldron-subsidence-complex-british-columbia-and-yukon-territory,"The Bennett Lake cauldron subsidence complex, British Columbia and Yukon Territory",0,0,0,0,1,information,yukon-geological-survey,2011-04-04T03:04:11,2011-04-04T03:04:11,2011,2011
the-petrology-geochemistry-and-economic-geology-of-the-pegmatitic-gabbro-and-skarn-rock-from-th,"The petrology, geochemistry and economic geology of the pegmatitic gabbro and skarn rock from the Well Green Deposit, Yukon Territory",0,0,0,0,1,information,yukon-geological-survey,2011-04-04T03:04:11,2011-04-04T03:04:11,2011,2011
the-stratigraphy-and-structure-of-the-keno-hill-quartzite-in-tombstone-area-central-yukon,"The stratigraphy and structure of the 'Keno Hill quartzite' in Tombstone area, central Yukon",0,0,0,0,1,information,yukon-geological-survey,2011-04-04T03:04:11,2011-04-04T03:04:11,2011,2011
geologic-setting-and-petrology-of-the-proterozoic-ogilvie-mountains-breccia-of-the-coal-creek-i,"Geologic setting and petrology of the Proterozoic Ogilvie Mountains breccia of the Coal Creek inlier, southern Ogilvie Mountains, Yukon Territory",0,0,0,0,1,information,yukon-geological-survey,2011-04-04T03:04:10,2011-04-04T03:04:10,2011,2011
geology-and-magnetic-properties-of-an-ultrabasic-body-at-tower-peak-yukon-territory,"Geology and magnetic properties of an ultrabasic body at Tower Peak, Yukon Territory",0,0,0,0,1,information,yukon-geological-survey,2011-04-04T03:04:10,2011-04-04T03:04:10,2011,2011
geology-mineralogy-and-petrogenesis-of-tin-bearing-breccia-veins-at-oliver-creek-mcquesten-rive,"Geology, mineralogy and petrogenesis of tin-bearing breccia/veins at Oliver Creek, McQuesten River area, Yukon",0,0,0,0,1,information,yukon-geological-survey,2011-04-04T03:04:10,2011-04-04T03:04:10,2011,2011
petrology-and-mineralogy-of-the-yukon-antimony-stibnite-deposit-yukon-territory,"Petrology and mineralogy of the Yukon antimony stibnite deposit, Yukon Territory",0,0,0,0,1,information,yukon-geological-survey,2011-04-04T03:04:10,2011-04-04T03:04:10,2011,2011
the-geology-and-mineralogy-of-the-brown-mcdade-mine,The geology and mineralogy of the Brown McDade Mine,0,0,0,0,1,information,yukon-geological-survey,2011-04-04T03:04:10,2011-04-04T03:04:10,2011,2011
the-seagull-creek-batholith-and-its-metamorphic-aureole,The Seagull Creek Batholith and its metamorphic aureole,0,0,0,0,1,information,yukon-geological-survey,2011-04-04T03:04:10,2011-04-04T03:04:10,2011,2011
coal-in-the-yukon,Coal in the Yukon,0,0,0,0,1,information,yukon-geological-survey,2011-04-04T03:04:09,2011-04-04T03:04:09,2011,2011
granitic-rocks-and-associated-mineral-deposits-of-the-whitehorse-map-area-yukon-territory-1,"Granitic rocks and associated mineral deposits of the Whitehorse map - area, Yukon Territory",0,0,0,0,1,information,yukon-geological-survey,2011-04-04T03:04:09,2011-04-04T03:04:09,2011,2011
floodbed-sedimentology-a-new-method-to-reconstruct-paleo-ice-jam-flood-frequency,Floodbed sedimentology: A new method to reconstruct paleo-ice-jam flood frequency,0,0,0,0,1,information,yukon-geological-survey,2011-04-04T03:04:09,2011-04-04T03:04:09,2011,2011
a-fluid-inclusion-and-stable-isotope-study-of-mesothermal-gold-quartz-veins-in-the-klondike-sch,"A fluid inclusion and stable isotope study of mesothermal gold-quartz veins in the Klondike Schists, Yukon Territory",0,0,0,0,1,information,yukon-geological-survey,2011-04-04T03:04:08,2011-04-04T03:04:08,2011,2011
drift-prospecting-and-till-geochemistry-in-tintina-trench-southeastern-yukon,"Drift prospecting and till geochemistry in Tintina Trench, southeastern Yukon",0,0,0,0,1,information,yukon-geological-survey,2011-04-04T03:04:08,2011-04-04T03:04:08,2011,2011
geology-of-the-dublin-gulch-tungsten-skarn-deposits-yukon-territory,"Geology of the Dublin Gulch tungsten skarn deposits, Yukon Territory",0,0,0,0,1,information,yukon-geological-survey,2011-04-04T03:04:08,2011-04-04T03:04:08,2011,2011
genesis-of-the-blende-carbonate-hosted-zn-pb-ag-deposit-north-central-yukon-territory-geologic-,"Genesis of the Blende Carbonate hosted ZN-Pb-Ag deposit, north central Yukon Territory: Geologic, fluid inclusion and isotopic constraints",0,0,0,0,1,information,yukon-geological-survey,2011-04-04T03:04:08,2011-04-04T03:04:08,2011,2011
the-deforming-bed-beneath-a-surge-type-glacier-measurement-of-mechanical-and-electrical-propert,The deforming bed beneath a surge-type glacier; measurement of mechanical and electrical properties,0,0,0,0,1,information,yukon-geological-survey,2011-04-04T03:04:08,2011-04-04T03:04:08,2011,2011
the-mineralogy-of-some-heavy-sands-klondike-mining-district-yukon,"The mineralogy of some heavy sands, Klondike Mining District, Yukon",0,0,0,0,1,information,yukon-geological-survey,2011-04-04T03:04:08,2011-04-04T03:04:08,2011,2011
the-petrology-of-nisling-and-ruby-range-volcanic-and-plutonic-rocks-yukon-territory,"The petrology of Nisling and Ruby Range volcanic and plutonic rocks, Yukon Territory",0,0,0,0,1,information,yukon-geological-survey,2011-04-04T03:04:08,2011-04-04T03:04:08,2011,2011
energy-exchange-during-river-icing-formation-in-a-subarctic-environment-yukon-territory,"Energy exchange during river icing formation in a subarctic environment, Yukon Territory",0,0,0,0,1,information,yukon-geological-survey,2011-04-04T03:04:07,2011-04-04T03:04:07,2011,2011
geology-of-the-spearhead-mountain-stock-sheldon-lake-map-sheet-yukon-territory,"Geology of the Spearhead Mountain Stock, Sheldon Lake Map sheet, Yukon Territory",0,0,0,0,2,information,yukon-geological-survey,2011-04-04T03:04:07,2011-04-04T03:04:07,2011,2011
the-ground-sloth-megalonyx-from-pleistocene-deposits-of-the-old-crow-basin-yukon-canada,"The ground sloth Megalonyx from Pleistocene deposits of the Old Crow Basin, Yukon, Canada",0,0,0,0,2,information,yukon-geological-survey,2011-04-04T03:04:07,2011-04-04T03:04:07,2011,2011
aspects-of-the-surficial-geology-and-permafrost-conditions-klondike-goldfields-and-dawson-city-,"Aspects of the surficial geology and permafrost conditions, Klondike Goldfields and Dawson City, Yukon Territory",0,0,0,0,1,information,yukon-geological-survey,2011-04-04T03:04:06,2011-04-04T03:04:06,2011,2011
geology-and-genesis-of-copper-deposits-and-associated-host-rocks-in-and-near-the-quill-creek-ar,"Geology and genesis of copper deposits and associated host rocks in and near the Quill Creek area, southwestern Yukon",0,0,0,0,1,information,yukon-geological-survey,2011-04-04T03:04:06,2011-04-04T03:04:06,2011,2011
investigation-of-some-rock-avalanches-in-the-mackenzie-mountains,Investigation of some rock avalanches in the Mackenzie Mountains,0,0,0,0,1,information,yukon-geological-survey,2011-04-04T03:04:06,2011-04-04T03:04:06,2011,2011
geology-geochemistry-and-origin-of-rusty-springs-lead-zinc-silver-deposits-yukon-territory,"Geology, geochemistry and origin of Rusty Springs lead-zinc-silver deposits, Yukon Territory",0,0,0,0,1,information,yukon-geological-survey,2011-04-04T03:04:06,2011-04-04T03:04:06,2011,2011
petrology-and-mineralogy-of-a-zinc-deposit-ross-river-district-yukon-territory,"Petrology and mineralogy of a zinc deposit, Ross River District, Yukon Territory",0,0,0,0,1,information,yukon-geological-survey,2011-04-04T03:04:06,2011-04-04T03:04:06,2011,2011
petrology-of-quaternary-alkaline-lavas-from-the-alligator-lake-volcanic-complex-yukon-territory,"Petrology of quaternary alkaline lavas from the Alligator Lake volcanic complex, Yukon Territory, Canada",0,0,0,0,1,information,yukon-geological-survey,2011-04-04T03:04:06,2011-04-04T03:04:06,2011,2011
sedimentology-of-placer-gravels-near-mt-nansen-central-yukon-territory,"Sedimentology of placer gravels near Mt. Nansen, central Yukon Territory",0,0,0,0,2,information,yukon-geological-survey,2011-04-04T03:04:06,2011-04-04T03:04:06,2011,2011
seismic-investigation-of-ice-properties-and-bedrock-topography-at-the-confluence-of-two-glacier,"Seismic investigation of ice properties and bedrock topography at the confluence of two glaciers, Kaskawulsh Glacier, Yukon Territory, Canada",0,0,0,0,1,information,yukon-geological-survey,2011-04-04T03:04:06,2011-04-04T03:04:06,2011,2011
size-distribution-of-the-white-river-ash-yukon-territory,"Size distribution of the White River Ash, Yukon Territory",0,0,0,0,1,information,yukon-geological-survey,2011-04-04T03:04:06,2011-04-04T03:04:06,2011,2011
the-pyroxenite-creek-ultramafic-complex-an-alaska-type-ultramafic-intrusion-in-the-southwest-yu,The Pyroxenite Creek Ultramafic Complex : An Alaska-type ultramafic intrusion in the southwest Yukon,0,0,0,0,1,information,yukon-geological-survey,2011-04-04T03:04:06,2011-04-04T03:04:06,2011,2011
geotectonic-motions-of-northern-cordilleran-terranes-from-paleomagnetic-measurements-with-geoth,Geotectonic motions of northern Cordilleran terranes from paleomagnetic measurements with geothermobarometric corrections,0,0,0,0,2,information,yukon-geological-survey,2011-04-04T03:04:05,2011-04-04T03:04:05,2011,2011
petrology-geochemistry-and-economic-geology-the-zeta-tin-silver-prospect-arsenic-ridge-west--03,"Petrology, geochemistry and economic geology: the Zeta tin-silver prospect, Arsenic Ridge, west-central Yukon (115P/14 and 116A/03)",0,0,0,0,1,information,yukon-geological-survey,2011-04-04T03:04:05,2011-04-04T03:04:05,2011,2011
the-redstone-bedded-copper-deposit-and-a-discussion-on-the-origin-of-red-bed-copper-deposits,The Redstone bedded copper deposit and a discussion on the origin of red bed copper deposits,0,0,0,0,1,information,yukon-geological-survey,2011-04-04T03:04:05,2011-04-04T03:04:05,2011,2011
the-sedimentology-and-paleogeography-of-glacial-lake-champagne-southern-yukon-territory,"The sedimentology and paleogeography of Glacial Lake Champagne, southern Yukon Territory",0,0,0,0,1,information,yukon-geological-survey,2011-04-04T03:04:05,2011-04-04T03:04:05,2011,2011
a-geochemical-and-sm-nd-isotopic-study-of-cordilleran-eclogites-from-the-yukon-tanana-terrane,A geochemical and Sm-Nd isotopic study of Cordilleran eclogites from the Yukon-Tanana Terrane,0,0,0,0,1,information,yukon-geological-survey,2011-04-04T03:04:04,2011-04-04T03:04:04,2011,2011
geophysical-transect-of-the-eagle-plains-foldbelt-and-richardson-mountains-anticlinorium-northe,"Geophysical transect of the Eagle Plains foldbelt and Richardson Mountains anticlinorium, northern Yukon and western Northwest Territories, Canada",0,0,0,0,1,information,yukon-geological-survey,2011-04-04T03:04:04,2011-04-04T03:04:04,2011,2011
pollen-analysis-and-taphonomy-of-locality-15-alluvial-sediments-old-crow-basin-yukon,"Pollen analysis and taphonomy of locality 15 alluvial sediments, Old Crow Basin, Yukon",0,0,0,0,1,information,yukon-geological-survey,2011-04-04T03:04:04,2011-04-04T03:04:04,2011,2011
stratigraphy-and-geochronology-of-the-cretaceous-south-fork-volcanics-southeastern-yukon-territ,"Stratigraphy and geochronology of the Cretaceous South Fork volcanics, southeastern Yukon Territory",0,0,0,0,1,information,yukon-geological-survey,2011-04-04T03:04:04,2011-04-04T03:04:04,2011,2011
surface-velocity-measurements-on-the-kaskawulsh-glacier-yukon-territory-canada,"Surface velocity measurements on the Kaskawulsh Glacier, Yukon Territory, Canada",0,0,0,0,1,information,yukon-geological-survey,2011-04-04T03:04:04,2011-04-04T03:04:04,2011,2011
sedimentology-and-paleomagnetism-of-plio-pleistocene-lower-klondike-valley-terraces-yukon-terri,"Sedimentology and paleomagnetism of Plio-Pleistocene lower Klondike Valley terraces, Yukon Territory",0,0,0,0,1,information,yukon-geological-survey,2011-04-04T03:04:04,2011-04-04T03:04:04,2011,2011
the-cryostratigraphic-and-isotopic-characteristics-of-muck-deposits-klondike-area-yukon-territo,"The cryostratigraphic and isotopic characteristics of muck deposits, Klondike area, Yukon Territory",0,0,0,0,1,information,yukon-geological-survey,2011-04-04T03:04:04,2011-04-04T03:04:04,2011,2011
late-cenozoic-history-of-mcquesten-map-area-yukon-territory-with-applications-to-placer-gold-re,"Late Cenozoic history of McQuesten map area, Yukon Territory, with applications to placer gold research",0,0,0,0,2,information,yukon-geological-survey,2011-04-04T03:04:04,2011-04-04T03:04:04,2011,2011
contributions-to-the-geodynamics-of-western-canada,Contributions to the geodynamics of Western Canada,0,0,0,0,1,information,yukon-geological-survey,2011-04-04T03:04:03,2011-04-04T03:04:03,2011,2011
protolith-influence-on-sediment-hosted-gold-deposition-petrography-and-microthermometry-of-the-,"Protolith influence on sediment hosted gold deposition, petrography and microthermometry of the Java property, Yukon Territory, Canada",0,0,0,0,1,information,yukon-geological-survey,2011-04-04T03:04:03,2011-04-04T03:04:03,2011,2011
quaternary-sedimentology-and-stratigraphy-of-the-mayo-region-yukon-territory,"Quaternary sedimentology and stratigraphy of the Mayo region, Yukon Territory",0,0,0,0,1,information,yukon-geological-survey,2011-04-04T03:04:03,2011-04-04T03:04:03,2011,2011
taphonomy-and-archaeology-in-the-upper-pleistocene-of-the-northern-yukon-territory-a-glimpse-of,Taphonomy and archaeology in the upper Pleistocene of the northern Yukon Territory; a glimpse of the peopling of the new world,0,0,0,0,2,information,yukon-geological-survey,2011-04-04T03:04:03,2011-04-04T03:04:03,2011,2011
temporal-geochemical-isotopic-and-metallogenic-studies-of-mid-cretaceous-magmatism-in-the-tinti,"Temporal, geochemical, isotopic, and metallogenic studies of mid-Cretaceous magmatism in the Tintina Gold Province, southeastern Yukon and southwestern Northwest Territories, Canada",0,0,0,0,1,information,yukon-geological-survey,2011-04-04T03:04:03,2011-04-04T03:04:03,2011,2011
aspects-of-the-quaternary-evolution-of-the-plateau-regions-of-the-northern-ruby-range-southwest,"Aspects of the Quaternary evolution of the plateau regions of the northern Ruby Range, southwest Yukon Territory",0,0,0,0,1,information,yukon-geological-survey,2011-04-04T03:04:02,2011-04-04T03:04:02,2011,2011
structural-and-tectonic-evolution-of-the-teslin-tectonic-zone-yukon-a-doubly-vergent-transpress,"Structural and tectonic evolution of the Teslin tectonic zone, Yukon: a doubly-vergent transpressive shear zone",0,0,0,0,1,information,yukon-geological-survey,2011-04-04T03:04:02,2011-04-04T03:04:02,2011,2011
taxonomic-and-biostratigraphical-significance-of-the-tremadoc-graptolite-fauna-from-northern-yu,"Taxonomic and biostratigraphical significance of the Tremadoc graptolite fauna from northern Yukon Territory, Canada",0,0,0,0,1,information,yukon-geological-survey,2011-04-04T03:04:02,2011-04-04T03:04:02,2011,2011
the-geologic-evolution-of-nisling-assemblage-and-stikine-terrane-in-the-aishihik-lake-area-sout,"The geologic evolution of Nisling Assemblage and Stikine Terrane in the Aishihik Lake area, southwest Yukon",0,0,0,0,1,information,yukon-geological-survey,2011-04-04T03:04:02,2011-04-04T03:04:02,2011,2011
volcanic-evidence-for-a-compositional-contrast-in-the-lithospheric-upper-mantle-across-the-tint,"Volcanic evidence for a compositional contrast in the lithospheric upper mantle across the Tintina Trench, southeastern Yukon, Canada",0,0,0,0,1,information,yukon-geological-survey,2011-04-04T03:04:02,2011-04-04T03:04:02,2011,2011
the-stratigraphy-and-sedimentology-of-siliciclastic-rocks-west-central-yukon-and-their-tectonic,"The stratigraphy and sedimentology of siliciclastic rocks, west-central Yukon, and their tectonic implications",0,0,0,0,1,information,yukon-geological-survey,2011-04-04T03:04:02,2011-04-04T03:04:02,2011,2011
pleistocene-geology-of-the-snag-klutlan-area-southwestern-yukon-canada,"Pleistocene geology of the Snag-Klutlan area, southwestern Yukon, Canada",0,0,0,0,1,information,yukon-geological-survey,2011-04-04T03:04:00,2011-04-04T03:04:00,2011,2011
